Patient Id,Patient Admission Date,Patient First Initial,Patient Last Name,Patient Gender,Patient Age,Patient Race,Department Referral,Patient Admission Flag,Patient Satisfaction Score,Patient Waittime,Patient CM,Waittime Normalized,Satisfaction Normalized
145-39-5406,2024-03-20 08:47:00,H,Glasspool,M,69,White,No Referral,False,10.0,39,0,0.5800000000000001,1.0
897-46-3852,2024-06-20 09:13:00,P,Schubuser,F,56,African American,General Practice,True,9.0,55,0,0.9000000000000001,0.9
358-31-9711,2024-02-04 22:34:00,U,Titcombe,F,24,Native American/Alaska Native,General Practice,True,8.0,31,0,0.42,0.8
289-26-0537,2024-09-04 17:48:00,Y,Gionettitti,M,5,African American,Orthopedics,False,5.0,10,0,0.0,0.5
432-34-5614,2024-02-19 06:54:00,E,Dewhirst,F,79,White,No Referral,False,1.0,42,0,0.6399999999999999,0.1
497-14-6812,2024-07-26 01:45:00,Q,Churchard,F,73,White,Gastroenterology,True,5.0,34,0,0.48000000000000004,0.5
393-38-9502,2024-03-10 22:02:00,N,Corpes,F,16,White,Orthopedics,False,5.0,39,0,0.5800000000000001,0.5
288-05-6370,2023-11-12 16:00:00,R,Brixey,F,16,Native American/Alaska Native,General Practice,True,5.0,53,0,0.8600000000000001,0.5
370-19-2271,2024-05-25 22:11:00,I,Scothorn,F,50,Asian,General Practice,False,5.0,35,0,0.5,0.5
728-31-2493,2023-09-04 16:15:00,W,Chittock,F,70,Asian,Physiotherapy,True,5.0,50,0,0.8,0.5
823-34-5523,2023-11-16 23:46:00,F,Prendergast,M,55,Asian,No Referral,True,2.0,40,0,0.6000000000000001,0.2
344-36-7156,2023-05-22 16:48:00,M,Mandell,F,44,Asian,No Referral,False,2.0,51,1,0.8200000000000001,0.2
455-21-3671,2023-11-17 07:24:00,D,Coste,F,11,Declined to Identify,No Referral,False,4.0,30,0,0.39999999999999997,0.4
259-10-0339,2024-01-26 05:58:00,Q,Dodridge,M,8,Asian,General Practice,False,5.0,16,0,0.12,0.5
661-92-7059,2023-04-12 21:02:00,Z,Sleightholm,M,42,African American,No Referral,False,0.0,51,0,0.8200000000000001,0.0
715-74-5338,2023-12-16 13:02:00,J,Filkin,M,22,Pacific Islander,General Practice,False,5.0,25,0,0.3,0.5
669-74-2146,2024-03-11 17:06:00,C,Bilby,F,58,Declined to Identify,Orthopedics,False,5.0,55,0,0.9000000000000001,0.5
548-93-9953,2024-04-02 13:19:00,S,O'Neill,F,73,Two or More Races,Neurology,False,5.0,46,0,0.72,0.5
334-76-4005,2023-06-30 22:38:00,J,Sibbit,M,35,White,Orthopedics,True,5.0,40,0,0.6000000000000001,0.5
278-49-6531,2024-08-05 01:33:00,L,Vannacci,F,74,White,Physiotherapy,False,0.0,20,0,0.2,0.0
285-41-0221,2024-07-12 13:12:00,N,Aggiss,M,39,Two or More Races,Orthopedics,False,5.0,52,0,0.8400000000000001,0.5
878-55-0051,2023-07-06 19:47:00,R,Harrington,F,22,African American,General Practice,False,5.0,16,0,0.12,0.5
206-25-4281,2024-06-15 13:40:00,D,Yarrington,F,72,Declined to Identify,No Referral,True,7.0,33,0,0.46,0.7000000000000001
553-27-8559,2023-05-27 06:13:00,Q,Garnsworthy,F,8,African American,General Practice,False,5.0,59,1,0.98,0.5
672-89-2190,2023-09-03 18:39:00,K,Rushmare,F,33,Declined to Identify,No Referral,True,3.0,16,0,0.12,0.30000000000000004
760-33-4176,2024-08-10 02:38:00,Q,Dear,F,45,White,Orthopedics,False,5.0,57,0,0.9400000000000002,0.5
354-75-9525,2024-09-25 16:11:00,L,Shayes,F,76,African American,General Practice,True,5.0,19,0,0.18,0.5
298-72-2588,2024-10-24 04:53:00,E,Lillistone,M,74,Two or More Races,General Practice,True,9.0,48,0,0.76,0.9
683-46-5079,2024-03-05 14:01:00,B,Gostridge,M,47,Declined to Identify,General Practice,False,5.0,45,0,0.7,0.5
882-39-1200,2023-09-19 05:19:00,P,Walak,M,10,Two or More Races,Orthopedics,False,5.0,55,0,0.9000000000000001,0.5
697-90-3233,2024-03-23 11:13:00,W,Escale,M,54,Two or More Races,No Referral,False,10.0,58,0,0.96,1.0
481-99-0791,2024-01-14 06:07:00,Y,Silveston,F,15,White,No Referral,True,7.0,12,0,0.03999999999999998,0.7000000000000001
218-42-0736,2024-04-26 09:19:00,T,Dickin,M,55,Declined to Identify,General Practice,True,5.0,30,0,0.39999999999999997,0.5
111-19-4529,2023-08-08 11:23:00,Q,Khoter,M,11,White,General Practice,False,5.0,48,0,0.76,0.5
705-01-2168,2023-09-13 20:55:00,S,Jowitt,F,70,African American,General Practice,True,5.0,55,0,0.9000000000000001,0.5
119-28-5124,2023-04-18 14:57:00,O,Pocklington,F,16,Asian,General Practice,True,5.0,51,0,0.8200000000000001,0.5
509-88-2899,2023-09-23 23:51:00,F,Brudenell,M,14,Two or More Races,Orthopedics,True,4.0,23,0,0.26,0.4
258-48-2258,2023-06-22 23:33:00,T,Lyons,M,41,African American,No Referral,False,4.0,46,0,0.72,0.4
412-29-6293,2024-05-11 15:52:00,J,Gianneschi,F,76,Two or More Races,Gastroenterology,True,5.0,34,0,0.48000000000000004,0.5
844-81-9989,2024-03-22 02:48:00,C,Veldens,F,17,African American,General Practice,True,5.0,27,0,0.34,0.5
367-52-9587,2023-07-03 20:27:00,R,Millan,F,75,White,Cardiology,True,5.0,34,0,0.48000000000000004,0.5
621-85-6677,2024-05-08 18:03:00,X,Klimowicz,M,77,Native American/Alaska Native,General Practice,False,0.0,17,0,0.14,0.0
570-11-3903,2024-03-07 10:00:00,X,Audiss,F,26,Asian,Cardiology,True,1.0,16,0,0.12,0.1
292-45-8684,2023-04-17 11:37:00,K,Hilliam,F,51,White,General Practice,True,6.0,25,0,0.3,0.6000000000000001
304-72-3326,2024-06-13 20:15:00,O,Brito,F,73,Asian,Gastroenterology,False,0.0,10,0,0.0,0.0
231-20-7799,2023-06-02 07:44:00,V,Puddifer,F,46,White,Physiotherapy,False,5.0,50,0,0.8,0.5
597-41-0817,2023-04-17 08:03:00,T,Titman,F,13,White,No Referral,True,1.0,32,0,0.44,0.1
496-23-9655,2023-10-11 03:24:00,X,Maffin,F,15,Declined to Identify,General Practice,True,9.0,15,0,0.09999999999999998,0.9
636-90-6357,2023-10-17 13:28:00,B,Lambarth,M,57,White,General Practice,True,2.0,35,0,0.5,0.2
300-34-2747,2023-12-10 21:12:00,B,Durrant,M,16,Pacific Islander,No Referral,True,4.0,34,0,0.48000000000000004,0.4
178-52-1500,2024-06-29 14:27:00,K,Beavington,M,4,White,Orthopedics,False,5.0,59,0,0.98,0.5
521-84-1782,2023-11-19 19:44:00,A,Fidal,F,32,African American,No Referral,False,7.0,14,0,0.08000000000000002,0.7000000000000001
818-26-8196,2024-09-18 17:49:00,B,MacNally,M,26,African American,Orthopedics,True,8.0,38,0,0.56,0.8
808-11-5508,2024-10-25 10:33:00,U,Peat,F,9,Declined to Identify,Neurology,True,5.0,37,0,0.54,0.5
439-25-2191,2024-10-10 04:29:00,M,Plews,F,10,White,General Practice,True,5.0,26,0,0.32,0.5
186-28-5457,2024-10-14 06:03:00,L,Downing,F,24,Two or More Races,General Practice,True,5.0,11,0,0.01999999999999999,0.5
368-53-4901,2024-08-31 06:38:00,I,Rubinsztein,M,26,White,No Referral,False,7.0,59,0,0.98,0.7000000000000001
335-73-2892,2023-08-26 08:32:00,Y,Ricks,M,15,Asian,General Practice,True,2.0,56,0,0.9200000000000002,0.2
331-09-2284,2024-07-08 17:17:00,X,Laity,M,43,African American,No Referral,False,0.0,47,0,0.74,0.0
577-17-4945,2024-09-06 21:58:00,Y,McGraw,M,59,White,General Practice,False,5.0,34,0,0.48000000000000004,0.5
148-47-0490,2023-08-13 22:16:00,T,Friberg,M,64,Native American/Alaska Native,General Practice,True,5.0,42,0,0.6399999999999999,0.5
603-14-9459,2024-05-13 14:35:00,A,Milier,M,69,White,General Practice,False,5.0,55,0,0.9000000000000001,0.5
306-67-0367,2023-10-20 19:52:00,J,Bullier,M,45,White,General Practice,True,1.0,42,0,0.6399999999999999,0.1
658-82-9991,2024-09-29 04:06:00,O,Roscher,M,7,Pacific Islander,Orthopedics,True,9.0,45,0,0.7,0.9
770-82-7913,2024-04-09 13:10:00,N,Longworth,M,66,White,General Practice,False,5.0,45,0,0.7,0.5
659-64-3380,2024-07-09 04:33:00,C,Wahner,F,61,Asian,General Practice,False,5.0,58,0,0.96,0.5
195-51-9264,2024-10-12 01:08:00,C,Lympany,F,47,White,Physiotherapy,True,5.0,40,0,0.6000000000000001,0.5
240-68-3060,2023-04-12 02:01:00,I,Tootell,M,66,White,General Practice,False,5.0,29,0,0.37999999999999995,0.5
866-26-1903,2024-08-15 13:07:00,Q,Jerson,M,8,Asian,Orthopedics,False,3.0,24,0,0.27999999999999997,0.30000000000000004
314-59-3768,2024-06-27 16:24:00,L,Ragsdale,F,24,Declined to Identify,General Practice,True,5.0,31,0,0.42,0.5
310-26-9113,2024-08-02 04:10:00,C,Simpole,F,16,African American,Renal,False,5.0,11,0,0.01999999999999999,0.5
698-47-1909,2023-07-26 02:49:00,C,Whittock,M,47,Two or More Races,Orthopedics,False,5.0,41,0,0.6200000000000001,0.5
378-02-5523,2024-08-06 18:30:00,A,Gouldie,M,23,African American,No Referral,True,0.0,23,0,0.26,0.0
769-87-4732,2024-01-26 06:23:00,X,Bizley,F,51,African American,Neurology,True,5.0,52,0,0.8400000000000001,0.5
120-71-9392,2024-06-10 09:44:00,K,Haet,M,26,White,Orthopedics,True,5.0,53,0,0.8600000000000001,0.5
200-22-3513,2024-08-05 02:17:00,O,Jansen,M,32,Declined to Identify,No Referral,False,8.0,15,0,0.09999999999999998,0.8
635-96-2790,2024-01-29 11:24:00,H,Hookes,F,6,African American,No Referral,True,9.0,23,0,0.26,0.9
229-85-2969,2023-11-09 10:04:00,K,Najera,F,17,Two or More Races,General Practice,True,5.0,58,0,0.96,0.5
442-29-0481,2023-07-31 01:19:00,Q,Radish,F,55,Declined to Identify,Physiotherapy,True,5.0,47,0,0.74,0.5
260-54-7458,2024-06-15 10:40:00,O,Chesnay,F,29,Asian,General Practice,False,5.0,50,0,0.8,0.5
421-27-7766,2023-07-24 13:00:00,O,Mc Coughan,M,51,White,General Practice,True,5.0,22,0,0.24,0.5
194-48-7359,2023-04-19 05:00:00,F,Stowers,M,60,White,Orthopedics,False,5.0,38,0,0.56,0.5
145-05-0045,2024-10-25 15:51:00,K,Jeffery,F,38,African American,General Practice,False,5.0,15,0,0.09999999999999998,0.5
795-38-6179,2024-03-07 11:47:00,J,Beade,M,8,Native American/Alaska Native,No Referral,False,10.0,25,0,0.3,1.0
706-66-3236,2024-10-22 07:43:00,A,McIlwain,M,71,Two or More Races,General Practice,False,5.0,25,0,0.3,0.5
562-98-3699,2024-04-03 03:30:00,L,Yglesia,M,28,White,General Practice,False,4.0,25,0,0.3,0.4
180-35-8890,2024-03-01 08:58:00,S,Vigurs,F,22,Declined to Identify,No Referral,False,8.0,31,0,0.42,0.8
236-99-6309,2024-06-30 03:31:00,I,Feak,F,60,Native American/Alaska Native,General Practice,False,4.0,18,0,0.15999999999999998,0.4
662-90-5190,2024-03-25 15:16:00,O,Blore,M,71,Asian,General Practice,False,5.0,46,0,0.72,0.5
770-08-4969,2024-05-05 08:57:00,N,Bidewell,M,77,White,Orthopedics,False,5.0,26,0,0.32,0.5
213-46-3828,2023-05-18 15:35:00,X,Urlich,M,6,Asian,Orthopedics,False,5.0,11,1,0.01999999999999999,0.5
876-70-2288,2024-06-05 10:39:00,G,Sallery,F,3,African American,Gastroenterology,True,7.0,31,0,0.42,0.7000000000000001
767-42-4576,2023-06-22 18:20:00,M,End,M,22,African American,Orthopedics,False,5.0,22,0,0.24,0.5
708-71-9586,2024-01-07 21:39:00,A,Vigrass,M,29,Native American/Alaska Native,No Referral,False,3.0,29,0,0.37999999999999995,0.30000000000000004
215-50-7038,2024-06-17 02:49:00,R,Agney,M,34,Native American/Alaska Native,General Practice,False,5.0,59,0,0.98,0.5
210-58-4747,2023-04-30 09:37:00,N,Massingberd,M,43,White,No Referral,False,8.0,50,0,0.8,0.8
854-45-3713,2024-07-01 16:18:00,B,Riggulsford,F,39,Two or More Races,Orthopedics,True,5.0,16,0,0.12,0.5
270-55-3429,2023-10-27 00:06:00,X,Giraudot,M,27,Pacific Islander,Orthopedics,False,5.0,59,0,0.98,0.5
634-41-8155,2023-12-03 23:00:00,D,Mason,M,39,African American,General Practice,True,0.0,54,0,0.8800000000000001,0.0
260-11-2849,2023-10-20 00:19:00,D,Vinson,F,66,Two or More Races,General Practice,False,2.0,39,0,0.5800000000000001,0.2
607-91-4614,2023-08-22 01:15:00,Z,Florez,F,12,Asian,No Referral,False,7.0,34,0,0.48000000000000004,0.7000000000000001
575-64-1293,2024-07-19 21:30:00,F,Mellem,F,55,Two or More Races,General Practice,True,9.0,25,0,0.3,0.9
257-20-4587,2023-06-06 01:01:00,P,Theobald,M,61,Asian,Cardiology,True,5.0,19,0,0.18,0.5
802-59-5463,2023-12-17 06:30:00,R,Smythin,F,24,African American,No Referral,True,4.0,32,0,0.44,0.4
189-09-4142,2024-05-18 11:18:00,J,Deneve,M,51,Declined to Identify,General Practice,True,6.0,48,0,0.76,0.6000000000000001
636-29-5268,2024-05-20 15:29:00,D,Shawel,F,19,Two or More Races,General Practice,True,5.0,30,0,0.39999999999999997,0.5
846-58-8376,2023-06-20 11:51:00,G,Bazley,F,8,White,No Referral,True,0.0,59,0,0.98,0.0
403-48-2643,2023-09-21 07:14:00,T,Kimbury,F,62,African American,General Practice,False,5.0,40,0,0.6000000000000001,0.5
574-05-3924,2023-12-22 23:41:00,Z,Medd,F,28,Declined to Identify,Cardiology,False,1.0,17,0,0.14,0.1
606-55-9151,2023-12-10 06:02:00,T,Lerven,F,59,Two or More Races,Cardiology,False,5.0,54,0,0.8800000000000001,0.5
117-02-4931,2023-08-27 16:16:00,N,Tenbrug,M,4,White,General Practice,False,5.0,53,0,0.8600000000000001,0.5
400-48-7366,2024-05-11 03:33:00,H,Mattioli,F,64,African American,No Referral,True,9.0,32,0,0.44,0.9
514-75-2742,2024-01-24 13:49:00,S,Royle,F,29,White,Orthopedics,False,5.0,41,0,0.6200000000000001,0.5
444-03-4235,2023-07-22 02:29:00,G,Aiskrigg,F,29,African American,General Practice,False,5.0,12,0,0.03999999999999998,0.5
892-25-8683,2024-08-15 07:01:00,G,Colliard,M,14,African American,General Practice,False,7.0,60,0,1.0,0.7000000000000001
160-14-1320,2023-04-24 22:49:00,K,de Vaen,M,73,White,No Referral,False,3.0,31,0,0.42,0.30000000000000004
428-14-7095,2024-07-06 01:46:00,F,Peres,F,39,African American,Physiotherapy,True,5.0,37,0,0.54,0.5
176-14-4067,2023-07-25 05:51:00,Q,Bland,M,4,Declined to Identify,No Referral,False,2.0,38,0,0.56,0.2
689-35-5574,2024-08-03 03:46:00,S,Flippini,M,65,White,General Practice,False,3.0,40,0,0.6000000000000001,0.30000000000000004
541-01-7660,2023-07-18 03:58:00,L,Skyram,M,56,Asian,General Practice,False,5.0,50,0,0.8,0.5
799-44-2163,2024-04-17 10:17:00,Z,Taber,F,7,White,Physiotherapy,False,5.0,53,0,0.8600000000000001,0.5
645-05-4509,2023-07-14 00:12:00,S,Moseley,M,4,White,No Referral,False,7.0,56,0,0.9200000000000002,0.7000000000000001
354-25-6792,2024-02-20 09:46:00,S,Coathup,M,7,Two or More Races,Physiotherapy,False,8.0,29,0,0.37999999999999995,0.8
112-44-3497,2023-09-05 20:43:00,Q,Sartain,F,9,Two or More Races,General Practice,True,5.0,42,0,0.6399999999999999,0.5
496-43-4865,2023-10-12 06:55:00,L,Woodstock,M,22,Asian,No Referral,True,0.0,59,0,0.98,0.0
520-32-2321,2024-10-21 12:05:00,X,Antrack,F,35,Two or More Races,Orthopedics,False,4.0,13,0,0.06,0.4
535-11-6522,2023-11-04 19:45:00,D,D'Ambrosi,F,16,Two or More Races,Physiotherapy,False,5.0,17,0,0.14,0.5
794-76-5261,2023-04-23 19:13:00,R,Breming,F,28,White,General Practice,True,8.0,39,0,0.5800000000000001,0.8
638-43-3145,2023-12-20 00:55:00,B,Backs,M,39,African American,Cardiology,False,5.0,29,0,0.37999999999999995,0.5
175-55-7298,2024-04-20 20:48:00,M,Stapleford,M,56,African American,General Practice,False,3.0,13,0,0.06,0.30000000000000004
242-37-3166,2023-04-27 15:44:00,H,Shorto,M,10,White,No Referral,True,0.0,55,0,0.9000000000000001,0.0
661-56-7551,2023-04-18 09:55:00,W,Wollard,M,33,Asian,Physiotherapy,True,5.0,52,0,0.8400000000000001,0.5
528-57-6645,2023-05-20 12:27:00,R,Luty,F,44,Asian,No Referral,False,4.0,60,1,1.0,0.4
692-49-3211,2023-08-30 23:34:00,P,De Rye Barrett,M,69,African American,No Referral,False,4.0,38,0,0.56,0.4
691-12-9990,2024-05-19 06:56:00,H,Abrahim,F,33,White,Gastroenterology,False,5.0,22,0,0.24,0.5
323-30-5176,2024-07-09 21:39:00,S,Roz,M,54,White,No Referral,True,7.0,56,0,0.9200000000000002,0.7000000000000001
763-87-4222,2023-06-05 12:44:00,C,Gabbitas,F,73,African American,Orthopedics,False,8.0,11,0,0.01999999999999999,0.8
288-91-8881,2023-07-24 01:41:00,Z,Scotchbourouge,F,42,White,General Practice,False,5.0,20,0,0.2,0.5
156-04-1460,2024-06-01 23:55:00,V,Caress,M,21,African American,No Referral,False,10.0,22,0,0.24,1.0
404-61-7141,2024-01-29 07:54:00,G,Schuler,F,46,Native American/Alaska Native,Orthopedics,True,5.0,47,0,0.74,0.5
310-75-2760,2024-06-02 05:52:00,B,Mayhow,M,78,Pacific Islander,General Practice,False,7.0,59,0,0.98,0.7000000000000001
797-10-7600,2024-02-18 11:41:00,V,Malletratt,M,1,Two or More Races,No Referral,False,9.0,28,0,0.36000000000000004,0.9
110-77-9670,2023-12-10 04:39:00,D,Skacel,M,36,African American,Orthopedics,True,5.0,42,0,0.6399999999999999,0.5
298-10-7060,2023-09-15 13:09:00,O,Martygin,F,34,African American,Orthopedics,True,5.0,15,0,0.09999999999999998,0.5
490-07-8452,2023-05-17 07:02:00,F,Fawthrop,M,1,Two or More Races,No Referral,False,10.0,48,1,0.76,1.0
172-88-6642,2024-07-09 11:43:00,O,Boggon,M,53,African American,General Practice,True,8.0,42,0,0.6399999999999999,0.8
864-61-2647,2024-09-10 20:45:00,X,Bonnesen,M,35,Two or More Races,Orthopedics,True,5.0,16,0,0.12,0.5
131-71-6388,2023-10-21 18:42:00,A,Kunzler,M,60,White,Orthopedics,False,5.0,16,0,0.12,0.5
353-11-2559,2023-12-02 20:38:00,V,Pollington,F,49,Asian,No Referral,False,10.0,15,0,0.09999999999999998,1.0
306-59-8935,2024-07-13 04:50:00,O,Urpeth,M,44,Native American/Alaska Native,Cardiology,True,5.0,39,0,0.5800000000000001,0.5
262-69-4482,2023-04-02 05:05:00,U,Llopis,M,38,Declined to Identify,Gastroenterology,True,5.0,14,0,0.08000000000000002,0.5
373-37-3790,2024-07-11 23:07:00,J,Sumers,M,67,Two or More Races,No Referral,False,3.0,56,0,0.9200000000000002,0.30000000000000004
421-39-9248,2024-04-16 05:11:00,H,Bogges,M,13,White,Gastroenterology,False,8.0,33,0,0.46,0.8
373-70-7925,2024-02-06 17:59:00,W,Dives,M,16,White,Orthopedics,True,5.0,37,0,0.54,0.5
610-55-3526,2023-04-09 01:07:00,Y,Ovid,M,29,White,Physiotherapy,True,5.0,14,0,0.08000000000000002,0.5
525-36-7812,2024-02-20 22:36:00,G,Thorley,M,58,White,General Practice,False,5.0,14,0,0.08000000000000002,0.5
114-16-7000,2023-11-07 23:11:00,J,Kimm,M,27,African American,General Practice,False,5.0,45,0,0.7,0.5
444-83-4739,2023-05-01 00:54:00,Q,Airey,F,44,White,General Practice,False,5.0,30,1,0.39999999999999997,0.5
646-17-3871,2023-07-31 08:03:00,J,Dunston,F,26,African American,No Referral,False,7.0,36,0,0.52,0.7000000000000001
878-36-7830,2023-06-25 20:05:00,J,Pietrzyk,M,19,White,Physiotherapy,False,6.0,50,0,0.8,0.6000000000000001
524-75-8060,2024-10-23 11:06:00,R,Simpson,F,4,White,General Practice,False,5.0,39,0,0.5800000000000001,0.5
342-04-5123,2024-07-14 22:37:00,M,Aronowitz,F,55,African American,No Referral,True,5.0,55,0,0.9000000000000001,0.5
184-21-1948,2024-07-17 03:40:00,K,Guppey,F,50,Two or More Races,General Practice,True,5.0,46,0,0.72,0.5
502-81-1725,2024-10-25 18:47:00,W,Boulder,F,13,Pacific Islander,No Referral,False,8.0,50,0,0.8,0.8
834-50-2690,2023-08-29 07:12:00,C,Kieff,M,31,African American,General Practice,True,5.0,42,0,0.6399999999999999,0.5
264-22-2247,2023-06-05 10:10:00,O,Gorhardt,F,14,Two or More Races,General Practice,False,8.0,12,0,0.03999999999999998,0.8
825-23-7126,2024-02-22 10:52:00,W,Clarke-Williams,F,42,Two or More Races,Gastroenterology,False,5.0,54,0,0.8800000000000001,0.5
255-46-2640,2024-05-09 01:51:00,K,Kinglesyd,F,2,Two or More Races,Orthopedics,False,0.0,24,0,0.27999999999999997,0.0
852-35-5869,2023-11-30 14:20:00,T,Brennon,F,15,Asian,Cardiology,False,5.0,54,0,0.8800000000000001,0.5
551-35-9369,2024-03-01 12:16:00,B,Simonetto,F,9,African American,General Practice,False,10.0,47,0,0.74,1.0
294-07-5007,2023-08-23 20:27:00,R,Perkins,F,75,African American,General Practice,False,5.0,22,0,0.24,0.5
526-03-2526,2023-06-05 02:56:00,V,Yarr,M,54,African American,No Referral,False,0.0,59,0,0.98,0.0
603-11-0846,2023-09-26 01:09:00,C,MattiCCI,F,50,White,General Practice,False,5.0,28,0,0.36000000000000004,0.5
867-06-8022,2023-09-29 13:22:00,W,Tours,M,34,Declined to Identify,Renal,True,5.0,50,0,0.8,0.5
712-25-4902,2023-07-07 03:21:00,J,Skarman,M,6,White,No Referral,False,2.0,32,0,0.44,0.2
201-90-2001,2024-07-08 19:41:00,M,De Avenell,M,30,White,General Practice,False,5.0,14,0,0.08000000000000002,0.5
825-76-3394,2024-07-18 22:29:00,Y,Kerrey,M,63,White,General Practice,False,0.0,45,0,0.7,0.0
274-62-9187,2023-04-12 19:25:00,O,Esland,M,42,White,General Practice,False,5.0,27,0,0.34,0.5
169-56-6778,2023-10-22 16:04:00,H,Blitz,M,65,White,No Referral,False,6.0,27,0,0.34,0.6000000000000001
694-56-2971,2024-01-12 21:42:00,V,Doldon,M,1,Pacific Islander,No Referral,False,7.0,24,0,0.27999999999999997,0.7000000000000001
105-08-1976,2024-07-23 16:49:00,J,Klyn,F,16,Native American/Alaska Native,Physiotherapy,True,5.0,58,0,0.96,0.5
416-45-5565,2023-11-18 07:01:00,I,Buckby,F,20,White,General Practice,False,5.0,40,0,0.6000000000000001,0.5
593-36-2410,2024-06-15 11:51:00,G,Wrightson,F,23,Asian,Gastroenterology,True,8.0,23,0,0.26,0.8
864-78-5560,2024-05-19 19:44:00,Q,Coleson,M,14,Asian,Physiotherapy,False,5.0,13,0,0.06,0.5
846-58-7999,2024-05-30 06:14:00,R,Munby,M,27,African American,No Referral,False,8.0,14,0,0.08000000000000002,0.8
320-85-0898,2024-02-16 08:05:00,G,Paull,M,78,Native American/Alaska Native,Orthopedics,True,1.0,28,0,0.36000000000000004,0.1
140-30-2555,2024-02-16 02:25:00,L,Vasilchenko,F,19,White,Neurology,False,5.0,58,0,0.96,0.5
388-34-2380,2024-02-11 01:32:00,E,Normanton,F,46,African American,Orthopedics,True,5.0,12,0,0.03999999999999998,0.5
251-72-9605,2024-01-24 19:28:00,I,Gentry,F,35,Two or More Races,Orthopedics,False,5.0,54,0,0.8800000000000001,0.5
782-34-4167,2023-04-17 09:04:00,X,Osgarby,F,36,White,General Practice,True,9.0,50,0,0.8,0.9
411-32-4858,2023-10-23 07:22:00,J,MacTrusty,M,67,Asian,General Practice,False,7.0,40,0,0.6000000000000001,0.7000000000000001
471-83-4980,2023-09-04 00:21:00,Z,Lomax,M,53,African American,No Referral,True,2.0,37,0,0.54,0.2
463-17-9883,2024-01-23 09:41:00,X,Lasty,M,56,Pacific Islander,No Referral,True,0.0,18,0,0.15999999999999998,0.0
740-14-6005,2023-11-10 06:23:00,T,Dunk,M,9,African American,No Referral,False,0.0,24,0,0.27999999999999997,0.0
501-24-5548,2023-09-26 02:35:00,W,Towey,F,3,African American,General Practice,False,4.0,27,0,0.34,0.4
332-44-9371,2023-05-08 20:03:00,X,Cubbino,M,18,African American,Orthopedics,True,5.0,36,1,0.52,0.5
256-95-4828,2023-06-15 03:28:00,R,Kimmings,F,28,White,No Referral,False,9.0,37,0,0.54,0.9
715-12-7760,2023-04-28 14:56:00,C,Ovey,M,49,Two or More Races,General Practice,True,5.0,43,0,0.6599999999999999,0.5
498-19-8616,2024-03-01 23:41:00,P,Lambe,M,30,Declined to Identify,Cardiology,True,5.0,43,0,0.6599999999999999,0.5
160-49-1316,2023-12-23 00:34:00,X,Glanton,F,32,Two or More Races,General Practice,False,5.0,51,0,0.8200000000000001,0.5
760-59-1309,2024-08-29 16:55:00,Z,Oakley,M,52,Two or More Races,General Practice,True,5.0,49,0,0.78,0.5
591-83-7831,2023-05-17 10:22:00,Q,Bentick,F,62,Native American/Alaska Native,No Referral,False,8.0,21,1,0.21999999999999997,0.8
107-19-6298,2024-08-15 17:50:00,K,Clendennen,M,28,Asian,Orthopedics,False,5.0,10,0,0.0,0.5
568-76-0444,2024-01-22 16:43:00,U,Doxsey,F,74,Two or More Races,General Practice,False,5.0,18,0,0.15999999999999998,0.5
516-65-1574,2024-01-16 10:54:00,F,Colwell,F,50,Declined to Identify,No Referral,True,7.0,35,0,0.5,0.7000000000000001
302-11-3266,2023-05-14 18:54:00,L,Toal,F,24,White,General Practice,False,5.0,30,1,0.39999999999999997,0.5
718-40-9446,2024-07-31 15:22:00,A,Mitrikhin,F,31,Two or More Races,Orthopedics,False,1.0,55,0,0.9000000000000001,0.1
245-02-8824,2024-04-18 20:25:00,A,Winfindine,M,12,White,General Practice,False,6.0,50,0,0.8,0.6000000000000001
706-58-1402,2024-02-28 09:28:00,J,Garfitt,NC,66,Asian,General Practice,False,5.0,50,0,0.8,0.5
880-75-5124,2023-08-15 11:23:00,B,von Hagt,F,59,Two or More Races,Orthopedics,False,5.0,47,0,0.74,0.5
417-60-6491,2023-06-11 09:21:00,E,Creegan,M,11,African American,General Practice,True,5.0,58,0,0.96,0.5
195-71-6230,2023-08-20 21:09:00,E,Holtham,F,13,Pacific Islander,No Referral,False,0.0,47,0,0.74,0.0
397-44-2425,2023-06-03 01:27:00,O,Tincombe,M,17,Two or More Races,General Practice,False,5.0,12,0,0.03999999999999998,0.5
539-86-9387,2024-08-25 15:56:00,M,Baudasso,F,69,Asian,General Practice,True,5.0,32,0,0.44,0.5
266-73-6494,2023-10-01 11:36:00,P,Cockshutt,F,13,Declined to Identify,No Referral,True,9.0,40,0,0.6000000000000001,0.9
177-05-5852,2023-05-06 23:25:00,I,Delatour,M,71,White,General Practice,False,5.0,25,1,0.3,0.5
614-04-9706,2023-10-30 22:37:00,P,Schusterl,F,78,White,Orthopedics,False,5.0,19,0,0.18,0.5
812-85-8608,2023-05-27 01:39:00,H,McKeurton,M,53,Asian,Orthopedics,False,0.0,50,1,0.8,0.0
619-68-4925,2024-08-08 11:45:00,I,Laborda,F,22,African American,General Practice,True,5.0,12,0,0.03999999999999998,0.5
505-14-5247,2024-05-03 11:14:00,V,Gidden,M,14,Pacific Islander,General Practice,False,2.0,17,0,0.14,0.2
483-71-2239,2023-12-30 17:51:00,D,Downie,M,8,Declined to Identify,No Referral,True,0.0,21,0,0.21999999999999997,0.0
298-33-9030,2023-12-28 02:20:00,A,Raithmill,F,63,Two or More Races,General Practice,True,5.0,19,0,0.18,0.5
485-81-8334,2023-10-29 21:36:00,X,Tewkesberrie,M,39,White,Orthopedics,False,5.0,47,0,0.74,0.5
108-25-6001,2024-08-06 17:48:00,T,Snedker,F,10,White,Neurology,True,5.0,11,0,0.01999999999999999,0.5
215-03-5942,2023-08-09 08:03:00,V,Inns,F,3,Pacific Islander,Physiotherapy,False,5.0,29,0,0.37999999999999995,0.5
607-44-6875,2023-06-25 07:56:00,L,Vedekhov,F,35,African American,No Referral,False,8.0,35,0,0.5,0.8
158-72-1114,2024-06-02 10:26:00,O,Blakeney,M,64,Two or More Races,General Practice,True,3.0,32,0,0.44,0.30000000000000004
728-66-8875,2024-01-15 13:10:00,X,Burness,F,68,Asian,General Practice,True,5.0,36,0,0.52,0.5
361-42-4250,2023-11-18 21:20:00,J,Haddick,F,69,Declined to Identify,General Practice,False,5.0,59,0,0.98,0.5
316-95-8309,2023-05-28 17:46:00,O,Ambrosini,M,79,African American,No Referral,False,8.0,55,1,0.9000000000000001,0.8
239-59-8659,2023-10-12 22:55:00,K,Gapp,F,78,Asian,No Referral,True,9.0,43,0,0.6599999999999999,0.9
644-14-3306,2024-01-04 22:50:00,C,Wellan,M,27,Asian,No Referral,True,4.0,23,0,0.26,0.4
706-06-7749,2024-04-14 22:38:00,E,Campelli,F,40,Asian,Orthopedics,True,6.0,13,0,0.06,0.6000000000000001
248-21-1787,2023-04-02 09:15:00,C,Benez,F,60,White,Physiotherapy,True,5.0,60,0,1.0,0.5
271-74-6084,2024-04-15 01:32:00,W,Wycliff,F,62,African American,Physiotherapy,False,5.0,56,0,0.9200000000000002,0.5
253-01-4563,2023-12-22 00:30:00,U,Godspeede,M,24,Native American/Alaska Native,General Practice,False,5.0,43,0,0.6599999999999999,0.5
242-70-5420,2024-08-23 16:04:00,X,Caroll,F,9,White,Physiotherapy,False,5.0,35,0,0.5,0.5
362-30-0094,2023-10-01 15:34:00,X,Outibridge,M,65,Native American/Alaska Native,General Practice,False,5.0,39,0,0.5800000000000001,0.5
651-84-7603,2024-10-27 15:34:00,X,Dunston,F,59,African American,General Practice,False,10.0,29,0,0.37999999999999995,1.0
551-02-4054,2023-06-06 04:23:00,O,Gull,F,65,African American,Cardiology,True,5.0,59,0,0.98,0.5
140-28-2291,2024-03-17 16:29:00,Y,Neame,M,3,African American,No Referral,True,9.0,32,0,0.44,0.9
750-10-6392,2024-08-29 06:21:00,W,Babin,F,64,White,Orthopedics,False,5.0,43,0,0.6599999999999999,0.5
809-85-4177,2024-01-15 20:53:00,J,Deluca,M,65,Declined to Identify,General Practice,False,1.0,33,0,0.46,0.1
290-26-3161,2024-10-23 11:11:00,F,Ivanshintsev,M,3,Two or More Races,No Referral,False,0.0,26,0,0.32,0.0
642-92-2378,2024-05-03 03:16:00,I,O' Meara,F,39,White,No Referral,True,5.0,29,0,0.37999999999999995,0.5
631-49-3222,2023-05-21 05:58:00,N,Stump,F,13,Declined to Identify,General Practice,True,5.0,27,1,0.34,0.5
684-93-8823,2023-04-23 19:21:00,K,Childe,M,74,White,Cardiology,True,5.0,51,0,0.8200000000000001,0.5
827-97-4092,2024-02-17 00:38:00,O,Sibbering,M,26,Asian,Physiotherapy,True,9.0,59,0,0.98,0.9
427-34-8170,2024-10-13 15:10:00,E,Braybrookes,F,79,Asian,General Practice,False,5.0,21,0,0.21999999999999997,0.5
364-28-5162,2023-10-01 15:20:00,I,De Ambrosis,F,28,Pacific Islander,Cardiology,False,7.0,18,0,0.15999999999999998,0.7000000000000001
214-51-5890,2023-08-05 15:00:00,H,Swalowe,F,45,White,Orthopedics,False,5.0,40,0,0.6000000000000001,0.5
231-02-7602,2023-10-15 14:44:00,R,Spelling,M,22,White,Orthopedics,False,5.0,32,0,0.44,0.5
430-40-6651,2023-07-03 09:04:00,E,Bentz,M,76,White,No Referral,True,3.0,50,0,0.8,0.30000000000000004
857-68-5135,2024-04-06 12:00:00,C,Scott,F,4,African American,Gastroenterology,False,6.0,47,0,0.74,0.6000000000000001
633-74-7415,2023-10-11 12:34:00,O,Amor,F,17,White,No Referral,True,4.0,37,0,0.54,0.4
768-43-9102,2023-07-08 00:55:00,S,Marrow,F,12,Declined to Identify,No Referral,True,2.0,46,0,0.72,0.2
851-96-4883,2024-08-05 10:47:00,E,Mealiffe,F,57,African American,General Practice,False,5.0,29,0,0.37999999999999995,0.5
389-89-2868,2024-06-03 20:34:00,U,Brandassi,F,61,Two or More Races,General Practice,False,5.0,29,0,0.37999999999999995,0.5
387-40-4388,2024-05-30 06:44:00,K,Cruise,M,31,White,Neurology,False,5.0,44,0,0.6799999999999999,0.5
759-40-6832,2023-06-03 14:37:00,K,Luparto,M,10,Two or More Races,Orthopedics,True,5.0,43,0,0.6599999999999999,0.5
241-06-7024,2023-10-01 15:44:00,E,Cutress,F,19,African American,Physiotherapy,True,1.0,60,0,1.0,0.1
618-10-2399,2023-11-04 03:38:00,B,Portail,M,30,Two or More Races,Physiotherapy,False,0.0,40,0,0.6000000000000001,0.0
344-60-3150,2024-02-04 13:53:00,F,Butts,M,15,African American,General Practice,True,5.0,16,0,0.12,0.5
207-52-3908,2023-11-19 14:19:00,M,Dikels,F,20,White,Orthopedics,True,7.0,33,0,0.46,0.7000000000000001
353-44-5247,2023-07-25 23:16:00,E,Braunes,M,11,Pacific Islander,No Referral,False,7.0,58,0,0.96,0.7000000000000001
636-33-2409,2023-12-14 00:00:00,D,Budik,F,57,Declined to Identify,General Practice,False,5.0,41,0,0.6200000000000001,0.5
411-40-4241,2023-05-30 10:22:00,H,Longland,F,62,Asian,General Practice,True,5.0,49,1,0.78,0.5
451-17-9647,2023-11-14 04:15:00,I,Lethbury,M,1,Declined to Identify,Orthopedics,False,5.0,36,0,0.52,0.5
511-19-0295,2023-07-29 02:58:00,D,Langston,M,28,Pacific Islander,General Practice,False,5.0,45,0,0.7,0.5
477-57-4070,2023-04-18 04:45:00,G,Potteridge,M,57,African American,No Referral,True,2.0,33,0,0.46,0.2
632-44-8851,2024-02-22 16:06:00,Q,Aicken,F,32,Declined to Identify,General Practice,True,5.0,39,0,0.5800000000000001,0.5
448-51-7664,2023-10-07 11:17:00,H,Wheeliker,M,39,Pacific Islander,No Referral,True,10.0,59,0,0.98,1.0
399-73-4231,2023-07-25 23:02:00,A,Alejandro,F,27,White,Gastroenterology,False,5.0,12,0,0.03999999999999998,0.5
386-79-2013,2023-12-18 20:43:00,T,McIlharga,M,55,Native American/Alaska Native,Renal,False,1.0,31,0,0.42,0.1
881-97-4043,2024-02-27 05:13:00,R,McFadin,F,78,White,General Practice,True,9.0,42,0,0.6399999999999999,0.9
192-58-1232,2023-06-26 22:56:00,Q,Gleadhell,F,27,Two or More Races,Neurology,False,5.0,42,0,0.6399999999999999,0.5
534-52-3938,2024-06-05 18:50:00,J,Felmingham,M,34,Two or More Races,No Referral,False,6.0,41,0,0.6200000000000001,0.6000000000000001
530-98-5548,2023-05-29 17:41:00,J,Melmeth,F,64,Declined to Identify,General Practice,False,5.0,42,1,0.6399999999999999,0.5
880-96-7672,2024-07-28 21:08:00,M,Huncoot,M,53,Two or More Races,No Referral,True,8.0,23,0,0.26,0.8
543-30-7171,2024-08-12 08:26:00,F,Canty,M,12,White,Orthopedics,False,5.0,60,0,1.0,0.5
249-15-9115,2023-09-08 19:16:00,K,Whopples,F,54,Two or More Races,Cardiology,True,5.0,18,0,0.15999999999999998,0.5
808-17-1359,2024-10-27 19:57:00,U,Hargey,M,76,White,General Practice,True,5.0,13,0,0.06,0.5
601-32-8756,2024-05-03 04:49:00,I,Sissel,F,8,Asian,No Referral,False,7.0,54,0,0.8800000000000001,0.7000000000000001
607-43-0418,2024-03-24 22:41:00,P,Queyeiro,F,27,White,No Referral,True,8.0,29,0,0.37999999999999995,0.8
403-72-3420,2024-09-19 00:21:00,Y,Hallihan,M,32,African American,No Referral,False,7.0,15,0,0.09999999999999998,0.7000000000000001
204-52-5423,2024-07-13 15:30:00,W,Lobe,F,11,White,Orthopedics,False,5.0,55,0,0.9000000000000001,0.5
295-25-4846,2024-09-11 09:13:00,C,Kepp,M,72,Two or More Races,No Referral,True,8.0,53,0,0.8600000000000001,0.8
408-14-1967,2023-11-25 11:35:00,H,McCanny,F,66,Asian,Orthopedics,False,5.0,19,0,0.18,0.5
186-82-0440,2024-02-06 10:37:00,T,Rought,M,56,Declined to Identify,General Practice,True,5.0,40,0,0.6000000000000001,0.5
338-56-5549,2023-09-09 19:25:00,F,Cod,M,56,African American,Orthopedics,True,5.0,59,0,0.98,0.5
424-43-5485,2024-10-09 23:25:00,Z,McClarence,M,16,White,General Practice,False,5.0,15,0,0.09999999999999998,0.5
684-05-3448,2023-08-28 06:12:00,F,Boggish,F,33,Native American/Alaska Native,No Referral,True,5.0,45,0,0.7,0.5
280-13-7317,2023-05-16 07:54:00,C,Woolveridge,M,18,Declined to Identify,No Referral,True,3.0,11,1,0.01999999999999999,0.30000000000000004
554-96-3589,2023-08-23 17:42:00,K,Willowby,M,70,African American,No Referral,True,9.0,49,0,0.78,0.9
530-22-6924,2023-09-15 22:42:00,W,McFadin,F,61,Pacific Islander,General Practice,True,5.0,42,0,0.6399999999999999,0.5
449-69-8456,2024-10-07 06:43:00,V,Robic,F,29,White,No Referral,True,4.0,10,0,0.0,0.4
280-93-8703,2024-03-18 16:26:00,C,Izat,F,67,African American,General Practice,False,8.0,42,0,0.6399999999999999,0.8
167-77-4307,2024-01-23 15:26:00,F,Tunniclisse,M,57,African American,Orthopedics,True,5.0,60,0,1.0,0.5
310-55-5331,2024-07-08 00:03:00,J,Goneau,M,9,African American,Orthopedics,False,5.0,16,0,0.12,0.5
887-74-5024,2023-11-26 01:49:00,Q,Rathe,F,51,Two or More Races,General Practice,True,5.0,38,0,0.56,0.5
379-45-8010,2024-10-23 16:28:00,Q,Rapi,F,45,African American,General Practice,True,5.0,53,0,0.8600000000000001,0.5
353-77-6257,2023-04-02 23:10:00,V,Van Der Walt,M,75,White,No Referral,False,7.0,33,0,0.46,0.7000000000000001
366-93-1146,2024-01-26 16:26:00,G,Greeding,M,49,African American,No Referral,True,10.0,52,0,0.8400000000000001,1.0
636-59-9872,2024-03-07 23:19:00,M,Djekovic,M,40,Pacific Islander,Physiotherapy,False,5.0,38,0,0.56,0.5
142-10-3821,2023-04-11 21:35:00,U,Oxenham,F,3,Declined to Identify,General Practice,False,5.0,24,0,0.27999999999999997,0.5
608-50-7377,2023-10-05 08:07:00,S,Adnam,F,73,White,General Practice,False,5.0,12,0,0.03999999999999998,0.5
125-27-8454,2023-09-12 13:18:00,N,Seeney,F,48,White,General Practice,False,5.0,53,0,0.8600000000000001,0.5
241-01-9916,2023-12-29 00:02:00,G,Tavernor,M,28,Asian,General Practice,True,1.0,26,0,0.32,0.1
314-47-2091,2024-03-12 08:45:00,Z,Weyman,M,35,African American,General Practice,True,5.0,44,0,0.6799999999999999,0.5
312-60-6865,2023-07-30 01:34:00,J,Twinborne,M,30,White,Orthopedics,True,10.0,29,0,0.37999999999999995,1.0
343-40-4924,2023-09-15 12:42:00,L,Almack,M,29,Two or More Races,Cardiology,False,5.0,51,0,0.8200000000000001,0.5
428-76-6409,2023-08-08 08:53:00,H,Duffy,M,26,Pacific Islander,No Referral,True,3.0,13,0,0.06,0.30000000000000004
203-99-0377,2023-10-29 14:39:00,U,Tomasian,F,29,Declined to Identify,General Practice,False,5.0,16,0,0.12,0.5
673-87-9658,2023-12-01 03:20:00,O,Trumper,M,53,Two or More Races,Cardiology,True,5.0,57,0,0.9400000000000002,0.5
454-08-5050,2024-10-03 10:20:00,Z,Gibbens,F,67,Native American/Alaska Native,General Practice,False,6.0,48,0,0.76,0.6000000000000001
523-22-4909,2024-02-22 00:10:00,D,Brimilcome,M,23,Two or More Races,General Practice,False,5.0,47,0,0.74,0.5
407-21-4291,2023-09-15 23:14:00,A,MacMechan,M,55,African American,No Referral,True,4.0,40,0,0.6000000000000001,0.4
812-30-7792,2024-05-08 07:37:00,N,Bestwall,M,18,Pacific Islander,General Practice,True,5.0,13,0,0.06,0.5
760-40-8441,2024-01-27 13:47:00,C,Place,M,62,African American,No Referral,False,4.0,43,0,0.6599999999999999,0.4
646-30-8991,2023-12-02 12:39:00,D,Coppard,F,13,African American,General Practice,True,2.0,52,0,0.8400000000000001,0.2
795-71-2961,2024-04-11 09:32:00,J,Englishby,F,39,Native American/Alaska Native,General Practice,False,5.0,16,0,0.12,0.5
536-05-9082,2023-06-04 07:23:00,E,Gepheart,F,20,Two or More Races,No Referral,True,4.0,24,0,0.27999999999999997,0.4
842-53-5003,2023-09-03 13:49:00,E,Ricketts,M,74,Declined to Identify,No Referral,True,3.0,56,0,0.9200000000000002,0.30000000000000004
649-05-0980,2023-07-18 17:30:00,K,Berriman,F,75,Two or More Races,No Referral,False,1.0,20,0,0.2,0.1
253-73-0692,2024-01-24 03:12:00,U,Sidden,M,2,Declined to Identify,General Practice,False,5.0,33,0,0.46,0.5
751-06-2730,2024-06-27 11:20:00,S,Threadgill,M,6,African American,Orthopedics,True,3.0,30,0,0.39999999999999997,0.30000000000000004
722-84-3095,2023-05-21 20:20:00,F,Plank,F,76,Two or More Races,Physiotherapy,True,5.0,43,1,0.6599999999999999,0.5
747-96-6784,2023-06-25 05:25:00,E,Ethington,M,68,Two or More Races,No Referral,False,10.0,45,0,0.7,1.0
170-62-0653,2024-09-13 18:47:00,S,Trevain,F,44,White,No Referral,True,5.0,42,0,0.6399999999999999,0.5
255-92-8939,2023-08-09 20:30:00,V,Dy,M,65,Two or More Races,Renal,True,8.0,26,0,0.32,0.8
697-73-4767,2024-01-16 13:56:00,B,Clewes,F,57,White,General Practice,False,5.0,32,0,0.44,0.5
844-86-6653,2023-11-12 04:29:00,F,Trett,M,3,White,General Practice,False,3.0,38,0,0.56,0.30000000000000004
460-55-2507,2023-08-29 19:35:00,H,Goodisson,F,44,African American,Orthopedics,True,1.0,32,0,0.44,0.1
433-42-5910,2024-04-02 05:05:00,V,Schout,F,74,Asian,Gastroenterology,True,8.0,39,0,0.5800000000000001,0.8
191-36-0112,2023-07-08 22:56:00,L,Stoker,M,39,White,No Referral,True,5.0,42,0,0.6399999999999999,0.5
558-14-1217,2024-07-12 19:18:00,G,Lead,M,53,Native American/Alaska Native,Orthopedics,True,8.0,51,0,0.8200000000000001,0.8
139-07-0452,2024-09-21 09:29:00,K,McGarva,M,20,Declined to Identify,Orthopedics,True,3.0,57,0,0.9400000000000002,0.30000000000000004
665-04-6942,2024-04-26 09:01:00,C,Leyden,M,40,White,Orthopedics,False,5.0,23,0,0.26,0.5
738-27-0084,2023-08-13 01:56:00,N,Proom,F,37,Declined to Identify,General Practice,True,5.0,51,0,0.8200000000000001,0.5
378-74-2509,2023-10-18 20:03:00,F,Watkinson,M,30,African American,Orthopedics,True,2.0,53,0,0.8600000000000001,0.2
838-07-1763,2023-06-02 16:17:00,Y,Piwall,F,6,White,General Practice,False,5.0,20,0,0.2,0.5
162-86-9521,2024-01-12 06:56:00,A,Cudihy,M,68,Native American/Alaska Native,General Practice,True,5.0,33,0,0.46,0.5
602-37-2587,2023-12-30 21:56:00,Q,Lutwyche,F,73,African American,No Referral,True,4.0,20,0,0.2,0.4
674-39-3958,2023-06-14 22:10:00,L,Corradino,F,63,White,No Referral,True,0.0,46,0,0.72,0.0
276-38-4682,2024-02-11 23:23:00,O,Theodore,F,13,Declined to Identify,Cardiology,False,5.0,40,0,0.6000000000000001,0.5
232-81-4919,2023-08-07 15:21:00,T,Simonich,F,61,Pacific Islander,Orthopedics,False,5.0,44,0,0.6799999999999999,0.5
616-41-9787,2024-09-01 10:15:00,Q,Nanetti,M,54,African American,Cardiology,True,5.0,34,0,0.48000000000000004,0.5
120-29-3911,2024-03-19 18:39:00,P,Corradini,M,78,Two or More Races,No Referral,True,1.0,52,0,0.8400000000000001,0.1
634-94-1438,2024-01-05 22:58:00,P,Baudichon,M,27,Two or More Races,Orthopedics,True,5.0,49,0,0.78,0.5
805-72-1704,2023-11-10 06:16:00,Y,Whitear,F,32,Declined to Identify,Gastroenterology,False,5.0,11,0,0.01999999999999999,0.5
472-80-8183,2024-08-13 03:57:00,E,Simner,M,19,White,Orthopedics,False,1.0,52,0,0.8400000000000001,0.1
632-20-4911,2024-05-14 23:40:00,Q,Penwright,M,25,African American,No Referral,True,0.0,35,0,0.5,0.0
792-04-6423,2024-09-09 14:00:00,K,Brittan,F,59,White,General Practice,True,5.0,56,0,0.9200000000000002,0.5
896-82-2567,2024-07-28 04:44:00,X,Schoffel,F,9,White,General Practice,False,5.0,48,0,0.76,0.5
580-30-1480,2023-12-23 18:24:00,Z,Bartrum,F,7,Two or More Races,Orthopedics,False,5.0,27,0,0.34,0.5
178-03-0288,2023-09-13 05:11:00,F,Kunz,F,73,Two or More Races,Physiotherapy,False,5.0,25,0,0.3,0.5
423-95-8777,2024-02-15 13:39:00,X,Doogan,F,28,African American,General Practice,True,5.0,52,0,0.8400000000000001,0.5
282-26-7682,2024-04-14 13:08:00,X,Asker,M,73,African American,Physiotherapy,False,5.0,42,0,0.6399999999999999,0.5
226-10-3804,2023-10-25 08:45:00,J,Minghi,M,39,Pacific Islander,Physiotherapy,True,5.0,45,0,0.7,0.5
291-99-8598,2023-07-11 22:52:00,G,Hogbin,M,11,Native American/Alaska Native,Cardiology,False,5.0,50,0,0.8,0.5
255-92-2375,2023-06-19 03:06:00,N,Jerdan,NC,70,Asian,No Referral,True,4.0,17,0,0.14,0.4
233-13-0126,2024-03-28 19:07:00,L,Murdy,M,52,African American,Orthopedics,False,5.0,12,0,0.03999999999999998,0.5
468-35-7714,2023-05-18 04:10:00,U,Harbertson,M,41,Two or More Races,Orthopedics,False,5.0,46,1,0.72,0.5
787-98-6577,2023-12-11 13:31:00,C,Wherry,M,59,Native American/Alaska Native,General Practice,True,5.0,15,0,0.09999999999999998,0.5
344-08-7920,2023-09-27 19:07:00,J,McPharlain,F,48,African American,Physiotherapy,False,5.0,34,0,0.48000000000000004,0.5
644-58-1558,2023-11-28 18:58:00,N,Krimmer,F,44,African American,Physiotherapy,False,5.0,44,0,0.6799999999999999,0.5
258-60-6957,2023-11-03 15:44:00,X,Pomfrett,F,20,Two or More Races,General Practice,False,1.0,21,0,0.21999999999999997,0.1
820-20-3247,2023-11-30 19:41:00,V,Kittley,M,77,Asian,No Referral,True,7.0,56,0,0.9200000000000002,0.7000000000000001
862-66-9466,2023-07-07 01:50:00,C,Marchington,F,72,Pacific Islander,No Referral,False,2.0,52,0,0.8400000000000001,0.2
673-44-9918,2024-07-21 01:30:00,O,Lindelof,F,67,White,Orthopedics,True,5.0,34,0,0.48000000000000004,0.5
263-10-1520,2024-03-01 07:26:00,M,Saipy,M,37,White,Cardiology,False,5.0,27,0,0.34,0.5
567-05-4342,2024-10-09 05:41:00,N,Emblin,F,21,Two or More Races,General Practice,True,5.0,55,0,0.9000000000000001,0.5
266-12-6783,2024-10-14 06:01:00,U,Henlon,M,26,African American,General Practice,False,5.0,42,0,0.6399999999999999,0.5
457-25-0613,2024-05-31 20:44:00,K,Burnside,M,33,African American,Orthopedics,True,5.0,24,0,0.27999999999999997,0.5
136-16-3393,2023-04-10 08:45:00,U,Carswell,M,27,White,Renal,True,4.0,47,0,0.74,0.4
678-33-6326,2023-06-17 13:03:00,H,O'Dowd,F,59,White,Cardiology,False,8.0,14,0,0.08000000000000002,0.8
754-53-5621,2023-12-18 17:57:00,O,Corder,M,34,Asian,No Referral,True,7.0,11,0,0.01999999999999999,0.7000000000000001
279-01-8909,2024-03-31 03:12:00,V,Di Franceshci,M,41,Pacific Islander,General Practice,False,5.0,58,0,0.96,0.5
566-62-7832,2023-09-19 22:48:00,F,Hars,F,52,Two or More Races,General Practice,False,1.0,30,0,0.39999999999999997,0.1
860-43-2537,2024-09-04 06:27:00,D,Wessel,M,31,Declined to Identify,Orthopedics,True,5.0,19,0,0.18,0.5
717-44-1754,2023-11-09 05:46:00,P,McIlvenna,M,34,Declined to Identify,Gastroenterology,False,1.0,26,0,0.32,0.1
788-05-7233,2024-04-14 22:53:00,W,Rosensaft,M,52,White,General Practice,False,5.0,35,0,0.5,0.5
269-56-0676,2024-01-15 22:57:00,R,Tooth,M,77,White,No Referral,True,2.0,59,0,0.98,0.2
432-19-9911,2023-11-06 15:07:00,S,Iamittii,F,24,White,Orthopedics,False,5.0,51,0,0.8200000000000001,0.5
359-57-5243,2023-04-21 22:27:00,Y,Archanbault,M,33,African American,General Practice,False,5.0,46,0,0.72,0.5
234-53-3039,2024-05-06 17:11:00,T,Brilleman,F,46,African American,General Practice,False,4.0,32,0,0.44,0.4
494-35-2410,2024-04-01 22:27:00,O,Mercy,M,4,Two or More Races,Gastroenterology,False,5.0,30,0,0.39999999999999997,0.5
500-22-9975,2024-05-07 23:18:00,T,Hewes,F,24,White,General Practice,True,5.0,40,0,0.6000000000000001,0.5
567-64-8503,2024-08-15 00:05:00,A,Knight,M,28,Two or More Races,Physiotherapy,False,5.0,58,0,0.96,0.5
482-31-9677,2024-08-05 18:16:00,Z,Prott,M,5,White,Renal,False,5.0,19,0,0.18,0.5
457-93-2979,2024-04-30 00:26:00,R,Snelgrove,F,53,White,Orthopedics,True,5.0,45,0,0.7,0.5
840-11-5082,2024-01-05 19:14:00,L,Wyburn,F,9,Two or More Races,General Practice,True,10.0,28,0,0.36000000000000004,1.0
557-05-5863,2024-07-13 06:12:00,L,Gillford,M,64,Two or More Races,Orthopedics,False,5.0,29,0,0.37999999999999995,0.5
801-66-2184,2024-10-25 19:27:00,N,Hearon,M,56,White,Orthopedics,False,5.0,17,0,0.14,0.5
114-45-5732,2024-10-17 11:37:00,I,Isham,F,43,White,Cardiology,True,5.0,18,0,0.15999999999999998,0.5
181-84-9858,2024-06-14 11:28:00,T,Lindenberg,F,10,Two or More Races,General Practice,False,5.0,55,0,0.9000000000000001,0.5
615-16-5686,2023-10-03 06:45:00,D,McAvey,F,11,African American,General Practice,True,5.0,49,0,0.78,0.5
156-26-5666,2024-10-20 17:44:00,N,Keysall,F,2,Declined to Identify,General Practice,True,2.0,10,0,0.0,0.2
245-37-8627,2023-06-30 15:47:00,I,Lilloe,M,26,Asian,No Referral,True,1.0,33,0,0.46,0.1
696-86-6623,2024-10-25 00:14:00,J,Wilfing,M,11,African American,Physiotherapy,True,5.0,10,0,0.0,0.5
414-64-8497,2023-09-02 12:18:00,A,Clempton,M,65,Declined to Identify,No Referral,False,2.0,40,0,0.6000000000000001,0.2
788-38-9695,2023-08-26 11:21:00,I,Auchterlony,F,7,White,General Practice,False,5.0,31,0,0.42,0.5
601-49-6614,2023-11-23 18:30:00,G,Cleife,M,58,White,General Practice,False,5.0,19,0,0.18,0.5
549-79-0918,2023-06-08 15:54:00,V,Vevers,M,66,Two or More Races,Orthopedics,True,5.0,21,0,0.21999999999999997,0.5
592-78-2378,2024-10-08 07:30:00,A,Funnell,F,53,Declined to Identify,Neurology,False,5.0,10,0,0.0,0.5
285-58-7134,2024-04-02 23:57:00,S,McFadyen,M,16,Two or More Races,Gastroenterology,True,5.0,54,0,0.8800000000000001,0.5
325-98-4218,2023-08-30 19:49:00,Z,Teideman,M,2,Two or More Races,General Practice,False,5.0,38,0,0.56,0.5
523-01-7161,2023-07-22 22:15:00,D,Edson,M,7,African American,No Referral,True,5.0,12,0,0.03999999999999998,0.5
258-52-1051,2023-08-09 18:13:00,R,Duddell,M,15,White,Orthopedics,False,2.0,36,0,0.52,0.2
232-91-0483,2023-11-07 02:53:00,A,Tavinor,M,70,White,No Referral,True,5.0,13,0,0.06,0.5
346-95-1105,2024-05-13 17:44:00,K,Fairfoul,M,40,Declined to Identify,Neurology,True,5.0,34,0,0.48000000000000004,0.5
869-78-4400,2023-10-10 20:49:00,D,Binestead,F,65,Native American/Alaska Native,Orthopedics,True,5.0,51,0,0.8200000000000001,0.5
237-84-8828,2024-08-16 19:55:00,R,Whitehouse,M,35,Native American/Alaska Native,No Referral,False,6.0,53,0,0.8600000000000001,0.6000000000000001
363-33-8633,2023-09-05 04:15:00,O,Di Dello,F,20,African American,No Referral,False,4.0,43,0,0.6599999999999999,0.4
747-07-7323,2024-05-30 12:00:00,F,Dabinett,F,11,White,Physiotherapy,True,5.0,59,0,0.98,0.5
748-83-0279,2023-12-29 05:18:00,G,Fursland,M,58,White,No Referral,False,1.0,12,0,0.03999999999999998,0.1
507-24-3607,2024-06-22 01:15:00,E,Clyburn,F,2,African American,Physiotherapy,True,5.0,15,0,0.09999999999999998,0.5
511-79-3919,2024-04-03 22:43:00,K,Dessaur,F,72,White,General Practice,False,5.0,33,0,0.46,0.5
635-03-0538,2024-01-30 23:57:00,F,Mcwhinnie,F,67,Two or More Races,General Practice,False,5.0,57,0,0.9400000000000002,0.5
441-78-6203,2024-08-28 23:28:00,E,Sandys,M,3,African American,Renal,True,6.0,42,0,0.6399999999999999,0.6000000000000001
311-14-5921,2023-06-13 08:23:00,W,Canas,F,9,White,No Referral,False,4.0,19,0,0.18,0.4
408-29-0501,2024-05-02 00:33:00,M,Evenett,M,25,White,Orthopedics,True,5.0,26,0,0.32,0.5
574-75-4280,2024-08-22 06:37:00,T,Wohlers,F,6,Two or More Races,No Referral,True,1.0,57,0,0.9400000000000002,0.1
602-64-6212,2023-09-29 02:21:00,N,Stive,F,46,Declined to Identify,General Practice,True,5.0,52,0,0.8400000000000001,0.5
477-07-4012,2023-06-12 23:51:00,M,Matzaitis,M,23,Asian,General Practice,True,5.0,11,0,0.01999999999999999,0.5
458-41-3724,2024-05-23 23:10:00,L,Grim,F,34,African American,Orthopedics,False,5.0,13,0,0.06,0.5
200-87-7696,2024-08-26 13:49:00,V,Giovani,F,13,African American,No Referral,True,4.0,10,0,0.0,0.4
177-38-4025,2024-05-06 05:14:00,R,Pilipyak,M,63,Two or More Races,General Practice,True,3.0,59,0,0.98,0.30000000000000004
241-21-0506,2023-10-17 02:00:00,M,Lorie,F,42,Declined to Identify,No Referral,True,3.0,54,0,0.8800000000000001,0.30000000000000004
644-76-1186,2023-09-15 10:16:00,L,Wasmuth,F,47,Asian,No Referral,False,6.0,11,0,0.01999999999999999,0.6000000000000001
213-73-5378,2024-10-29 18:40:00,N,Strangeway,M,27,Asian,Orthopedics,False,5.0,43,0,0.6599999999999999,0.5
210-06-8525,2023-06-10 06:49:00,L,Bergstram,F,38,White,Physiotherapy,False,4.0,24,0,0.27999999999999997,0.4
738-81-7786,2024-07-27 09:58:00,M,Michelin,F,49,African American,General Practice,True,5.0,50,0,0.8,0.5
667-52-8382,2024-08-04 09:56:00,B,Georgel,M,39,African American,General Practice,True,5.0,55,0,0.9000000000000001,0.5
714-41-2161,2023-05-01 22:37:00,T,Solley,F,31,African American,Neurology,True,5.0,41,1,0.6200000000000001,0.5
753-92-5377,2024-08-21 05:38:00,C,Elcoux,M,46,Two or More Races,Physiotherapy,True,5.0,26,0,0.32,0.5
491-94-8271,2023-06-04 22:13:00,E,Cranch,M,14,Two or More Races,Orthopedics,False,5.0,12,0,0.03999999999999998,0.5
102-05-9716,2023-10-20 02:33:00,J,Addicott,M,71,Two or More Races,General Practice,False,5.0,30,0,0.39999999999999997,0.5
559-99-5645,2023-10-04 03:52:00,I,Lowdyane,M,32,Asian,Renal,False,5.0,41,0,0.6200000000000001,0.5
613-37-8053,2024-02-10 22:13:00,W,Hale,F,5,Native American/Alaska Native,No Referral,True,2.0,54,0,0.8800000000000001,0.2
481-25-8959,2024-02-01 03:01:00,U,O'Kinneally,M,8,Pacific Islander,Orthopedics,False,5.0,33,0,0.46,0.5
783-44-2077,2024-08-05 09:38:00,S,Stanesby,F,74,African American,General Practice,False,5.0,54,0,0.8800000000000001,0.5
820-32-2123,2023-06-12 14:01:00,M,Linfoot,F,72,Two or More Races,Neurology,True,5.0,56,0,0.9200000000000002,0.5
487-23-6531,2024-03-27 07:22:00,Y,Laughtisse,M,6,Native American/Alaska Native,General Practice,True,5.0,48,0,0.76,0.5
842-23-1921,2024-05-18 01:59:00,M,Pionter,F,24,Asian,General Practice,False,5.0,37,0,0.54,0.5
215-35-3486,2024-08-31 15:40:00,M,Gurry,F,78,White,General Practice,True,5.0,26,0,0.32,0.5
830-21-0433,2023-10-03 00:01:00,H,Rheubottom,M,5,Declined to Identify,Orthopedics,True,5.0,38,0,0.56,0.5
299-46-0910,2023-11-05 02:36:00,Y,Youtead,F,50,White,No Referral,True,4.0,57,0,0.9400000000000002,0.4
478-06-8771,2024-06-10 12:55:00,O,Gelsthorpe,F,76,Two or More Races,General Practice,True,5.0,39,0,0.5800000000000001,0.5
658-48-0259,2023-08-25 13:18:00,W,Bullman,F,6,Asian,Orthopedics,True,5.0,10,0,0.0,0.5
397-69-1392,2024-08-01 12:07:00,I,Oddie,F,10,African American,General Practice,False,5.0,58,0,0.96,0.5
818-72-0858,2023-08-19 15:34:00,L,Mackilpatrick,M,65,White,General Practice,True,5.0,15,0,0.09999999999999998,0.5
108-24-4463,2023-09-21 06:33:00,I,McIlvoray,M,46,Declined to Identify,Gastroenterology,False,2.0,33,0,0.46,0.2
599-12-3787,2023-10-11 07:35:00,S,Polding,F,25,African American,No Referral,False,3.0,35,0,0.5,0.30000000000000004
467-44-4359,2023-08-04 01:54:00,Q,Gartside,M,40,African American,Orthopedics,True,6.0,28,0,0.36000000000000004,0.6000000000000001
375-30-9722,2023-05-10 14:16:00,M,Duddin,M,46,African American,Orthopedics,False,5.0,10,1,0.0,0.5
689-53-7459,2023-11-10 12:19:00,E,Mixer,M,6,White,General Practice,True,5.0,21,0,0.21999999999999997,0.5
247-92-4074,2023-06-09 10:14:00,H,Guinn,F,36,White,Gastroenterology,True,6.0,31,0,0.42,0.6000000000000001
105-30-2335,2024-05-20 14:35:00,E,Pinnell,F,13,White,Orthopedics,True,5.0,38,0,0.56,0.5
320-79-0174,2023-08-23 01:08:00,P,Whiskerd,F,79,African American,Neurology,False,5.0,41,0,0.6200000000000001,0.5
820-08-8919,2024-10-14 10:20:00,U,Phettiplace,M,18,African American,No Referral,False,0.0,36,0,0.52,0.0
504-31-4021,2023-08-20 01:56:00,B,Loutheane,M,79,White,No Referral,True,5.0,16,0,0.12,0.5
799-68-0713,2024-06-26 08:09:00,D,Bamlett,F,5,Pacific Islander,General Practice,True,3.0,19,0,0.18,0.30000000000000004
610-81-3745,2024-07-01 09:05:00,G,Hing,M,53,White,Orthopedics,True,5.0,56,0,0.9200000000000002,0.5
311-78-6420,2023-06-02 16:54:00,N,Tenniswood,M,2,White,No Referral,False,10.0,48,0,0.76,1.0
574-06-1810,2023-06-04 02:36:00,R,Curner,M,70,White,No Referral,False,10.0,17,0,0.14,1.0
196-34-2784,2023-11-24 18:14:00,L,Nouch,F,18,Asian,Gastroenterology,False,5.0,48,0,0.76,0.5
524-32-9191,2024-06-12 14:50:00,F,Hacon,M,50,Asian,General Practice,False,5.0,60,0,1.0,0.5
673-50-9490,2024-06-04 03:17:00,R,Clout,F,13,Asian,Orthopedics,True,5.0,28,0,0.36000000000000004,0.5
888-26-6668,2023-05-09 15:50:00,X,Loreit,M,67,Two or More Races,No Referral,False,5.0,48,1,0.76,0.5
380-49-3383,2023-10-20 13:04:00,B,Olivella,M,15,Two or More Races,No Referral,False,0.0,56,0,0.9200000000000002,0.0
417-96-2766,2023-04-14 15:52:00,E,Heyward,F,22,Asian,No Referral,False,4.0,20,0,0.2,0.4
878-03-2218,2023-08-16 21:46:00,S,Hutton,F,3,White,No Referral,False,3.0,52,0,0.8400000000000001,0.30000000000000004
188-23-2789,2023-06-03 07:28:00,T,Dignam,M,28,Declined to Identify,Orthopedics,True,5.0,37,0,0.54,0.5
797-54-3108,2023-08-20 11:44:00,E,Tottem,M,3,Native American/Alaska Native,No Referral,False,10.0,40,0,0.6000000000000001,1.0
136-97-6005,2023-07-04 15:43:00,C,Rattery,M,64,African American,General Practice,False,5.0,28,0,0.36000000000000004,0.5
557-77-2197,2024-09-05 19:04:00,C,Weir,M,29,African American,Orthopedics,False,7.0,54,0,0.8800000000000001,0.7000000000000001
574-99-8782,2024-03-25 19:21:00,E,Franchyonok,M,13,Asian,General Practice,True,1.0,59,0,0.98,0.1
222-46-6969,2024-09-17 23:03:00,Z,Livoir,M,49,Declined to Identify,Orthopedics,False,5.0,60,0,1.0,0.5
454-82-8237,2024-02-23 11:44:00,J,Votier,F,33,African American,No Referral,True,3.0,56,0,0.9200000000000002,0.30000000000000004
825-28-0932,2024-06-01 05:58:00,L,Escoffier,F,38,Two or More Races,Orthopedics,False,5.0,56,0,0.9200000000000002,0.5
321-64-6408,2023-11-13 21:45:00,B,Prestage,M,11,African American,General Practice,True,5.0,31,0,0.42,0.5
163-81-9187,2024-05-12 08:24:00,F,Bloxham,F,8,White,Orthopedics,True,5.0,23,0,0.26,0.5
656-26-2781,2024-03-31 21:38:00,Q,Dodge,F,4,White,General Practice,True,5.0,32,0,0.44,0.5
505-12-7655,2023-04-20 17:57:00,R,Kiss,F,42,Two or More Races,Physiotherapy,False,5.0,29,0,0.37999999999999995,0.5
179-75-0561,2024-06-13 09:29:00,Q,Pedler,F,27,Native American/Alaska Native,Orthopedics,True,7.0,52,0,0.8400000000000001,0.7000000000000001
857-53-5483,2024-07-04 12:20:00,F,Hutt,M,30,Declined to Identify,No Referral,False,4.0,30,0,0.39999999999999997,0.4
334-39-4208,2024-10-14 17:37:00,M,Hargitt,M,36,Asian,No Referral,False,2.0,39,0,0.5800000000000001,0.2
202-59-1460,2024-05-14 11:13:00,O,Eastlake,F,3,White,No Referral,True,9.0,23,0,0.26,0.9
383-59-9953,2024-04-24 06:19:00,M,Petken,F,66,Declined to Identify,No Referral,False,0.0,20,0,0.2,0.0
689-37-4544,2023-09-12 12:23:00,B,Rudsdale,F,65,Asian,General Practice,False,5.0,15,0,0.09999999999999998,0.5
115-32-2649,2023-04-09 23:54:00,W,Eyres,M,30,White,No Referral,False,3.0,47,0,0.74,0.30000000000000004
163-91-1804,2024-01-23 08:46:00,O,Kollasch,M,57,White,General Practice,False,10.0,26,0,0.32,1.0
765-76-0326,2024-08-13 07:52:00,N,MacAlpyne,F,3,Two or More Races,General Practice,True,5.0,40,0,0.6000000000000001,0.5
803-63-0438,2023-09-25 23:23:00,P,Briatt,F,19,White,Orthopedics,False,5.0,27,0,0.34,0.5
744-22-3323,2023-11-24 02:49:00,D,Murra,M,30,Asian,No Referral,True,0.0,38,0,0.56,0.0
654-54-6014,2024-09-06 05:46:00,S,Haddeston,M,4,Native American/Alaska Native,General Practice,True,5.0,33,0,0.46,0.5
429-22-2933,2023-08-16 10:05:00,S,Halms,F,45,White,Cardiology,False,5.0,47,0,0.74,0.5
884-62-8043,2023-08-14 04:19:00,U,Nunson,F,43,Two or More Races,No Referral,False,5.0,55,0,0.9000000000000001,0.5
115-06-8540,2023-09-19 16:47:00,W,Jouannisson,M,39,African American,General Practice,False,5.0,21,0,0.21999999999999997,0.5
580-35-3681,2024-08-20 20:36:00,C,Maslin,F,68,African American,Physiotherapy,True,5.0,26,0,0.32,0.5
844-55-2304,2024-03-09 10:20:00,R,Paroni,M,74,White,General Practice,False,5.0,22,0,0.24,0.5
430-27-7131,2023-11-26 04:39:00,E,Brosh,F,39,Pacific Islander,Physiotherapy,True,5.0,34,0,0.48000000000000004,0.5
257-10-3017,2023-07-13 14:45:00,R,Bedow,M,16,African American,No Referral,False,4.0,26,0,0.32,0.4
546-24-9453,2023-08-29 20:24:00,I,Shyre,F,41,White,General Practice,False,5.0,17,0,0.14,0.5
308-11-3429,2024-01-02 07:09:00,D,Wyldbore,M,3,African American,General Practice,True,5.0,27,0,0.34,0.5
441-73-7448,2024-07-09 03:46:00,Z,Stickles,M,60,African American,Gastroenterology,False,9.0,45,0,0.7,0.9
456-51-8577,2024-08-27 07:04:00,Y,Bonner,F,75,White,No Referral,False,4.0,13,0,0.06,0.4
125-52-4944,2023-04-01 04:34:00,N,Sommerscales,M,79,White,General Practice,False,5.0,21,0,0.21999999999999997,0.5
387-11-4530,2024-04-03 07:49:00,J,Stanyer,F,53,White,General Practice,True,5.0,43,0,0.6599999999999999,0.5
243-12-8113,2023-04-24 19:44:00,N,Winborn,F,63,White,General Practice,False,1.0,26,0,0.32,0.1
712-66-6927,2024-09-01 14:04:00,H,Tolomei,F,44,Pacific Islander,No Referral,False,7.0,36,0,0.52,0.7000000000000001
298-48-4593,2024-07-06 10:50:00,H,Cabrer,M,40,African American,Physiotherapy,False,2.0,50,0,0.8,0.2
789-18-7648,2023-10-07 05:09:00,P,Battrum,F,43,African American,No Referral,False,8.0,12,0,0.03999999999999998,0.8
587-62-6740,2023-12-25 10:12:00,L,Nurse,M,33,Pacific Islander,Cardiology,True,1.0,26,0,0.32,0.1
125-12-2869,2024-04-23 07:09:00,Y,Dowbakin,M,2,Two or More Races,Orthopedics,False,6.0,47,0,0.74,0.6000000000000001
300-67-3405,2024-08-18 19:37:00,E,Misk,F,48,African American,No Referral,True,4.0,20,0,0.2,0.4
668-82-6440,2024-04-16 06:15:00,E,Dallicott,F,79,Two or More Races,General Practice,False,0.0,36,0,0.52,0.0
255-15-5945,2024-07-31 02:59:00,B,Shortcliffe,M,44,Pacific Islander,Orthopedics,True,5.0,30,0,0.39999999999999997,0.5
205-05-3780,2023-07-25 04:31:00,L,McColl,M,21,Asian,Cardiology,False,5.0,52,0,0.8400000000000001,0.5
884-77-2363,2024-09-06 13:39:00,S,Nazer,M,56,African American,General Practice,False,5.0,55,0,0.9000000000000001,0.5
192-05-5593,2024-05-18 12:58:00,Q,Borges,F,33,African American,Cardiology,False,3.0,55,0,0.9000000000000001,0.30000000000000004
434-14-2526,2024-01-06 14:30:00,R,McLugaish,M,30,White,No Referral,False,7.0,58,0,0.96,0.7000000000000001
192-37-6592,2023-11-07 01:37:00,S,Rupel,F,29,Native American/Alaska Native,No Referral,True,2.0,31,0,0.42,0.2
236-98-9389,2023-11-06 10:21:00,T,Gittings,M,74,White,No Referral,False,3.0,12,0,0.03999999999999998,0.30000000000000004
536-49-3021,2023-07-22 19:56:00,A,Hullbrook,F,8,African American,General Practice,False,5.0,22,0,0.24,0.5
599-99-7003,2023-07-15 18:50:00,S,Simonard,F,63,White,Orthopedics,False,7.0,24,0,0.27999999999999997,0.7000000000000001
140-08-8473,2024-03-04 11:45:00,T,Pelcheur,M,55,White,General Practice,True,5.0,41,0,0.6200000000000001,0.5
592-59-2509,2023-09-19 01:55:00,D,Flageul,F,15,Declined to Identify,No Referral,True,0.0,43,0,0.6599999999999999,0.0
170-92-2559,2023-08-18 05:25:00,O,Steere,F,22,White,Orthopedics,False,5.0,49,0,0.78,0.5
234-94-2985,2023-06-22 23:50:00,P,Garlee,F,22,Declined to Identify,Cardiology,False,7.0,41,0,0.6200000000000001,0.7000000000000001
587-71-6980,2024-09-01 04:25:00,P,Grieve,F,37,White,No Referral,True,0.0,57,0,0.9400000000000002,0.0
894-88-3223,2024-03-07 20:43:00,G,Beston,M,68,African American,General Practice,True,5.0,17,0,0.14,0.5
335-29-5695,2023-11-23 04:13:00,T,Fardy,M,55,Pacific Islander,No Referral,False,8.0,12,0,0.03999999999999998,0.8
701-64-7880,2023-04-01 01:21:00,L,Brothwell,M,18,Two or More Races,No Referral,True,3.0,40,0,0.6000000000000001,0.30000000000000004
364-02-4362,2024-03-04 18:28:00,H,Grinikhinov,F,56,African American,General Practice,True,5.0,55,0,0.9000000000000001,0.5
716-47-4061,2024-06-16 22:19:00,Y,Fransinelli,F,42,White,No Referral,False,4.0,22,0,0.24,0.4
463-10-9391,2024-02-05 10:53:00,Q,MacKellar,F,40,African American,No Referral,False,0.0,50,0,0.8,0.0
511-18-6760,2023-11-28 18:57:00,M,Nellen,F,67,African American,General Practice,False,1.0,39,0,0.5800000000000001,0.1
763-15-1169,2024-05-08 02:15:00,V,Wanne,F,64,White,Cardiology,True,5.0,57,0,0.9400000000000002,0.5
394-88-7661,2023-12-05 03:02:00,X,Thornborrow,F,79,African American,No Referral,True,4.0,13,0,0.06,0.4
170-42-6194,2023-11-13 02:46:00,N,Huntriss,F,1,White,Orthopedics,False,5.0,29,0,0.37999999999999995,0.5
346-40-4027,2023-10-18 14:05:00,X,Archdeckne,F,64,White,Orthopedics,True,5.0,26,0,0.32,0.5
193-18-8479,2023-10-29 10:40:00,W,Golagley,F,76,Two or More Races,No Referral,False,1.0,46,0,0.72,0.1
278-28-0801,2023-05-23 20:50:00,J,Tchaikovsky,M,33,African American,No Referral,True,0.0,42,1,0.6399999999999999,0.0
332-02-9468,2024-04-19 10:36:00,U,Beetham,F,33,African American,Physiotherapy,False,5.0,19,0,0.18,0.5
770-80-9495,2023-08-12 07:33:00,V,Danick,M,37,White,General Practice,False,5.0,42,0,0.6399999999999999,0.5
552-17-8075,2024-10-07 01:24:00,J,Threlkeld,M,15,Two or More Races,Orthopedics,False,5.0,35,0,0.5,0.5
438-35-3087,2023-04-27 11:46:00,L,Beau,M,45,Two or More Races,No Referral,True,2.0,36,0,0.52,0.2
263-15-6279,2024-08-25 05:37:00,B,Asplen,F,68,White,Orthopedics,False,5.0,57,0,0.9400000000000002,0.5
674-28-0052,2024-05-15 21:27:00,U,Mackriell,F,26,Two or More Races,General Practice,True,0.0,30,0,0.39999999999999997,0.0
855-94-5606,2024-10-07 07:44:00,X,Lorking,M,50,African American,No Referral,False,4.0,22,0,0.24,0.4
452-70-6133,2024-01-17 17:37:00,R,Seldner,F,32,Pacific Islander,No Referral,False,6.0,45,0,0.7,0.6000000000000001
518-33-8587,2023-07-24 23:17:00,W,Windus,M,71,Declined to Identify,General Practice,False,5.0,58,0,0.96,0.5
279-66-1617,2023-07-31 21:30:00,F,Burgon,M,58,African American,No Referral,False,10.0,31,0,0.42,1.0
791-74-3814,2023-06-07 11:37:00,H,Crammy,M,76,Asian,General Practice,True,5.0,32,0,0.44,0.5
761-02-7059,2024-07-30 03:22:00,T,Pietasch,M,66,White,No Referral,False,5.0,16,0,0.12,0.5
774-37-2696,2023-04-09 11:56:00,Y,Mauchlen,M,73,White,General Practice,True,5.0,53,0,0.8600000000000001,0.5
587-09-0178,2024-03-09 18:37:00,K,Wilder,M,52,White,General Practice,False,5.0,25,0,0.3,0.5
372-61-0636,2024-08-10 15:27:00,F,Threlkeld,M,28,Asian,General Practice,False,5.0,55,0,0.9000000000000001,0.5
680-60-0211,2023-11-08 07:28:00,V,Gellan,M,42,White,No Referral,True,1.0,55,0,0.9000000000000001,0.1
558-56-3966,2024-08-31 23:46:00,T,Longhi,F,76,White,No Referral,True,10.0,42,0,0.6399999999999999,1.0
615-25-9046,2024-10-22 13:37:00,I,McAlpin,F,76,African American,General Practice,False,5.0,57,0,0.9400000000000002,0.5
256-81-6386,2024-02-08 18:29:00,R,Treslove,M,44,White,Orthopedics,True,5.0,19,0,0.18,0.5
422-02-1134,2024-02-20 02:31:00,Q,Boole,M,20,Declined to Identify,Orthopedics,False,5.0,52,0,0.8400000000000001,0.5
353-18-1225,2023-07-13 08:24:00,R,Elam,F,11,White,Orthopedics,True,3.0,31,0,0.42,0.30000000000000004
357-14-1841,2023-12-05 17:29:00,U,Binnall,F,72,Declined to Identify,No Referral,False,3.0,48,0,0.76,0.30000000000000004
794-84-8070,2024-06-03 06:41:00,C,Beining,M,11,African American,No Referral,False,3.0,41,0,0.6200000000000001,0.30000000000000004
724-64-2811,2023-06-18 14:17:00,R,Wrennall,F,31,White,No Referral,True,3.0,43,0,0.6599999999999999,0.30000000000000004
888-09-0158,2023-07-09 20:42:00,H,Rossiter,M,7,Asian,General Practice,False,6.0,37,0,0.54,0.6000000000000001
438-69-9769,2024-03-17 22:46:00,X,Redmayne,M,64,Asian,General Practice,False,5.0,47,0,0.74,0.5
265-75-4107,2023-10-21 22:08:00,M,Alebrooke,F,73,Two or More Races,General Practice,False,5.0,48,0,0.76,0.5
877-16-4474,2024-01-29 05:46:00,Z,Leather,F,33,Asian,No Referral,True,6.0,23,0,0.26,0.6000000000000001
649-33-3703,2024-08-08 03:09:00,J,Rapaport,F,60,Two or More Races,No Referral,False,1.0,27,0,0.34,0.1
719-06-1377,2023-05-21 01:04:00,B,Alfonsetto,F,37,African American,Cardiology,False,5.0,48,1,0.76,0.5
563-41-7288,2024-08-27 20:33:00,D,Guido,F,6,African American,Cardiology,False,5.0,60,0,1.0,0.5
111-50-6779,2023-08-06 03:14:00,E,Enrigo,F,40,African American,Cardiology,False,5.0,51,0,0.8200000000000001,0.5
268-45-1271,2023-12-03 22:12:00,G,Gillino,F,21,African American,Cardiology,False,5.0,17,0,0.14,0.5
347-03-3021,2023-09-14 18:36:00,I,Featherby,F,74,African American,Cardiology,False,5.0,27,0,0.34,0.5
388-90-9318,2024-03-29 00:55:00,K,MacKeague,F,12,African American,Cardiology,False,5.0,21,0,0.21999999999999997,0.5
894-34-5445,2024-06-24 12:30:00,P,Mariolle,F,18,African American,Cardiology,False,5.0,32,0,0.44,0.5
616-67-9062,2023-11-06 19:01:00,Z,Lusgdin,F,40,African American,Cardiology,False,5.0,30,0,0.39999999999999997,0.5
182-89-0226,2023-04-12 18:12:00,R,Lothlorien,F,74,African American,Cardiology,False,9.0,26,0,0.32,0.9
886-24-8880,2024-09-18 06:14:00,D,Gilbart,F,53,African American,Cardiology,False,10.0,59,0,0.98,1.0
782-56-2604,2023-12-01 15:54:00,C,Vogeler,F,4,African American,Gastroenterology,False,5.0,14,0,0.08000000000000002,0.5
106-91-6612,2023-05-21 00:15:00,H,Riguard,F,63,African American,Gastroenterology,False,5.0,27,1,0.34,0.5
130-38-4655,2023-07-08 17:49:00,L,Clemetts,F,5,African American,Gastroenterology,False,5.0,40,0,0.6000000000000001,0.5
174-12-4814,2023-09-18 00:05:00,R,Suche,F,74,African American,Gastroenterology,False,5.0,51,0,0.8200000000000001,0.5
409-08-4045,2023-04-06 01:35:00,O,Spillane,F,35,African American,Gastroenterology,False,4.0,27,0,0.34,0.4
568-07-4724,2023-12-19 05:31:00,Z,Meeke,F,9,African American,Gastroenterology,False,8.0,51,0,0.8200000000000001,0.8
285-69-9065,2024-06-25 21:11:00,B,Duinkerk,F,79,African American,General Practice,False,5.0,14,0,0.08000000000000002,0.5
126-95-6355,2024-07-26 17:59:00,B,Negri,F,35,African American,General Practice,False,5.0,22,0,0.24,0.5
855-81-5760,2023-05-27 00:10:00,B,Maclean,F,40,African American,General Practice,False,5.0,25,1,0.3,0.5
490-58-8278,2024-08-27 09:11:00,B,Bythway,F,54,African American,General Practice,False,5.0,47,0,0.74,0.5
852-85-2515,2024-05-02 06:16:00,C,Jammes,F,58,African American,General Practice,False,5.0,19,0,0.18,0.5
301-60-1162,2023-04-30 15:33:00,C,Pitts,F,14,African American,General Practice,False,5.0,27,0,0.34,0.5
329-16-8015,2023-11-14 00:00:00,C,Epps,F,74,African American,General Practice,False,5.0,33,0,0.46,0.5
469-53-8098,2023-11-26 16:42:00,C,Kosel,F,70,African American,General Practice,False,5.0,60,0,1.0,0.5
771-62-4236,2024-08-14 19:58:00,D,Turbill,F,1,African American,General Practice,False,5.0,35,0,0.5,0.5
176-69-3010,2024-05-16 22:09:00,D,Winchester,F,32,African American,General Practice,False,5.0,42,0,0.6399999999999999,0.5
256-03-6469,2024-03-14 20:16:00,E,Plummer,F,30,African American,General Practice,False,5.0,11,0,0.01999999999999999,0.5
608-77-1218,2024-06-16 05:23:00,E,Aggio,F,60,African American,General Practice,False,5.0,12,0,0.03999999999999998,0.5
826-43-2977,2023-08-21 16:18:00,E,Greenfield,F,48,African American,General Practice,False,5.0,14,0,0.08000000000000002,0.5
647-03-6974,2024-05-09 00:48:00,E,Dolphin,F,8,African American,General Practice,False,5.0,33,0,0.46,0.5
672-66-3624,2024-01-16 05:55:00,E,Battista,F,1,African American,General Practice,False,5.0,47,0,0.74,0.5
385-55-7187,2023-12-18 11:49:00,G,Kaysor,F,62,African American,General Practice,False,5.0,12,0,0.03999999999999998,0.5
821-22-8596,2023-04-20 18:28:00,G,Gergher,F,23,African American,General Practice,False,5.0,19,0,0.18,0.5
312-87-8639,2023-04-17 17:35:00,G,D'Acth,F,16,African American,General Practice,False,5.0,25,0,0.3,0.5
515-48-8143,2024-01-31 12:42:00,G,Fetherstonhaugh,F,67,African American,General Practice,False,5.0,41,0,0.6200000000000001,0.5
408-26-1392,2024-06-29 14:25:00,H,Hupka,F,13,African American,General Practice,False,5.0,33,0,0.46,0.5
150-41-7960,2024-06-26 09:05:00,H,Manders,F,27,African American,General Practice,False,5.0,43,0,0.6599999999999999,0.5
476-53-5824,2024-02-08 01:06:00,I,Germon,F,45,African American,General Practice,False,5.0,18,0,0.15999999999999998,0.5
699-53-9072,2023-10-18 09:39:00,J,Whittle,F,60,African American,General Practice,False,5.0,29,0,0.37999999999999995,0.5
742-71-3088,2023-09-23 18:11:00,K,Goodby,F,22,African American,General Practice,False,5.0,17,0,0.14,0.5
548-38-7756,2024-02-11 20:36:00,L,Otham,F,14,African American,General Practice,False,5.0,40,0,0.6000000000000001,0.5
768-74-9911,2024-03-04 09:07:00,L,Dureden,F,55,African American,General Practice,False,5.0,46,0,0.72,0.5
555-04-4632,2024-07-19 10:42:00,M,Cooksey,F,32,African American,General Practice,False,5.0,36,0,0.52,0.5
132-59-6486,2023-11-27 06:52:00,M,Orneblow,F,68,African American,General Practice,False,5.0,56,0,0.9200000000000002,0.5
678-71-1257,2024-06-18 09:53:00,N,Gumery,F,42,African American,General Practice,False,5.0,21,0,0.21999999999999997,0.5
602-27-8019,2024-03-08 23:01:00,N,Saunderson,F,66,African American,General Practice,False,5.0,32,0,0.44,0.5
307-79-4993,2024-09-10 02:35:00,N,Tortoishell,F,8,African American,General Practice,False,5.0,36,0,0.52,0.5
887-70-0249,2024-08-12 19:45:00,O,Milward,F,56,African American,General Practice,False,5.0,35,0,0.5,0.5
268-52-0413,2023-04-03 21:56:00,O,Hailston,F,36,African American,General Practice,False,5.0,36,0,0.52,0.5
415-79-3375,2023-12-30 04:23:00,P,Taks,F,17,African American,General Practice,False,5.0,45,0,0.7,0.5
193-65-5672,2023-08-05 08:53:00,Q,Clowes,F,70,African American,General Practice,False,5.0,48,0,0.76,0.5
740-47-5663,2024-03-06 11:03:00,Q,Marke,F,33,African American,General Practice,False,5.0,60,0,1.0,0.5
616-33-9502,2023-08-10 11:19:00,Q,McRoberts,F,70,African American,General Practice,False,5.0,60,0,1.0,0.5
481-07-6937,2023-04-12 21:51:00,S,Garrard,F,46,African American,General Practice,False,5.0,42,0,0.6399999999999999,0.5
257-74-9742,2023-06-17 00:52:00,T,Olin,F,19,African American,General Practice,False,5.0,15,0,0.09999999999999998,0.5
816-20-1565,2024-07-11 06:35:00,T,Conyard,F,9,African American,General Practice,False,5.0,31,0,0.42,0.5
249-43-7801,2024-03-31 17:04:00,T,Harverson,F,36,African American,General Practice,False,5.0,39,0,0.5800000000000001,0.5
127-11-9600,2024-04-25 23:31:00,U,Budcock,F,38,African American,General Practice,False,5.0,34,0,0.48000000000000004,0.5
434-36-4693,2024-08-26 04:59:00,U,Anderl,F,41,African American,General Practice,False,5.0,51,0,0.8200000000000001,0.5
629-66-8713,2023-09-08 00:04:00,U,Khidr,F,46,African American,General Practice,False,5.0,54,0,0.8800000000000001,0.5
399-83-2838,2024-08-16 09:17:00,V,Borrie,F,11,African American,General Practice,False,5.0,39,0,0.5800000000000001,0.5
403-12-7738,2024-04-03 06:24:00,W,Blenkinsop,F,18,African American,General Practice,False,5.0,23,0,0.26,0.5
723-96-0625,2024-01-11 11:51:00,W,Baythrop,F,39,African American,General Practice,False,5.0,23,0,0.26,0.5
509-96-8931,2023-08-21 18:39:00,W,Chessell,F,33,African American,General Practice,False,5.0,49,0,0.78,0.5
286-15-2377,2023-12-30 18:39:00,W,Roelofsen,F,48,African American,General Practice,False,5.0,50,0,0.8,0.5
895-44-5421,2023-11-22 17:16:00,W,Gormally,F,18,African American,General Practice,False,5.0,51,0,0.8200000000000001,0.5
744-37-2731,2023-05-19 07:21:00,X,Cassels,F,38,African American,General Practice,False,5.0,30,1,0.39999999999999997,0.5
534-15-5048,2023-05-01 20:20:00,X,Vasilyonok,F,10,African American,General Practice,False,5.0,43,1,0.6599999999999999,0.5
713-55-9408,2023-08-23 07:24:00,X,Castelot,F,11,African American,General Practice,False,5.0,46,0,0.72,0.5
655-60-5604,2023-05-15 04:55:00,X,Southway,F,54,African American,General Practice,False,5.0,46,1,0.72,0.5
225-04-1769,2023-10-04 16:35:00,X,Martynikhin,F,16,African American,General Practice,False,5.0,60,0,1.0,0.5
288-65-1997,2023-09-13 07:18:00,Y,Geater,F,50,African American,General Practice,False,5.0,20,0,0.2,0.5
576-10-9140,2024-08-15 18:34:00,Y,Ewles,F,19,African American,General Practice,False,5.0,38,0,0.56,0.5
299-19-3267,2023-06-15 00:03:00,Z,Ragless,F,26,African American,General Practice,False,5.0,43,0,0.6599999999999999,0.5
613-38-1181,2024-08-18 11:14:00,Z,Loker,F,5,African American,General Practice,False,5.0,49,0,0.78,0.5
555-34-2893,2023-07-09 00:09:00,Z,Swiers,F,29,African American,General Practice,False,5.0,53,0,0.8600000000000001,0.5
503-61-0053,2023-08-26 19:25:00,Z,Scarfe,F,5,African American,General Practice,False,5.0,54,0,0.8800000000000001,0.5
102-20-6596,2024-06-11 19:06:00,V,Asson,F,69,African American,General Practice,False,0.0,33,0,0.46,0.0
611-35-2228,2024-07-04 13:59:00,N,Cashen,F,38,African American,General Practice,False,1.0,33,0,0.46,0.1
465-81-9018,2023-06-20 07:47:00,T,Dome,F,55,African American,General Practice,False,1.0,56,0,0.9200000000000002,0.1
769-70-5050,2023-12-12 14:19:00,Y,McQuilkin,F,4,African American,General Practice,False,1.0,10,0,0.0,0.1
535-01-7739,2024-05-14 22:45:00,N,Slessor,F,7,African American,General Practice,False,2.0,31,0,0.42,0.2
691-66-2729,2024-01-20 14:19:00,P,Downgate,F,5,African American,General Practice,False,2.0,56,0,0.9200000000000002,0.2
218-33-6566,2024-08-22 22:28:00,U,Walbrun,F,8,African American,General Practice,False,2.0,49,0,0.78,0.2
820-39-7118,2024-10-26 19:24:00,O,Casolla,F,13,African American,General Practice,False,3.0,39,0,0.5800000000000001,0.30000000000000004
672-05-7311,2023-07-17 03:25:00,S,Jennens,F,13,African American,General Practice,False,3.0,58,0,0.96,0.30000000000000004
660-26-9221,2024-05-22 09:06:00,Z,Blaylock,F,51,African American,General Practice,False,3.0,52,0,0.8400000000000001,0.30000000000000004
897-92-4692,2024-09-30 09:55:00,N,Parrington,F,10,African American,General Practice,False,4.0,12,0,0.03999999999999998,0.4
421-32-5744,2024-05-30 11:22:00,P,Oke,F,71,African American,General Practice,False,4.0,19,0,0.18,0.4
876-21-0868,2023-08-19 12:06:00,Q,Pheazey,F,29,African American,General Practice,False,4.0,45,0,0.7,0.4
344-87-8606,2023-08-24 18:49:00,B,Gooderick,F,7,African American,General Practice,False,5.0,34,0,0.48000000000000004,0.5
188-73-2556,2024-01-20 18:31:00,E,Campo,F,56,African American,General Practice,False,5.0,37,0,0.54,0.5
857-28-7777,2024-02-22 19:14:00,X,Markushkin,F,38,African American,General Practice,False,5.0,46,0,0.72,0.5
198-10-9009,2024-05-21 23:05:00,A,Jamison,F,21,African American,General Practice,False,6.0,34,0,0.48000000000000004,0.6000000000000001
215-64-9064,2023-11-07 05:22:00,E,Kynforth,F,63,African American,General Practice,False,6.0,56,0,0.9200000000000002,0.6000000000000001
637-78-4643,2024-01-25 20:27:00,P,Klessmann,F,77,African American,General Practice,False,6.0,12,0,0.03999999999999998,0.6000000000000001
768-93-9567,2023-05-07 04:28:00,P,Sheran,F,11,African American,General Practice,False,6.0,29,1,0.37999999999999995,0.6000000000000001
852-52-8451,2024-05-01 22:32:00,Q,Andrivot,F,31,African American,General Practice,False,6.0,12,0,0.03999999999999998,0.6000000000000001
871-89-4819,2024-02-10 08:54:00,J,Turmall,F,36,African American,General Practice,False,7.0,39,0,0.5800000000000001,0.7000000000000001
170-12-3064,2023-08-22 07:20:00,M,Brandrick,F,22,African American,General Practice,False,7.0,10,0,0.0,0.7000000000000001
613-18-7721,2024-02-16 05:10:00,E,Greeson,F,46,African American,General Practice,False,8.0,51,0,0.8200000000000001,0.8
160-60-1177,2023-10-14 00:50:00,E,Baiss,F,66,African American,General Practice,False,9.0,21,0,0.21999999999999997,0.9
703-90-9423,2023-06-23 09:01:00,E,Killiner,F,45,African American,General Practice,False,10.0,14,0,0.08000000000000002,1.0
575-30-5215,2024-10-14 19:04:00,L,Pimerick,F,38,African American,General Practice,False,10.0,47,0,0.74,1.0
128-04-8702,2024-07-11 16:39:00,U,Albion,F,68,African American,General Practice,False,10.0,34,0,0.48000000000000004,1.0
535-20-8984,2024-10-09 01:10:00,E,Braunthal,F,13,African American,Neurology,False,5.0,46,0,0.72,0.5
816-61-0800,2024-07-12 13:45:00,F,Dumbell,F,59,African American,Neurology,False,5.0,58,0,0.96,0.5
786-86-2035,2023-11-20 04:27:00,N,Sugge,F,41,African American,Neurology,False,5.0,23,0,0.26,0.5
410-26-6916,2024-03-27 21:11:00,O,Cabrera,F,31,African American,Neurology,False,5.0,54,0,0.8800000000000001,0.5
109-39-8231,2023-08-25 21:54:00,G,Truse,F,5,African American,Neurology,False,8.0,48,0,0.76,0.8
769-16-8734,2023-07-04 05:12:00,F,Miquelet,F,53,African American,No Referral,False,0.0,10,0,0.0,0.0
141-74-4458,2023-12-26 10:24:00,R,Richt,F,54,African American,No Referral,False,0.0,21,0,0.21999999999999997,0.0
679-38-3458,2023-06-22 22:39:00,W,Trustram,F,24,African American,No Referral,False,0.0,29,0,0.37999999999999995,0.0
743-50-8009,2023-12-05 13:28:00,B,Wheeliker,F,9,African American,No Referral,False,1.0,29,0,0.37999999999999995,0.1
848-13-6227,2024-02-03 08:15:00,D,Reeves,F,77,African American,No Referral,False,1.0,25,0,0.3,0.1
850-19-4604,2024-06-03 19:37:00,H,Cheeke,F,67,African American,No Referral,False,1.0,40,0,0.6000000000000001,0.1
543-99-4748,2024-08-01 12:27:00,R,Corradi,F,62,African American,No Referral,False,1.0,35,0,0.5,0.1
315-73-8679,2023-05-30 17:02:00,S,Duinkerk,F,36,African American,No Referral,False,1.0,14,1,0.08000000000000002,0.1
215-96-3099,2023-06-01 14:17:00,S,Millan,F,70,African American,No Referral,False,1.0,37,0,0.54,0.1
780-28-1491,2024-01-02 17:16:00,U,Lambert-Ciorwyn,F,16,African American,No Referral,False,1.0,29,0,0.37999999999999995,0.1
595-33-7472,2023-06-07 03:24:00,V,Vaughn,F,72,African American,No Referral,False,1.0,48,0,0.76,0.1
746-03-9818,2023-11-10 03:04:00,C,Glaum,F,11,African American,No Referral,False,2.0,11,0,0.01999999999999999,0.2
699-87-8336,2024-07-10 19:14:00,E,Denekamp,F,19,African American,No Referral,False,2.0,30,0,0.39999999999999997,0.2
229-94-6883,2023-07-01 10:47:00,K,Sibly,F,4,African American,No Referral,False,2.0,26,0,0.32,0.2
683-61-8328,2024-04-28 17:08:00,O,Crichley,F,10,African American,No Referral,False,2.0,40,0,0.6000000000000001,0.2
275-97-9757,2024-10-11 11:11:00,S,Alkin,F,59,African American,No Referral,False,2.0,13,0,0.06,0.2
537-53-0651,2023-07-04 13:24:00,I,Whiteway,F,26,African American,No Referral,False,3.0,48,0,0.76,0.30000000000000004
843-36-4800,2023-09-10 19:02:00,N,Guiett,F,42,African American,No Referral,False,3.0,13,0,0.06,0.30000000000000004
519-73-0586,2024-10-25 05:11:00,S,Dockwray,F,37,African American,No Referral,False,3.0,24,0,0.27999999999999997,0.30000000000000004
552-80-5445,2023-09-09 12:28:00,U,Bento,F,17,African American,No Referral,False,3.0,37,0,0.54,0.30000000000000004
822-56-9864,2023-10-31 19:49:00,Y,Doche,F,65,African American,No Referral,False,3.0,39,0,0.5800000000000001,0.30000000000000004
621-97-5594,2023-08-14 20:02:00,A,Cordes,F,57,African American,No Referral,False,4.0,58,0,0.96,0.4
649-96-4440,2024-04-13 07:45:00,D,Dagnan,F,36,African American,No Referral,False,4.0,15,0,0.09999999999999998,0.4
104-44-8448,2023-06-18 22:14:00,I,Hatherley,F,10,African American,No Referral,False,4.0,26,0,0.32,0.4
797-16-0807,2023-06-04 10:57:00,L,McCullogh,F,71,African American,No Referral,False,4.0,54,0,0.8800000000000001,0.4
362-04-6227,2023-12-17 23:39:00,B,Orrick,F,49,African American,No Referral,False,5.0,33,0,0.46,0.5
310-63-1799,2024-01-15 15:31:00,E,Castanos,F,39,African American,No Referral,False,5.0,28,0,0.36000000000000004,0.5
175-46-2862,2024-10-18 02:03:00,E,Boules,F,6,African American,No Referral,False,5.0,56,0,0.9200000000000002,0.5
467-99-8996,2024-01-19 03:28:00,G,Brame,F,19,African American,No Referral,False,5.0,42,0,0.6399999999999999,0.5
460-15-6586,2023-04-24 03:16:00,P,Stillmann,F,27,African American,No Referral,False,5.0,32,0,0.44,0.5
627-37-4516,2024-09-04 07:52:00,R,Jersh,F,68,African American,No Referral,False,5.0,42,0,0.6399999999999999,0.5
580-39-5361,2023-08-28 13:46:00,U,Colbert,F,37,African American,No Referral,False,5.0,22,0,0.24,0.5
677-05-5953,2024-08-20 18:01:00,U,Kimber,F,70,African American,No Referral,False,5.0,32,0,0.44,0.5
780-96-6113,2024-09-09 09:25:00,W,Breede,F,63,African American,No Referral,False,5.0,32,0,0.44,0.5
482-40-7597,2024-09-03 18:54:00,X,Lyndon,F,27,African American,No Referral,False,5.0,18,0,0.15999999999999998,0.5
384-22-6406,2024-05-12 02:21:00,Y,Ebben,F,56,African American,No Referral,False,5.0,60,0,1.0,0.5
127-77-9547,2024-01-23 00:17:00,R,De Ruggero,F,66,African American,No Referral,False,6.0,45,0,0.7,0.6000000000000001
604-61-1731,2024-02-29 08:46:00,T,Abade,F,40,African American,No Referral,False,6.0,32,0,0.44,0.6000000000000001
125-88-7366,2023-06-18 20:35:00,U,Bulfield,F,24,African American,No Referral,False,6.0,54,0,0.8800000000000001,0.6000000000000001
514-44-5278,2024-06-12 07:52:00,V,Dominelli,F,28,African American,No Referral,False,6.0,19,0,0.18,0.6000000000000001
385-86-5654,2023-12-24 17:51:00,Y,Balls,F,17,African American,No Referral,False,6.0,41,0,0.6200000000000001,0.6000000000000001
578-05-4342,2023-05-17 18:06:00,Z,Maber,F,13,African American,No Referral,False,6.0,50,1,0.8,0.6000000000000001
131-31-2028,2024-06-20 02:45:00,C,Triplow,F,23,African American,No Referral,False,7.0,22,0,0.24,0.7000000000000001
442-31-5916,2023-05-24 17:06:00,T,Oatley,F,39,African American,No Referral,False,7.0,37,1,0.54,0.7000000000000001
128-10-0306,2024-06-23 23:33:00,P,Boyett,F,45,African American,No Referral,False,8.0,10,0,0.0,0.8
426-66-7893,2023-05-16 20:44:00,U,Luckings,F,33,African American,No Referral,False,8.0,28,1,0.36000000000000004,0.8
259-86-4387,2023-12-17 03:50:00,W,Hukins,F,41,African American,No Referral,False,8.0,32,0,0.44,0.8
472-72-8473,2023-11-11 22:32:00,A,Kildahl,F,23,African American,No Referral,False,9.0,54,0,0.8800000000000001,0.9
711-46-8573,2023-07-02 16:28:00,V,Chapelhow,F,74,African American,No Referral,False,9.0,25,0,0.3,0.9
128-24-3514,2024-03-31 09:06:00,Y,Sussams,F,19,African American,No Referral,False,9.0,55,0,0.9000000000000001,0.9
208-88-3128,2024-08-20 20:33:00,D,Coryndon,F,72,African American,No Referral,False,10.0,37,0,0.54,1.0
727-78-9302,2024-07-27 13:18:00,D,Beechcraft,F,31,African American,No Referral,False,10.0,57,0,0.9400000000000002,1.0
340-41-2981,2023-10-18 07:06:00,I,Deshorts,F,69,African American,No Referral,False,10.0,20,0,0.2,1.0
460-64-4936,2023-12-15 05:38:00,I,Danhel,F,8,African American,No Referral,False,10.0,42,0,0.6399999999999999,1.0
280-79-5942,2023-12-21 08:50:00,J,Harron,F,46,African American,No Referral,False,10.0,34,0,0.48000000000000004,1.0
860-54-9346,2023-08-05 15:24:00,S,Erasmus,F,39,African American,No Referral,False,10.0,54,0,0.8800000000000001,1.0
438-98-4639,2023-04-05 06:25:00,T,Pawfoot,F,26,African American,No Referral,False,10.0,46,0,0.72,1.0
381-92-2973,2023-06-06 17:51:00,U,Chitham,F,79,African American,No Referral,False,10.0,15,0,0.09999999999999998,1.0
584-74-6723,2024-08-25 07:43:00,X,Stockau,F,67,African American,No Referral,False,10.0,20,0,0.2,1.0
483-20-0302,2024-03-28 09:22:00,B,Dyzart,F,47,African American,Orthopedics,False,5.0,30,0,0.39999999999999997,0.5
634-38-7814,2024-03-27 15:55:00,C,Pagan,F,4,African American,Orthopedics,False,5.0,45,0,0.7,0.5
578-73-4353,2023-04-08 23:49:00,E,Siccombe,F,15,African American,Orthopedics,False,5.0,33,0,0.46,0.5
442-97-4394,2024-05-22 16:23:00,F,Deakins,F,60,African American,Orthopedics,False,5.0,47,0,0.74,0.5
180-27-1558,2023-11-02 14:32:00,F,Stacy,F,20,African American,Orthopedics,False,5.0,52,0,0.8400000000000001,0.5
196-80-7773,2023-08-15 06:55:00,G,Whimper,F,74,African American,Orthopedics,False,5.0,13,0,0.06,0.5
774-04-3304,2023-04-28 05:13:00,G,Ruddy,F,34,African American,Orthopedics,False,5.0,27,0,0.34,0.5
708-77-3192,2023-11-14 07:27:00,G,Coite,F,23,African American,Orthopedics,False,5.0,30,0,0.39999999999999997,0.5
777-67-6604,2024-02-25 15:02:00,H,Harsant,F,65,African American,Orthopedics,False,5.0,29,0,0.37999999999999995,0.5
559-67-0354,2023-11-09 11:58:00,H,Agron,F,43,African American,Orthopedics,False,5.0,43,0,0.6599999999999999,0.5
443-36-2330,2023-04-06 06:42:00,J,Ballin,F,10,African American,Orthopedics,False,5.0,21,0,0.21999999999999997,0.5
884-65-0896,2024-06-27 06:21:00,J,Newgrosh,F,48,African American,Orthopedics,False,5.0,54,0,0.8800000000000001,0.5
809-10-0879,2023-06-01 19:46:00,J,Duffy,F,60,African American,Orthopedics,False,5.0,58,0,0.96,0.5
219-45-8034,2024-06-23 16:24:00,K,Hakewell,F,73,African American,Orthopedics,False,5.0,14,0,0.08000000000000002,0.5
819-83-4431,2023-05-28 22:50:00,K,Farrear,F,16,African American,Orthopedics,False,5.0,17,1,0.14,0.5
416-95-3368,2024-02-03 10:36:00,K,Mushart,F,54,African American,Orthopedics,False,5.0,19,0,0.18,0.5
645-90-4320,2023-11-18 19:25:00,L,Simpkins,F,4,African American,Orthopedics,False,5.0,26,0,0.32,0.5
293-18-7287,2024-03-02 16:03:00,M,Hortop,F,63,African American,Orthopedics,False,5.0,49,0,0.78,0.5
754-26-5507,2024-01-31 16:28:00,N,Antonazzi,F,32,African American,Orthopedics,False,5.0,33,0,0.46,0.5
429-49-3591,2024-07-15 16:49:00,N,Polon,F,6,African American,Orthopedics,False,5.0,44,0,0.6799999999999999,0.5
698-20-8468,2024-10-09 00:44:00,O,Bohlsen,F,23,African American,Orthopedics,False,5.0,33,0,0.46,0.5
123-27-5720,2023-10-14 03:14:00,P,Gilardengo,F,55,African American,Orthopedics,False,5.0,11,0,0.01999999999999999,0.5
482-13-8422,2023-11-30 08:20:00,R,Kikke,F,5,African American,Orthopedics,False,5.0,14,0,0.08000000000000002,0.5
122-73-4557,2024-09-30 19:55:00,R,Godar,F,2,African American,Orthopedics,False,5.0,23,0,0.26,0.5
875-20-1020,2023-06-09 05:03:00,R,Perrygo,F,10,African American,Orthopedics,False,5.0,46,0,0.72,0.5
409-52-4416,2024-05-03 10:25:00,S,Gately,F,74,African American,Orthopedics,False,5.0,43,0,0.6599999999999999,0.5
554-09-0300,2024-02-10 23:31:00,S,Brierley,F,42,African American,Orthopedics,False,5.0,56,0,0.9200000000000002,0.5
124-36-9054,2024-10-22 04:32:00,T,Le Clercq,F,44,African American,Orthopedics,False,5.0,38,0,0.56,0.5
814-11-2492,2024-06-03 04:20:00,T,Fedorski,F,64,African American,Orthopedics,False,5.0,43,0,0.6599999999999999,0.5
364-41-2788,2023-07-23 17:48:00,U,Amar,F,46,African American,Orthopedics,False,5.0,30,0,0.39999999999999997,0.5
801-75-4801,2024-10-08 22:18:00,V,McShee,F,38,African American,Orthopedics,False,5.0,35,0,0.5,0.5
643-88-8465,2023-10-28 11:51:00,V,Kynforth,F,79,African American,Orthopedics,False,5.0,41,0,0.6200000000000001,0.5
309-34-4512,2024-03-03 22:53:00,V,Everill,F,8,African American,Orthopedics,False,5.0,51,0,0.8200000000000001,0.5
143-12-4621,2024-08-17 21:33:00,V,Brindle,F,66,African American,Orthopedics,False,5.0,52,0,0.8400000000000001,0.5
649-47-0696,2024-05-18 19:39:00,X,Habble,F,4,African American,Orthopedics,False,5.0,38,0,0.56,0.5
418-68-8857,2024-07-19 06:27:00,X,Sawkin,F,4,African American,Orthopedics,False,5.0,58,0,0.96,0.5
663-52-0761,2023-11-09 12:52:00,Y,Videan,F,3,African American,Orthopedics,False,5.0,32,0,0.44,0.5
110-15-3555,2024-03-20 09:45:00,Y,Veryan,F,70,African American,Orthopedics,False,5.0,33,0,0.46,0.5
611-20-6971,2023-04-14 16:33:00,Z,Gonnel,F,12,African American,Orthopedics,False,5.0,12,0,0.03999999999999998,0.5
891-13-0532,2024-04-02 06:03:00,Z,Dayes,F,7,African American,Orthopedics,False,5.0,54,0,0.8800000000000001,0.5
102-54-1653,2024-04-27 02:32:00,J,Mowson,F,50,African American,Orthopedics,False,0.0,51,0,0.8200000000000001,0.0
333-28-5802,2023-06-25 20:02:00,O,Kohneke,F,33,African American,Orthopedics,False,0.0,32,0,0.44,0.0
493-10-9938,2024-02-01 06:47:00,A,Haworth,F,66,African American,Orthopedics,False,1.0,16,0,0.12,0.1
809-77-6432,2023-04-25 11:21:00,V,Spelling,F,47,African American,Orthopedics,False,1.0,55,0,0.9000000000000001,0.1
142-24-2360,2023-06-22 05:53:00,O,Sheward,F,67,African American,Orthopedics,False,2.0,60,0,1.0,0.2
749-62-2279,2024-04-17 09:49:00,P,Gerhold,F,10,African American,Orthopedics,False,2.0,30,0,0.39999999999999997,0.2
875-56-3403,2024-08-28 22:33:00,U,Hornbuckle,F,64,African American,Orthopedics,False,3.0,34,0,0.48000000000000004,0.30000000000000004
713-23-9419,2023-07-26 02:30:00,Z,Vivien,F,15,African American,Orthopedics,False,4.0,28,0,0.36000000000000004,0.4
721-57-7739,2023-10-18 11:17:00,D,Canby,F,34,African American,Orthopedics,False,5.0,21,0,0.21999999999999997,0.5
748-29-8054,2024-07-05 00:36:00,C,Wollers,F,29,African American,Orthopedics,False,7.0,55,0,0.9000000000000001,0.7000000000000001
679-04-2649,2023-05-30 04:08:00,L,Witherow,F,47,African American,Orthopedics,False,7.0,37,1,0.54,0.7000000000000001
565-38-3119,2023-06-30 15:03:00,M,McClaurie,F,3,African American,Orthopedics,False,9.0,53,0,0.8600000000000001,0.9
322-99-9924,2023-08-29 20:57:00,T,Franchyonok,F,30,African American,Orthopedics,False,9.0,24,0,0.27999999999999997,0.9
679-29-9661,2024-04-04 07:23:00,B,Geeves,F,34,African American,Orthopedics,False,10.0,49,0,0.78,1.0
146-07-1057,2024-05-06 00:44:00,G,Hanselmann,F,67,African American,Physiotherapy,False,5.0,56,0,0.9200000000000002,0.5
711-07-7795,2023-11-28 03:33:00,I,Cruickshanks,F,18,African American,Physiotherapy,False,5.0,25,0,0.3,0.5
805-02-0749,2023-07-22 08:52:00,K,Milton-White,F,26,African American,Physiotherapy,False,5.0,40,0,0.6000000000000001,0.5
657-05-4117,2023-05-02 03:29:00,O,Eglise,F,18,African American,Physiotherapy,False,5.0,11,1,0.01999999999999999,0.5
445-96-8347,2023-10-28 11:01:00,P,Brinsden,F,40,African American,Physiotherapy,False,5.0,18,0,0.15999999999999998,0.5
528-88-1999,2024-10-28 16:52:00,P,Stagg,F,6,African American,Physiotherapy,False,5.0,57,0,0.9400000000000002,0.5
267-89-0681,2024-06-30 13:22:00,Q,Dangl,F,22,African American,Physiotherapy,False,5.0,46,0,0.72,0.5
511-46-2159,2024-01-24 14:10:00,H,Wiseman,F,56,African American,Physiotherapy,False,0.0,17,0,0.14,0.0
721-28-4161,2023-07-08 23:44:00,X,Standish-Brooks,F,28,African American,Physiotherapy,False,4.0,49,0,0.78,0.4
759-61-2096,2023-11-25 10:45:00,C,Cicerone,F,43,African American,Renal,False,5.0,59,0,0.98,0.5
369-24-4662,2024-05-21 07:13:00,D,Shadrack,F,16,African American,Renal,False,5.0,11,0,0.01999999999999999,0.5
625-84-2319,2024-09-16 17:27:00,L,Hamby,F,77,African American,Renal,False,5.0,43,0,0.6599999999999999,0.5
291-47-8677,2023-12-12 08:49:00,W,Verling,F,12,African American,Renal,False,5.0,28,0,0.36000000000000004,0.5
202-68-7145,2023-10-01 16:15:00,X,Bastock,F,38,African American,Renal,False,5.0,20,0,0.2,0.5
786-23-7303,2024-09-25 09:59:00,Y,Loraine,F,17,African American,Renal,False,4.0,25,0,0.3,0.4
729-44-7586,2024-01-13 22:55:00,D,Ornillos,F,32,Asian,Cardiology,False,5.0,35,0,0.5,0.5
142-87-7640,2024-09-14 05:00:00,P,Shallcross,F,41,Asian,Cardiology,False,5.0,20,0,0.2,0.5
210-09-0959,2024-03-06 16:17:00,Q,Chansonne,F,60,Asian,Cardiology,False,1.0,56,0,0.9200000000000002,0.1
770-69-8526,2024-02-05 10:24:00,X,Helis,F,9,Asian,Cardiology,False,3.0,49,0,0.78,0.30000000000000004
444-32-3923,2024-06-01 06:19:00,T,Lawie,F,36,Asian,Cardiology,False,5.0,15,0,0.09999999999999998,0.5
477-43-3427,2024-09-07 16:02:00,B,Pardew,F,58,Asian,Cardiology,False,7.0,10,0,0.0,0.7000000000000001
193-39-9512,2023-08-14 05:46:00,I,Hiscocks,F,66,Asian,Gastroenterology,False,5.0,49,0,0.78,0.5
791-28-9797,2024-06-02 07:59:00,T,Gunton,F,28,Asian,Gastroenterology,False,5.0,50,0,0.8,0.5
772-47-3814,2023-12-10 21:31:00,V,Sokill,F,69,Asian,Gastroenterology,False,5.0,55,0,0.9000000000000001,0.5
389-14-6190,2023-04-01 15:10:00,E,Bygate,F,20,Asian,General Practice,False,5.0,30,0,0.39999999999999997,0.5
100-66-8222,2023-12-23 12:07:00,F,Mullane,F,65,Asian,General Practice,False,5.0,17,0,0.14,0.5
401-04-4348,2024-05-25 14:38:00,F,Thynne,F,21,Asian,General Practice,False,5.0,33,0,0.46,0.5
178-35-6443,2024-01-04 01:00:00,F,Lippett,F,67,Asian,General Practice,False,5.0,40,0,0.6000000000000001,0.5
556-75-8409,2023-06-13 20:07:00,K,Stellino,F,10,Asian,General Practice,False,5.0,56,0,0.9200000000000002,0.5
349-40-9306,2023-11-04 04:56:00,N,Ghioni,F,30,Asian,General Practice,False,5.0,20,0,0.2,0.5
509-62-2204,2023-12-23 16:43:00,P,Cornbill,F,40,Asian,General Practice,False,5.0,57,0,0.9400000000000002,0.5
665-50-9637,2024-09-06 12:41:00,R,Renowden,F,27,Asian,General Practice,False,5.0,10,0,0.0,0.5
505-85-5884,2024-04-29 08:20:00,S,Link,F,45,Asian,General Practice,False,5.0,14,0,0.08000000000000002,0.5
254-67-7783,2023-04-05 18:19:00,T,Gatherell,F,76,Asian,General Practice,False,5.0,54,0,0.8800000000000001,0.5
385-36-3839,2023-06-07 04:18:00,W,Thornebarrow,F,40,Asian,General Practice,False,5.0,33,0,0.46,0.5
407-66-8499,2024-05-27 11:27:00,W,Bester,F,11,Asian,General Practice,False,5.0,36,0,0.52,0.5
443-92-1671,2024-06-13 03:12:00,W,Fatharly,F,72,Asian,General Practice,False,5.0,43,0,0.6599999999999999,0.5
556-28-7915,2023-06-03 12:33:00,X,Spandley,F,78,Asian,General Practice,False,5.0,21,0,0.21999999999999997,0.5
858-84-0931,2023-04-19 12:02:00,Y,Eynald,F,61,Asian,General Practice,False,5.0,59,0,0.98,0.5
400-43-2749,2023-05-14 16:01:00,R,Jagoe,F,34,Asian,General Practice,False,0.0,50,1,0.8,0.0
863-95-9525,2024-09-30 10:20:00,C,Keddle,F,38,Asian,General Practice,False,2.0,55,0,0.9000000000000001,0.2
749-04-9739,2023-12-05 08:28:00,G,McEvoy,F,61,Asian,General Practice,False,5.0,22,0,0.24,0.5
820-21-7142,2023-07-25 01:13:00,K,Jaray,F,59,Asian,General Practice,False,5.0,15,0,0.09999999999999998,0.5
615-80-8527,2023-07-31 13:17:00,M,Brissard,F,36,Asian,General Practice,False,8.0,20,0,0.2,0.8
535-81-8385,2023-10-31 07:50:00,V,Gally,F,54,Asian,General Practice,False,9.0,31,0,0.42,0.9
620-60-2232,2024-06-26 08:07:00,B,Carress,F,47,Asian,General Practice,False,10.0,38,0,0.56,1.0
662-75-3787,2023-05-11 03:45:00,R,Eates,F,33,Asian,General Practice,False,10.0,37,1,0.54,1.0
358-64-0690,2024-07-25 17:31:00,C,Jerrim,F,61,Asian,Neurology,False,5.0,41,0,0.6200000000000001,0.5
686-06-9347,2023-10-30 05:18:00,J,Garnsworthy,F,36,Asian,Neurology,False,5.0,22,0,0.24,0.5
138-11-0080,2024-04-02 00:21:00,M,Heenan,F,78,Asian,Neurology,False,5.0,23,0,0.26,0.5
679-34-7055,2023-06-23 04:20:00,O,Bockmaster,F,62,Asian,Neurology,False,5.0,57,0,0.9400000000000002,0.5
406-30-2620,2024-07-24 19:20:00,U,Shutt,F,77,Asian,Neurology,False,5.0,52,0,0.8400000000000001,0.5
814-81-8129,2023-08-23 05:23:00,W,Peters,F,6,Asian,Neurology,False,5.0,49,0,0.78,0.5
838-27-1967,2023-10-02 14:35:00,Y,Haining,F,66,Asian,Neurology,False,6.0,45,0,0.7,0.6000000000000001
824-90-7037,2023-07-10 06:31:00,X,Whalley,F,25,Asian,Neurology,False,8.0,26,0,0.32,0.8
345-42-0466,2023-08-20 01:25:00,C,Hansell,F,31,Asian,No Referral,False,0.0,40,0,0.6000000000000001,0.0
281-67-7646,2023-09-15 16:02:00,L,Stood,F,12,Asian,No Referral,False,0.0,45,0,0.7,0.0
351-60-6045,2023-10-20 21:35:00,S,Morrowe,F,73,Asian,No Referral,False,0.0,41,0,0.6200000000000001,0.0
196-42-4139,2023-07-18 23:58:00,G,Espadas,F,39,Asian,No Referral,False,1.0,36,0,0.52,0.1
784-97-6948,2024-07-14 03:44:00,V,Butteris,F,61,Asian,No Referral,False,1.0,48,0,0.76,0.1
110-38-1973,2024-04-06 09:56:00,X,Dysart,F,76,Asian,No Referral,False,1.0,41,0,0.6200000000000001,0.1
879-31-2414,2023-08-08 22:40:00,Y,Creaser,F,62,Asian,No Referral,False,1.0,23,0,0.26,0.1
213-23-7376,2024-02-23 19:35:00,M,Vasenkov,F,27,Asian,No Referral,False,2.0,60,0,1.0,0.2
538-74-2222,2024-07-31 14:03:00,B,Geator,F,18,Asian,No Referral,False,3.0,44,0,0.6799999999999999,0.30000000000000004
438-20-6869,2024-06-05 01:29:00,C,Pepin,F,18,Asian,No Referral,False,3.0,15,0,0.09999999999999998,0.30000000000000004
345-56-2522,2024-07-29 21:55:00,D,Coull,F,18,Asian,No Referral,False,3.0,35,0,0.5,0.30000000000000004
382-04-7586,2024-05-24 10:09:00,I,Peto,F,28,Asian,No Referral,False,3.0,53,0,0.8600000000000001,0.30000000000000004
127-78-2954,2024-07-29 10:38:00,N,Faustian,F,13,Asian,No Referral,False,3.0,45,0,0.7,0.30000000000000004
843-20-8997,2023-09-15 18:09:00,S,Stockow,F,51,Asian,No Referral,False,3.0,26,0,0.32,0.30000000000000004
325-53-6475,2024-07-29 12:11:00,Z,Denslow,F,68,Asian,No Referral,False,3.0,45,0,0.7,0.30000000000000004
597-64-3246,2023-04-24 04:24:00,Q,Doody,F,78,Asian,No Referral,False,4.0,22,0,0.24,0.4
821-38-7964,2023-06-29 14:21:00,T,McPike,F,58,Asian,No Referral,False,5.0,43,0,0.6599999999999999,0.5
628-24-0324,2023-05-30 16:27:00,Z,Codner,F,10,Asian,No Referral,False,5.0,24,1,0.27999999999999997,0.5
313-99-3667,2023-11-29 06:05:00,E,Caws,F,4,Asian,No Referral,False,6.0,23,0,0.26,0.6000000000000001
384-25-8158,2024-01-13 11:00:00,F,Camblin,F,71,Asian,No Referral,False,6.0,42,0,0.6399999999999999,0.6000000000000001
577-72-3497,2024-01-06 10:02:00,I,Defond,F,8,Asian,No Referral,False,6.0,30,0,0.39999999999999997,0.6000000000000001
282-36-6038,2023-12-23 16:03:00,I,Slack,F,37,Asian,No Referral,False,6.0,58,0,0.96,0.6000000000000001
832-36-7335,2023-10-11 01:56:00,J,Landrick,F,29,Asian,No Referral,False,6.0,52,0,0.8400000000000001,0.6000000000000001
709-27-5618,2024-02-23 16:49:00,P,Coping,F,50,Asian,No Referral,False,6.0,55,0,0.9000000000000001,0.6000000000000001
749-52-0280,2023-04-26 01:57:00,H,Swanne,F,54,Asian,No Referral,False,7.0,43,0,0.6599999999999999,0.7000000000000001
453-37-7733,2024-07-28 18:57:00,T,Blann,F,67,Asian,No Referral,False,7.0,14,0,0.08000000000000002,0.7000000000000001
461-43-8162,2023-05-31 19:53:00,X,Beetlestone,F,3,Asian,No Referral,False,7.0,53,1,0.8600000000000001,0.7000000000000001
429-49-7880,2023-08-15 09:47:00,V,Mowsdell,F,2,Asian,No Referral,False,8.0,24,0,0.27999999999999997,0.8
262-61-0435,2024-10-01 08:14:00,E,Landon,F,18,Asian,No Referral,False,9.0,30,0,0.39999999999999997,0.9
215-31-6186,2024-02-17 17:19:00,H,Frape,F,6,Asian,No Referral,False,9.0,42,0,0.6399999999999999,0.9
739-96-9502,2024-07-05 18:32:00,I,Helks,F,6,Asian,No Referral,False,9.0,52,0,0.8400000000000001,0.9
380-97-2809,2024-08-19 02:17:00,T,Gosford,F,43,Asian,No Referral,False,9.0,47,0,0.74,0.9
511-98-1628,2024-10-20 15:46:00,X,Bentame,F,25,Asian,No Referral,False,9.0,19,0,0.18,0.9
534-57-7812,2024-05-01 03:39:00,A,Newns,F,20,Asian,No Referral,False,10.0,17,0,0.14,1.0
590-94-5630,2024-10-09 01:38:00,A,Klementz,F,77,Asian,Orthopedics,False,5.0,26,0,0.32,0.5
493-57-5938,2024-06-29 11:57:00,B,Sherwen,F,37,Asian,Orthopedics,False,5.0,24,0,0.27999999999999997,0.5
576-68-0482,2023-11-01 13:54:00,D,Hosier,F,33,Asian,Orthopedics,False,5.0,49,0,0.78,0.5
480-59-4442,2024-04-26 02:21:00,F,Gitting,F,33,Asian,Orthopedics,False,5.0,35,0,0.5,0.5
368-31-2124,2024-08-15 05:41:00,I,Sealeaf,F,69,Asian,Orthopedics,False,5.0,45,0,0.7,0.5
477-47-0020,2023-06-15 15:36:00,J,Coey,F,19,Asian,Orthopedics,False,5.0,39,0,0.5800000000000001,0.5
875-57-2036,2024-07-20 13:34:00,K,Raggles,F,3,Asian,Orthopedics,False,5.0,30,0,0.39999999999999997,0.5
804-44-8560,2024-01-14 21:59:00,L,Capitano,F,74,Asian,Orthopedics,False,5.0,59,0,0.98,0.5
206-57-6026,2023-05-07 06:02:00,N,Clopton,F,59,Asian,Orthopedics,False,5.0,19,1,0.18,0.5
795-71-6463,2024-06-22 23:34:00,P,McCarty,F,12,Asian,Orthopedics,False,5.0,56,0,0.9200000000000002,0.5
832-72-0329,2024-01-18 02:20:00,Q,Lethbury,F,25,Asian,Orthopedics,False,5.0,44,0,0.6799999999999999,0.5
840-62-1287,2023-11-17 22:17:00,Q,Marrow,F,72,Asian,Orthopedics,False,5.0,55,0,0.9000000000000001,0.5
219-04-6134,2023-06-17 14:54:00,R,Govier,F,45,Asian,Orthopedics,False,5.0,29,0,0.37999999999999995,0.5
539-97-0120,2024-02-14 08:22:00,R,Ducker,F,25,Asian,Orthopedics,False,5.0,52,0,0.8400000000000001,0.5
552-28-2494,2024-06-18 07:13:00,T,Hanes,F,54,Asian,Orthopedics,False,5.0,23,0,0.26,0.5
541-22-8120,2024-03-01 19:44:00,T,Shreeves,F,53,Asian,Orthopedics,False,5.0,48,0,0.76,0.5
216-38-8198,2023-10-22 14:23:00,X,Coad,F,41,Asian,Orthopedics,False,5.0,19,0,0.18,0.5
595-81-5298,2023-04-21 06:43:00,Y,Fantham,F,38,Asian,Orthopedics,False,5.0,33,0,0.46,0.5
374-27-4733,2024-02-15 09:33:00,H,Gaudon,F,47,Asian,Orthopedics,False,0.0,24,0,0.27999999999999997,0.0
579-47-5526,2023-10-12 05:09:00,T,Lahrs,F,56,Asian,Orthopedics,False,2.0,16,0,0.12,0.2
470-65-1385,2024-06-14 18:44:00,T,Davidowsky,F,56,Asian,Orthopedics,False,3.0,45,0,0.7,0.30000000000000004
156-38-9827,2023-09-06 12:57:00,L,Chapellow,F,76,Asian,Orthopedics,False,4.0,60,0,1.0,0.4
764-90-1391,2023-06-08 20:54:00,X,Casbolt,F,68,Asian,Orthopedics,False,9.0,11,0,0.01999999999999999,0.9
507-76-1018,2024-03-02 23:03:00,C,Ezzy,F,34,Asian,Physiotherapy,False,5.0,30,0,0.39999999999999997,0.5
551-55-2010,2024-04-16 15:18:00,E,Hazell,F,21,Asian,Physiotherapy,False,5.0,47,0,0.74,0.5
187-39-7367,2024-01-15 02:56:00,G,Hankard,F,10,Asian,Physiotherapy,False,5.0,48,0,0.76,0.5
663-65-5691,2023-11-13 18:32:00,H,Baumann,F,19,Asian,Physiotherapy,False,5.0,20,0,0.2,0.5
733-13-6784,2023-07-14 12:45:00,J,Eglese,F,22,Asian,Physiotherapy,False,5.0,14,0,0.08000000000000002,0.5
123-18-3686,2024-03-29 13:31:00,J,Orneblow,F,74,Asian,Physiotherapy,False,5.0,33,0,0.46,0.5
323-05-5893,2023-09-24 13:44:00,S,Plumm,F,77,Asian,Physiotherapy,False,5.0,58,0,0.96,0.5
207-58-3631,2024-06-28 15:10:00,W,MacElharge,F,1,Asian,Physiotherapy,False,5.0,32,0,0.44,0.5
317-66-7650,2023-05-16 07:38:00,Y,Pettyfer,F,70,Asian,Physiotherapy,False,5.0,11,1,0.01999999999999999,0.5
334-60-2957,2023-05-20 05:07:00,X,Millichip,F,56,Asian,Physiotherapy,False,0.0,50,1,0.8,0.0
691-60-9872,2024-05-30 03:36:00,A,D'orsay,F,59,Asian,Physiotherapy,False,8.0,46,0,0.72,0.8
515-56-0003,2024-03-22 21:49:00,P,Fluin,F,37,Asian,Physiotherapy,False,8.0,41,0,0.6200000000000001,0.8
792-98-0919,2024-08-03 04:00:00,K,Thompson,F,19,Asian,Physiotherapy,False,9.0,56,0,0.9200000000000002,0.9
722-74-4559,2024-10-20 09:50:00,S,Bortolutti,F,77,Asian,Physiotherapy,False,10.0,42,0,0.6399999999999999,1.0
818-20-9986,2023-09-10 03:24:00,B,Emanuele,F,30,Asian,Renal,False,5.0,10,0,0.0,0.5
645-18-1740,2023-12-18 15:02:00,I,Kopmann,F,24,Asian,Renal,False,5.0,37,0,0.54,0.5
765-53-4095,2024-01-08 17:36:00,B,Santostefano.,F,28,Declined to Identify,Cardiology,False,5.0,18,0,0.15999999999999998,0.5
884-30-0023,2024-06-10 13:30:00,C,Rechert,F,58,Declined to Identify,Cardiology,False,5.0,35,0,0.5,0.5
212-43-9461,2024-04-19 08:15:00,L,Pichmann,F,39,Declined to Identify,Cardiology,False,5.0,13,0,0.06,0.5
699-78-0927,2023-09-27 12:16:00,W,Hyndson,F,19,Declined to Identify,Cardiology,False,5.0,30,0,0.39999999999999997,0.5
373-56-3448,2024-08-16 07:20:00,W,Hrachovec,F,29,Declined to Identify,Cardiology,False,5.0,39,0,0.5800000000000001,0.5
856-96-4267,2024-02-05 07:41:00,B,Ashpital,F,32,Declined to Identify,Cardiology,False,1.0,11,0,0.01999999999999999,0.1
208-45-8047,2023-11-11 08:37:00,A,Pickton,F,37,Declined to Identify,Gastroenterology,False,5.0,57,0,0.9400000000000002,0.5
282-04-2756,2024-08-24 12:36:00,N,Matissoff,F,50,Declined to Identify,Gastroenterology,False,5.0,42,0,0.6399999999999999,0.5
658-57-9431,2024-08-27 09:29:00,N,Yegoshin,F,51,Declined to Identify,Gastroenterology,False,5.0,60,0,1.0,0.5
321-57-9470,2024-08-24 16:17:00,Q,Micheau,F,2,Declined to Identify,Gastroenterology,False,5.0,15,0,0.09999999999999998,0.5
378-01-8926,2024-10-28 01:41:00,U,MacKonochie,F,47,Declined to Identify,Gastroenterology,False,5.0,19,0,0.18,0.5
722-44-1826,2023-11-26 15:03:00,U,Yateman,F,4,Declined to Identify,Gastroenterology,False,5.0,57,0,0.9400000000000002,0.5
711-53-0902,2024-07-23 04:54:00,V,Huckel,F,14,Declined to Identify,Gastroenterology,False,5.0,36,0,0.52,0.5
271-50-1988,2024-09-12 13:20:00,W,Du Plantier,F,65,Declined to Identify,Gastroenterology,False,5.0,11,0,0.01999999999999999,0.5
620-37-6376,2023-09-02 04:21:00,Y,Billyard,F,33,Declined to Identify,Gastroenterology,False,5.0,50,0,0.8,0.5
199-43-4653,2024-06-17 23:04:00,Y,Casley,F,78,Declined to Identify,Gastroenterology,False,6.0,32,0,0.44,0.6000000000000001
126-63-0154,2023-08-26 05:20:00,B,Tsarovic,F,38,Declined to Identify,General Practice,False,5.0,18,0,0.15999999999999998,0.5
521-23-1966,2023-07-18 18:53:00,C,Bestwick,F,51,Declined to Identify,General Practice,False,5.0,51,0,0.8200000000000001,0.5
107-06-8299,2023-09-05 06:36:00,D,Jeynes,F,50,Declined to Identify,General Practice,False,5.0,10,0,0.0,0.5
108-70-2706,2024-09-14 10:04:00,D,Demer,F,15,Declined to Identify,General Practice,False,5.0,40,0,0.6000000000000001,0.5
308-72-6633,2023-07-01 12:07:00,E,Tregidga,F,51,Declined to Identify,General Practice,False,5.0,40,0,0.6000000000000001,0.5
324-67-2447,2024-08-24 16:01:00,E,Guillou,F,8,Declined to Identify,General Practice,False,5.0,41,0,0.6200000000000001,0.5
409-71-7005,2024-09-15 07:06:00,E,Lamp,F,18,Declined to Identify,General Practice,False,5.0,56,0,0.9200000000000002,0.5
669-90-6148,2024-04-27 11:49:00,F,Bratchell,F,63,Declined to Identify,General Practice,False,5.0,60,0,1.0,0.5
778-57-1512,2024-06-19 02:14:00,G,MacCall,F,3,Declined to Identify,General Practice,False,5.0,40,0,0.6000000000000001,0.5
406-76-0752,2024-04-29 04:41:00,G,O'Hederscoll,F,64,Declined to Identify,General Practice,False,5.0,53,0,0.8600000000000001,0.5
833-30-3540,2023-06-26 05:23:00,I,Currao,F,66,Declined to Identify,General Practice,False,5.0,43,0,0.6599999999999999,0.5
802-23-8575,2024-04-17 04:16:00,J,Leeburne,F,66,Declined to Identify,General Practice,False,5.0,36,0,0.52,0.5
683-70-1477,2023-04-11 13:49:00,J,MacLese,F,51,Declined to Identify,General Practice,False,5.0,53,0,0.8600000000000001,0.5
197-94-1715,2024-04-27 20:13:00,J,Yanne,F,26,Declined to Identify,General Practice,False,5.0,60,0,1.0,0.5
214-90-2105,2024-05-27 06:04:00,K,Reeders,F,46,Declined to Identify,General Practice,False,5.0,17,0,0.14,0.5
403-64-1560,2023-08-29 14:05:00,N,Daubeny,F,26,Declined to Identify,General Practice,False,5.0,18,0,0.15999999999999998,0.5
566-34-5549,2023-10-28 19:52:00,N,Lamartine,F,51,Declined to Identify,General Practice,False,5.0,55,0,0.9000000000000001,0.5
822-72-9742,2023-05-23 05:36:00,Q,Durdle,F,61,Declined to Identify,General Practice,False,5.0,21,1,0.21999999999999997,0.5
168-12-2195,2024-02-01 06:31:00,Q,Willett,F,48,Declined to Identify,General Practice,False,5.0,25,0,0.3,0.5
236-05-7260,2024-10-08 00:30:00,Q,Neicho,F,9,Declined to Identify,General Practice,False,5.0,49,0,0.78,0.5
605-22-9708,2024-05-05 14:12:00,R,Mackilpatrick,F,1,Declined to Identify,General Practice,False,5.0,35,0,0.5,0.5
506-11-6490,2024-06-18 00:00:00,S,Norwood,F,39,Declined to Identify,General Practice,False,5.0,49,0,0.78,0.5
827-24-1321,2023-11-23 05:50:00,T,Burnel,F,67,Declined to Identify,General Practice,False,5.0,33,0,0.46,0.5
424-53-4633,2024-05-24 00:43:00,T,Whithorn,F,46,Declined to Identify,General Practice,False,5.0,34,0,0.48000000000000004,0.5
532-03-7351,2023-10-31 11:37:00,U,Giacobillo,F,50,Declined to Identify,General Practice,False,5.0,14,0,0.08000000000000002,0.5
111-47-3660,2024-08-12 18:52:00,U,Fasham,F,63,Declined to Identify,General Practice,False,5.0,26,0,0.32,0.5
860-83-7481,2024-01-26 06:13:00,U,Offener,F,60,Declined to Identify,General Practice,False,5.0,51,0,0.8200000000000001,0.5
483-31-5667,2024-04-22 23:23:00,V,Garrand,F,72,Declined to Identify,General Practice,False,5.0,16,0,0.12,0.5
293-98-5213,2024-03-21 08:17:00,W,Vannar,F,73,Declined to Identify,General Practice,False,5.0,21,0,0.21999999999999997,0.5
609-06-0462,2024-09-21 19:49:00,X,Butlin,F,61,Declined to Identify,General Practice,False,5.0,21,0,0.21999999999999997,0.5
198-75-4129,2024-02-04 00:45:00,X,Pullin,F,52,Declined to Identify,General Practice,False,5.0,52,0,0.8400000000000001,0.5
102-60-4609,2024-01-17 11:35:00,Y,Rutt,F,52,Declined to Identify,General Practice,False,5.0,60,0,1.0,0.5
528-41-4373,2024-01-05 09:12:00,Z,Corcut,F,51,Declined to Identify,General Practice,False,5.0,16,0,0.12,0.5
431-96-7393,2024-05-10 10:47:00,Z,Sumbler,F,38,Declined to Identify,General Practice,False,5.0,59,0,0.98,0.5
394-41-1822,2024-07-20 00:12:00,Q,Enderwick,F,30,Declined to Identify,General Practice,False,0.0,14,0,0.08000000000000002,0.0
465-37-0015,2023-05-11 08:01:00,C,Rothery,F,57,Declined to Identify,General Practice,False,1.0,15,1,0.09999999999999998,0.1
459-55-5731,2023-09-18 00:31:00,S,Jeandot,F,11,Declined to Identify,General Practice,False,1.0,40,0,0.6000000000000001,0.1
888-27-0270,2023-09-22 03:30:00,G,Neild,F,55,Declined to Identify,General Practice,False,2.0,27,0,0.34,0.2
491-26-4841,2024-08-31 16:03:00,F,O'Scannill,F,24,Declined to Identify,General Practice,False,3.0,53,0,0.8600000000000001,0.30000000000000004
109-15-0945,2024-01-13 21:44:00,Z,Keddle,F,63,Declined to Identify,General Practice,False,3.0,13,0,0.06,0.30000000000000004
102-93-0960,2024-04-28 01:23:00,F,Lyddiard,F,47,Declined to Identify,General Practice,False,5.0,35,0,0.5,0.5
736-33-9095,2023-09-20 09:48:00,P,De Leek,F,28,Declined to Identify,General Practice,False,5.0,25,0,0.3,0.5
389-53-1872,2024-09-05 17:26:00,Z,Gockelen,F,68,Declined to Identify,General Practice,False,5.0,38,0,0.56,0.5
535-23-2938,2024-08-10 07:40:00,O,Scarfe,F,75,Declined to Identify,General Practice,False,6.0,59,0,0.98,0.6000000000000001
828-32-9719,2024-07-17 10:32:00,G,Linch,F,2,Declined to Identify,General Practice,False,7.0,17,0,0.14,0.7000000000000001
270-31-5063,2023-05-23 04:39:00,G,Saltsberg,F,61,Declined to Identify,General Practice,False,10.0,59,1,0.98,1.0
707-07-4757,2023-04-07 03:56:00,G,Whaplington,F,11,Declined to Identify,Neurology,False,5.0,15,0,0.09999999999999998,0.5
875-16-4799,2023-08-12 17:53:00,L,Byart,F,73,Declined to Identify,Neurology,False,5.0,16,0,0.12,0.5
617-05-4834,2024-01-29 18:22:00,L,Chalfont,F,16,Declined to Identify,Neurology,False,5.0,30,0,0.39999999999999997,0.5
734-07-6364,2023-04-26 07:01:00,O,Fridaye,F,16,Declined to Identify,Neurology,False,5.0,38,0,0.56,0.5
592-60-7210,2024-08-24 02:24:00,Y,Carik,F,29,Declined to Identify,Neurology,False,5.0,32,0,0.44,0.5
414-85-6039,2024-04-22 10:53:00,Y,Nestle,F,30,Declined to Identify,Neurology,False,5.0,48,0,0.76,0.5
381-26-1729,2024-04-03 13:19:00,U,Sagg,F,25,Declined to Identify,Neurology,False,6.0,52,0,0.8400000000000001,0.6000000000000001
414-62-2209,2024-04-25 14:02:00,M,Landor,F,17,Declined to Identify,No Referral,False,0.0,21,0,0.21999999999999997,0.0
100-74-5636,2024-08-13 06:07:00,A,Warwicker,F,47,Declined to Identify,No Referral,False,1.0,25,0,0.3,0.1
407-03-6416,2023-10-22 00:33:00,C,Linck,F,66,Declined to Identify,No Referral,False,1.0,56,0,0.9200000000000002,0.1
108-82-5384,2024-09-23 18:25:00,H,Rodie,F,79,Declined to Identify,No Referral,False,1.0,56,0,0.9200000000000002,0.1
744-41-8368,2024-02-23 18:53:00,L,Dobing,F,46,Declined to Identify,No Referral,False,1.0,51,0,0.8200000000000001,0.1
891-38-4475,2023-11-01 08:04:00,B,Heymann,F,77,Declined to Identify,No Referral,False,3.0,10,0,0.0,0.30000000000000004
771-06-1894,2023-10-25 18:31:00,D,Blind,F,39,Declined to Identify,No Referral,False,3.0,20,0,0.2,0.30000000000000004
745-50-8958,2024-03-10 13:51:00,I,Longhurst,F,53,Declined to Identify,No Referral,False,3.0,42,0,0.6399999999999999,0.30000000000000004
217-91-6642,2024-07-12 19:33:00,C,Chevins,F,48,Declined to Identify,No Referral,False,4.0,42,0,0.6399999999999999,0.4
625-87-2048,2024-10-16 06:23:00,E,Eland,F,52,Declined to Identify,No Referral,False,4.0,20,0,0.2,0.4
432-30-2709,2023-08-18 09:39:00,N,Darte,F,69,Declined to Identify,No Referral,False,4.0,41,0,0.6200000000000001,0.4
199-31-7512,2024-05-30 23:51:00,P,Razzell,F,15,Declined to Identify,No Referral,False,4.0,15,0,0.09999999999999998,0.4
553-38-9596,2024-03-23 09:45:00,T,Rojel,F,27,Declined to Identify,No Referral,False,4.0,18,0,0.15999999999999998,0.4
272-79-6573,2024-09-27 12:50:00,W,Lake,F,38,Declined to Identify,No Referral,False,4.0,19,0,0.18,0.4
734-87-7467,2023-09-25 06:59:00,Z,McKeller,F,19,Declined to Identify,No Referral,False,4.0,56,0,0.9200000000000002,0.4
754-18-8812,2024-08-20 10:31:00,A,Cusack,F,22,Declined to Identify,No Referral,False,5.0,31,0,0.42,0.5
427-84-2175,2024-06-16 00:33:00,D,Palmar,F,10,Declined to Identify,No Referral,False,5.0,41,0,0.6200000000000001,0.5
183-30-4656,2024-10-12 23:20:00,M,Venes,F,35,Declined to Identify,No Referral,False,5.0,52,0,0.8400000000000001,0.5
678-92-7542,2023-06-17 02:55:00,Z,Lettuce,F,79,Declined to Identify,No Referral,False,5.0,27,0,0.34,0.5
163-38-0459,2023-07-19 15:50:00,N,Lisamore,F,28,Declined to Identify,No Referral,False,6.0,48,0,0.76,0.6000000000000001
809-12-5668,2024-03-21 17:13:00,P,Qusklay,F,13,Declined to Identify,No Referral,False,6.0,17,0,0.14,0.6000000000000001
337-26-9688,2024-03-20 05:57:00,S,Eede,F,6,Declined to Identify,No Referral,False,6.0,35,0,0.5,0.6000000000000001
594-82-3015,2024-01-17 10:47:00,U,Fegan,F,63,Declined to Identify,No Referral,False,6.0,27,0,0.34,0.6000000000000001
787-80-4731,2024-04-06 18:25:00,F,Antonucci,F,4,Declined to Identify,No Referral,False,7.0,42,0,0.6399999999999999,0.7000000000000001
639-84-8500,2024-05-04 19:51:00,I,Monelle,F,1,Declined to Identify,No Referral,False,7.0,46,0,0.72,0.7000000000000001
243-48-7191,2023-06-18 23:07:00,L,Brockbank,F,73,Declined to Identify,No Referral,False,7.0,27,0,0.34,0.7000000000000001
294-98-4120,2024-09-12 08:51:00,O,Cultcheth,F,28,Declined to Identify,No Referral,False,7.0,43,0,0.6599999999999999,0.7000000000000001
221-94-0515,2024-01-24 22:57:00,S,Stillman,F,79,Declined to Identify,No Referral,False,7.0,49,0,0.78,0.7000000000000001
376-35-2661,2023-05-29 19:41:00,Y,Goodhew,F,67,Declined to Identify,No Referral,False,7.0,16,1,0.12,0.7000000000000001
161-03-2325,2023-04-01 13:31:00,Q,Everson,F,26,Declined to Identify,No Referral,False,8.0,44,0,0.6799999999999999,0.8
154-20-3673,2024-02-07 16:02:00,A,Matchitt,F,38,Declined to Identify,No Referral,False,9.0,23,0,0.26,0.9
496-34-7420,2023-07-30 21:12:00,A,Corbally,F,49,Declined to Identify,No Referral,False,9.0,36,0,0.52,0.9
184-24-9099,2024-08-28 03:39:00,D,Burkwood,F,62,Declined to Identify,No Referral,False,9.0,57,0,0.9400000000000002,0.9
789-21-6607,2024-05-08 15:53:00,I,Moulster,F,13,Declined to Identify,No Referral,False,10.0,18,0,0.15999999999999998,1.0
281-43-0611,2023-04-27 14:35:00,V,Barthelme,F,48,Declined to Identify,No Referral,False,10.0,21,0,0.21999999999999997,1.0
664-85-2224,2024-01-13 01:28:00,A,Shovell,F,5,Declined to Identify,Orthopedics,False,5.0,30,0,0.39999999999999997,0.5
413-42-2249,2023-04-08 17:06:00,C,Fruser,F,1,Declined to Identify,Orthopedics,False,5.0,50,0,0.8,0.5
785-37-4017,2024-01-21 15:53:00,E,McCunn,F,31,Declined to Identify,Orthopedics,False,5.0,22,0,0.24,0.5
204-57-1964,2023-05-06 13:25:00,H,Le Bosse,F,52,Declined to Identify,Orthopedics,False,5.0,11,1,0.01999999999999999,0.5
286-31-5737,2024-04-06 10:22:00,J,Louder,F,34,Declined to Identify,Orthopedics,False,5.0,50,0,0.8,0.5
398-76-7789,2024-08-02 00:06:00,K,Putt,F,50,Declined to Identify,Orthopedics,False,5.0,26,0,0.32,0.5
848-11-1990,2023-10-03 12:48:00,L,Pacht,F,27,Declined to Identify,Orthopedics,False,5.0,25,0,0.3,0.5
347-50-6945,2023-08-26 14:41:00,N,Schustl,F,56,Declined to Identify,Orthopedics,False,5.0,13,0,0.06,0.5
757-22-3933,2024-01-18 11:38:00,O,Gosden,F,22,Declined to Identify,Orthopedics,False,5.0,25,0,0.3,0.5
754-84-7965,2023-08-21 23:16:00,O,Von Brook,F,5,Declined to Identify,Orthopedics,False,5.0,33,0,0.46,0.5
656-57-4812,2024-07-29 13:55:00,R,Lowing,F,74,Declined to Identify,Orthopedics,False,5.0,49,0,0.78,0.5
143-15-8333,2023-12-01 03:11:00,S,Merle,F,12,Declined to Identify,Orthopedics,False,5.0,35,0,0.5,0.5
480-22-9841,2024-09-23 18:59:00,U,Wrefford,F,37,Declined to Identify,Orthopedics,False,5.0,59,0,0.98,0.5
763-35-7575,2024-07-16 02:15:00,V,Snarie,F,78,Declined to Identify,Orthopedics,False,5.0,51,0,0.8200000000000001,0.5
570-93-0122,2023-04-01 22:29:00,X,Olech,F,43,Declined to Identify,Orthopedics,False,5.0,47,0,0.74,0.5
727-48-0641,2023-06-08 20:33:00,Y,Sheardown,F,41,Declined to Identify,Orthopedics,False,5.0,35,0,0.5,0.5
605-02-4485,2024-09-06 10:01:00,Z,Elam,F,38,Declined to Identify,Orthopedics,False,5.0,21,0,0.21999999999999997,0.5
521-01-3986,2024-06-03 04:29:00,N,Stych,F,12,Declined to Identify,Orthopedics,False,0.0,57,0,0.9400000000000002,0.0
636-37-2797,2024-10-10 11:44:00,A,Isenor,F,16,Declined to Identify,Physiotherapy,False,5.0,14,0,0.08000000000000002,0.5
409-49-9794,2024-06-17 23:44:00,B,Humerstone,F,26,Declined to Identify,Physiotherapy,False,5.0,17,0,0.14,0.5
426-46-7370,2023-10-28 06:51:00,F,Misselbrook,F,62,Declined to Identify,Physiotherapy,False,5.0,23,0,0.26,0.5
107-37-1769,2024-09-04 06:07:00,H,Correa,F,66,Declined to Identify,Physiotherapy,False,5.0,40,0,0.6000000000000001,0.5
642-24-9833,2024-04-24 11:25:00,J,Muttitt,F,4,Declined to Identify,Physiotherapy,False,5.0,22,0,0.24,0.5
557-22-1939,2024-10-05 19:15:00,J,Derricoat,F,7,Declined to Identify,Physiotherapy,False,5.0,37,0,0.54,0.5
810-50-5131,2023-09-16 06:25:00,J,Batstone,F,56,Declined to Identify,Physiotherapy,False,5.0,55,0,0.9000000000000001,0.5
340-53-3945,2024-04-23 03:51:00,Q,Achurch,F,53,Declined to Identify,Physiotherapy,False,5.0,20,0,0.2,0.5
217-67-7835,2024-05-02 00:11:00,U,Stovell,F,57,Declined to Identify,Physiotherapy,False,5.0,28,0,0.36000000000000004,0.5
630-50-3515,2023-04-09 01:00:00,K,Collett,F,48,Declined to Identify,Physiotherapy,False,4.0,60,0,1.0,0.4
576-53-4816,2023-05-09 11:08:00,C,Warder,F,7,Declined to Identify,Physiotherapy,False,6.0,37,1,0.54,0.6000000000000001
269-69-8639,2024-09-19 10:49:00,O,Rochester,F,55,Declined to Identify,Renal,False,5.0,18,0,0.15999999999999998,0.5
699-27-8178,2024-06-22 06:07:00,E,Ascraft,F,34,Declined to Identify,Renal,False,5.0,50,0,0.8,0.5
385-35-4502,2024-05-10 05:46:00,F,Tarney,F,54,Native American/Alaska Native,Cardiology,False,5.0,21,0,0.21999999999999997,0.5
382-93-4355,2024-03-15 09:43:00,L,Beechcraft,F,62,Native American/Alaska Native,Cardiology,False,5.0,32,0,0.44,0.5
872-24-6667,2023-04-21 19:43:00,O,Tippings,F,70,Native American/Alaska Native,Cardiology,False,5.0,50,0,0.8,0.5
671-07-3129,2024-06-17 17:57:00,R,Dumbrill,F,59,Native American/Alaska Native,Cardiology,False,5.0,42,0,0.6399999999999999,0.5
661-65-1950,2023-04-15 23:38:00,X,Belin,F,44,Native American/Alaska Native,Cardiology,False,5.0,18,0,0.15999999999999998,0.5
515-13-6589,2024-01-28 17:04:00,A,McCree,F,6,Native American/Alaska Native,Gastroenterology,False,5.0,22,0,0.24,0.5
238-90-8285,2024-08-01 20:05:00,C,Quodling,F,39,Native American/Alaska Native,Gastroenterology,False,5.0,15,0,0.09999999999999998,0.5
416-07-7616,2024-03-24 20:22:00,I,O'Fihily,F,51,Native American/Alaska Native,Gastroenterology,False,5.0,44,0,0.6799999999999999,0.5
264-67-9050,2023-08-28 18:12:00,J,Grunder,F,58,Native American/Alaska Native,Gastroenterology,False,5.0,42,0,0.6399999999999999,0.5
586-64-8784,2023-10-29 12:50:00,O,Maddison,F,56,Native American/Alaska Native,Gastroenterology,False,5.0,60,0,1.0,0.5
223-51-4016,2024-01-05 18:28:00,Y,O'Dennehy,F,24,Native American/Alaska Native,Gastroenterology,False,5.0,27,0,0.34,0.5
343-81-3023,2024-04-27 08:20:00,A,Ritchman,F,51,Native American/Alaska Native,General Practice,False,5.0,57,0,0.9400000000000002,0.5
604-08-4200,2023-12-10 07:19:00,C,McChesney,F,2,Native American/Alaska Native,General Practice,False,5.0,20,0,0.2,0.5
241-88-5414,2023-05-30 06:57:00,D,Keeton,F,20,Native American/Alaska Native,General Practice,False,5.0,16,1,0.12,0.5
154-02-3266,2024-01-19 22:49:00,E,Behne,F,64,Native American/Alaska Native,General Practice,False,5.0,47,0,0.74,0.5
716-21-5059,2023-05-05 00:52:00,F,Dosdale,F,42,Native American/Alaska Native,General Practice,False,5.0,11,1,0.01999999999999999,0.5
881-12-0948,2024-07-22 03:57:00,G,Helmke,F,64,Native American/Alaska Native,General Practice,False,5.0,22,0,0.24,0.5
818-44-0174,2023-11-15 20:35:00,G,McPeice,F,38,Native American/Alaska Native,General Practice,False,5.0,25,0,0.3,0.5
596-30-2000,2023-10-31 11:04:00,H,Hoyte,F,17,Native American/Alaska Native,General Practice,False,5.0,40,0,0.6000000000000001,0.5
550-87-6540,2023-09-22 19:42:00,H,Stooders,F,12,Native American/Alaska Native,General Practice,False,5.0,53,0,0.8600000000000001,0.5
729-96-4169,2024-09-29 02:35:00,I,Di Bernardo,F,9,Native American/Alaska Native,General Practice,False,5.0,51,0,0.8200000000000001,0.5
415-42-6730,2024-10-19 16:42:00,K,Pastor,F,12,Native American/Alaska Native,General Practice,False,5.0,26,0,0.32,0.5
773-78-9065,2024-04-22 19:35:00,M,Getcliffe,F,18,Native American/Alaska Native,General Practice,False,5.0,12,0,0.03999999999999998,0.5
201-24-7259,2023-10-02 22:45:00,M,Ambrosini,F,70,Native American/Alaska Native,General Practice,False,5.0,25,0,0.3,0.5
688-37-3649,2024-10-23 15:45:00,M,Walby,F,6,Native American/Alaska Native,General Practice,False,5.0,27,0,0.34,0.5
567-43-8959,2023-05-30 08:38:00,M,Barrington,F,18,Native American/Alaska Native,General Practice,False,5.0,48,1,0.76,0.5
753-46-2250,2024-05-26 07:43:00,O,Carpe,F,38,Native American/Alaska Native,General Practice,False,5.0,44,0,0.6799999999999999,0.5
765-73-7914,2023-04-18 06:26:00,P,Senior,F,68,Native American/Alaska Native,General Practice,False,5.0,49,0,0.78,0.5
762-53-4550,2023-07-16 00:12:00,Q,Farrens,F,21,Native American/Alaska Native,General Practice,False,5.0,14,0,0.08000000000000002,0.5
541-67-3152,2023-06-08 21:29:00,T,Gogin,F,73,Native American/Alaska Native,General Practice,False,5.0,35,0,0.5,0.5
326-28-5845,2024-05-29 12:18:00,U,Feely,F,49,Native American/Alaska Native,General Practice,False,5.0,22,0,0.24,0.5
791-12-6278,2024-02-13 13:49:00,W,Sharvell,F,35,Native American/Alaska Native,General Practice,False,5.0,33,0,0.46,0.5
823-23-8979,2023-05-09 16:20:00,W,Shank,F,54,Native American/Alaska Native,General Practice,False,5.0,43,1,0.6599999999999999,0.5
208-30-8894,2024-06-10 02:36:00,Y,Quiddinton,F,59,Native American/Alaska Native,General Practice,False,5.0,43,0,0.6599999999999999,0.5
510-65-2769,2023-10-30 15:50:00,Z,Pont,F,44,Native American/Alaska Native,General Practice,False,5.0,20,0,0.2,0.5
239-92-6784,2024-03-18 04:30:00,Z,Cousins,F,13,Native American/Alaska Native,General Practice,False,5.0,45,0,0.7,0.5
507-76-1618,2023-10-20 13:53:00,C,Houdhury,F,8,Native American/Alaska Native,General Practice,False,2.0,16,0,0.12,0.2
186-99-9670,2023-09-25 00:36:00,F,De Wolfe,F,21,Native American/Alaska Native,General Practice,False,5.0,43,0,0.6599999999999999,0.5
832-05-2705,2023-06-06 18:32:00,K,O' Faherty,F,72,Native American/Alaska Native,General Practice,False,6.0,24,0,0.27999999999999997,0.6000000000000001
862-69-3765,2023-09-18 13:21:00,N,Sumers,F,17,Native American/Alaska Native,General Practice,False,7.0,10,0,0.0,0.7000000000000001
209-42-5594,2024-03-08 18:31:00,G,Prendergrass,F,3,Native American/Alaska Native,General Practice,False,8.0,26,0,0.32,0.8
270-73-7146,2024-10-23 11:06:00,Q,Pendre,F,25,Native American/Alaska Native,General Practice,False,8.0,31,0,0.42,0.8
440-26-9007,2024-05-10 02:30:00,D,Halms,F,22,Native American/Alaska Native,General Practice,False,10.0,43,0,0.6599999999999999,1.0
586-51-5316,2023-12-01 18:21:00,I,Imason,F,59,Native American/Alaska Native,Neurology,False,5.0,24,0,0.27999999999999997,0.5
870-81-1512,2023-04-30 12:38:00,K,Massard,F,56,Native American/Alaska Native,Neurology,False,5.0,46,0,0.72,0.5
854-90-8395,2023-04-12 22:55:00,P,Gossop,F,69,Native American/Alaska Native,Neurology,False,5.0,53,0,0.8600000000000001,0.5
245-53-1118,2024-06-30 20:24:00,V,Adaway,F,57,Native American/Alaska Native,Neurology,False,5.0,44,0,0.6799999999999999,0.5
549-82-3245,2023-10-03 10:29:00,B,Thirlwall,F,43,Native American/Alaska Native,No Referral,False,0.0,45,0,0.7,0.0
736-66-9425,2023-04-21 23:10:00,K,Blaik,F,64,Native American/Alaska Native,No Referral,False,0.0,29,0,0.37999999999999995,0.0
591-36-6992,2023-10-08 12:29:00,C,Beauchop,F,63,Native American/Alaska Native,No Referral,False,1.0,35,0,0.5,0.1
717-62-8354,2023-04-29 09:50:00,M,Kynder,F,12,Native American/Alaska Native,No Referral,False,1.0,39,0,0.5800000000000001,0.1
898-30-3232,2024-09-09 10:47:00,L,Week,F,33,Native American/Alaska Native,No Referral,False,2.0,42,0,0.6399999999999999,0.2
163-66-2295,2024-04-16 01:24:00,S,Pile,F,14,Native American/Alaska Native,No Referral,False,2.0,37,0,0.54,0.2
624-99-6669,2024-09-07 03:54:00,S,Tran,F,19,Native American/Alaska Native,No Referral,False,2.0,53,0,0.8600000000000001,0.2
199-38-6785,2023-09-21 13:29:00,G,Fullick,F,19,Native American/Alaska Native,No Referral,False,5.0,53,0,0.8600000000000001,0.5
761-76-0921,2023-09-25 06:16:00,Q,Caudwell,F,27,Native American/Alaska Native,No Referral,False,6.0,50,0,0.8,0.6000000000000001
795-36-0038,2023-12-29 04:17:00,Z,Eastabrook,F,44,Native American/Alaska Native,No Referral,False,6.0,52,0,0.8400000000000001,0.6000000000000001
645-59-5135,2024-09-13 01:16:00,A,Pund,F,22,Native American/Alaska Native,No Referral,False,7.0,28,0,0.36000000000000004,0.7000000000000001
736-70-5924,2023-11-19 12:15:00,D,Stares,F,56,Native American/Alaska Native,No Referral,False,7.0,24,0,0.27999999999999997,0.7000000000000001
888-77-0325,2023-04-10 01:51:00,J,Jerzycowski,F,55,Native American/Alaska Native,No Referral,False,7.0,18,0,0.15999999999999998,0.7000000000000001
172-22-0283,2024-07-03 02:38:00,J,Soall,F,75,Native American/Alaska Native,No Referral,False,8.0,14,0,0.08000000000000002,0.8
773-13-7194,2023-12-27 18:19:00,T,Corbin,F,21,Native American/Alaska Native,No Referral,False,8.0,18,0,0.15999999999999998,0.8
552-43-0912,2023-06-28 03:40:00,J,Hamlet,F,21,Native American/Alaska Native,No Referral,False,9.0,47,0,0.74,0.9
754-82-0930,2023-06-10 01:39:00,E,Scamerdine,F,51,Native American/Alaska Native,No Referral,False,10.0,11,0,0.01999999999999999,1.0
663-19-4215,2023-04-14 19:05:00,X,Hardwin,F,10,Native American/Alaska Native,No Referral,False,10.0,22,0,0.24,1.0
825-27-0713,2024-08-14 05:58:00,E,Doumer,F,59,Native American/Alaska Native,Orthopedics,False,5.0,35,0,0.5,0.5
786-79-1881,2023-04-28 07:42:00,I,Abrahmson,F,11,Native American/Alaska Native,Orthopedics,False,5.0,20,0,0.2,0.5
389-42-6852,2023-11-12 02:42:00,M,Tomsu,F,4,Native American/Alaska Native,Orthopedics,False,5.0,34,0,0.48000000000000004,0.5
367-49-7229,2024-03-13 04:45:00,N,Maynell,F,30,Native American/Alaska Native,Orthopedics,False,5.0,36,0,0.52,0.5
651-29-6896,2024-06-29 03:09:00,N,Birdwhistell,F,60,Native American/Alaska Native,Orthopedics,False,5.0,58,0,0.96,0.5
115-96-2596,2023-04-13 13:49:00,R,Dmitrovic,F,16,Native American/Alaska Native,Orthopedics,False,5.0,39,0,0.5800000000000001,0.5
500-31-0203,2024-07-03 14:40:00,T,Congdon,F,23,Native American/Alaska Native,Orthopedics,False,5.0,11,0,0.01999999999999999,0.5
611-71-8999,2024-10-01 08:56:00,V,Kmietsch,F,33,Native American/Alaska Native,Orthopedics,False,5.0,17,0,0.14,0.5
728-34-1870,2024-07-10 02:24:00,W,Duester,F,13,Native American/Alaska Native,Orthopedics,False,5.0,30,0,0.39999999999999997,0.5
363-26-2671,2024-06-03 12:16:00,N,Adran,F,25,Native American/Alaska Native,Orthopedics,False,0.0,32,0,0.44,0.0
204-51-5061,2024-10-13 02:23:00,I,Thys,F,64,Native American/Alaska Native,Orthopedics,False,2.0,50,0,0.8,0.2
851-08-9115,2023-06-20 08:06:00,R,Allawy,F,44,Native American/Alaska Native,Orthopedics,False,3.0,34,0,0.48000000000000004,0.30000000000000004
250-44-9023,2024-08-01 08:55:00,A,Paaso,F,7,Native American/Alaska Native,Orthopedics,False,6.0,15,0,0.09999999999999998,0.6000000000000001
736-20-4728,2024-04-05 21:47:00,L,Danielsson,F,78,Native American/Alaska Native,Orthopedics,False,7.0,54,0,0.8800000000000001,0.7000000000000001
237-31-2711,2024-09-07 22:32:00,Q,Gouinlock,F,33,Native American/Alaska Native,Renal,False,5.0,31,0,0.42,0.5
873-88-5082,2023-04-17 04:08:00,V,Lyfield,F,19,Pacific Islander,Cardiology,False,5.0,34,0,0.48000000000000004,0.5
505-65-9125,2024-02-18 04:07:00,V,Rosenfield,F,22,Pacific Islander,Gastroenterology,False,5.0,13,0,0.06,0.5
207-75-3168,2024-10-28 07:03:00,W,Stronge,F,57,Pacific Islander,Gastroenterology,False,5.0,23,0,0.26,0.5
174-46-8097,2023-06-01 11:24:00,Q,Dickie,F,65,Pacific Islander,Gastroenterology,False,10.0,53,0,0.8600000000000001,1.0
307-17-3983,2023-11-09 15:33:00,A,Rulf,F,12,Pacific Islander,General Practice,False,5.0,56,0,0.9200000000000002,0.5
439-26-1988,2024-03-31 01:03:00,A,Misselbrook,F,29,Pacific Islander,General Practice,False,5.0,58,0,0.96,0.5
770-33-6276,2024-04-26 19:00:00,D,Shankland,F,13,Pacific Islander,General Practice,False,5.0,59,0,0.98,0.5
757-41-6226,2023-10-28 16:13:00,H,Haysar,F,78,Pacific Islander,General Practice,False,5.0,53,0,0.8600000000000001,0.5
731-68-3692,2024-04-25 18:15:00,O,Teresi,F,65,Pacific Islander,General Practice,False,5.0,36,0,0.52,0.5
362-51-7082,2024-01-04 13:16:00,P,Kegg,F,1,Pacific Islander,General Practice,False,5.0,25,0,0.3,0.5
620-83-1871,2024-06-24 08:14:00,Q,Helmke,F,55,Pacific Islander,General Practice,False,5.0,42,0,0.6399999999999999,0.5
426-90-9395,2023-12-30 11:40:00,U,Olver,F,5,Pacific Islander,General Practice,False,5.0,49,0,0.78,0.5
559-84-3252,2023-09-02 05:08:00,V,Woolsey,F,42,Pacific Islander,General Practice,False,5.0,14,0,0.08000000000000002,0.5
812-46-2011,2024-05-26 06:17:00,W,Gerish,F,41,Pacific Islander,General Practice,False,5.0,34,0,0.48000000000000004,0.5
258-98-8342,2024-10-26 07:53:00,Z,MacGauhy,F,10,Pacific Islander,General Practice,False,5.0,15,0,0.09999999999999998,0.5
451-16-3659,2024-03-07 17:05:00,O,Cogzell,F,30,Pacific Islander,General Practice,False,0.0,57,0,0.9400000000000002,0.0
464-52-3680,2024-01-13 08:38:00,M,Dary,F,66,Pacific Islander,General Practice,False,3.0,44,0,0.6799999999999999,0.30000000000000004
873-48-5465,2023-11-29 19:35:00,O,Prazor,F,3,Pacific Islander,General Practice,False,5.0,43,0,0.6599999999999999,0.5
583-46-6074,2023-09-21 15:59:00,O,Caine,F,65,Pacific Islander,General Practice,False,8.0,47,0,0.74,0.8
473-16-4015,2024-06-27 21:21:00,V,New,F,5,Pacific Islander,Neurology,False,5.0,33,0,0.46,0.5
353-64-0549,2023-12-31 00:55:00,Z,Bachelar,F,56,Pacific Islander,Neurology,False,5.0,56,0,0.9200000000000002,0.5
613-89-4721,2023-12-22 03:40:00,G,Guerre,F,41,Pacific Islander,No Referral,False,0.0,52,0,0.8400000000000001,0.0
509-19-9192,2024-09-16 07:38:00,L,Whear,F,44,Pacific Islander,No Referral,False,0.0,34,0,0.48000000000000004,0.0
785-08-5699,2023-08-26 15:21:00,C,Beloe,F,42,Pacific Islander,No Referral,False,1.0,30,0,0.39999999999999997,0.1
287-74-9897,2024-10-06 07:16:00,H,Gabits,F,72,Pacific Islander,No Referral,False,1.0,18,0,0.15999999999999998,0.1
820-65-0400,2023-07-30 06:43:00,S,Kobierski,F,40,Pacific Islander,No Referral,False,1.0,15,0,0.09999999999999998,0.1
484-76-9868,2023-05-22 18:02:00,S,Casarino,F,44,Pacific Islander,No Referral,False,1.0,27,1,0.34,0.1
808-33-7052,2023-12-15 01:00:00,Z,Byllam,F,77,Pacific Islander,No Referral,False,2.0,24,0,0.27999999999999997,0.2
372-76-1907,2024-05-06 20:28:00,K,Burgwyn,F,7,Pacific Islander,No Referral,False,3.0,36,0,0.52,0.30000000000000004
541-78-8781,2024-02-18 14:34:00,B,Stiggers,F,70,Pacific Islander,No Referral,False,4.0,35,0,0.5,0.4
283-65-9905,2024-04-14 20:50:00,R,Guillond,F,24,Pacific Islander,No Referral,False,6.0,30,0,0.39999999999999997,0.6000000000000001
835-25-5387,2023-07-07 00:22:00,R,St. John,F,55,Pacific Islander,No Referral,False,6.0,51,0,0.8200000000000001,0.6000000000000001
287-12-3028,2024-08-02 19:13:00,W,Smoth,F,20,Pacific Islander,No Referral,False,6.0,19,0,0.18,0.6000000000000001
490-10-7609,2024-04-16 14:07:00,Z,Chaston,F,18,Pacific Islander,No Referral,False,6.0,14,0,0.08000000000000002,0.6000000000000001
554-68-9035,2024-08-29 12:16:00,Z,Gabbitis,F,32,Pacific Islander,No Referral,False,6.0,48,0,0.76,0.6000000000000001
321-08-8842,2023-06-24 04:50:00,A,Climson,F,4,Pacific Islander,No Referral,False,7.0,36,0,0.52,0.7000000000000001
837-22-5775,2023-04-23 14:11:00,F,Whiten,F,17,Pacific Islander,No Referral,False,7.0,56,0,0.9200000000000002,0.7000000000000001
440-86-8818,2024-03-31 10:12:00,E,Chataignier,F,5,Pacific Islander,No Referral,False,8.0,58,0,0.96,0.8
676-15-6485,2023-05-05 09:34:00,N,Cino,F,62,Pacific Islander,No Referral,False,8.0,26,1,0.32,0.8
603-37-2279,2024-09-14 19:43:00,E,Barrack,F,59,Pacific Islander,No Referral,False,9.0,19,0,0.18,0.9
467-64-9058,2024-08-16 14:00:00,U,Bradnocke,F,40,Pacific Islander,No Referral,False,9.0,50,0,0.8,0.9
471-71-2313,2024-10-15 19:57:00,V,Annear,F,6,Pacific Islander,No Referral,False,9.0,51,0,0.8200000000000001,0.9
844-07-0681,2023-06-09 02:33:00,F,Piccop,F,32,Pacific Islander,No Referral,False,10.0,10,0,0.0,1.0
801-16-6200,2023-08-07 11:27:00,Z,Salvadori,F,50,Pacific Islander,No Referral,False,10.0,59,0,0.98,1.0
292-37-1568,2023-10-02 10:18:00,E,Lidgely,F,65,Pacific Islander,Orthopedics,False,5.0,29,0,0.37999999999999995,0.5
504-53-3068,2023-10-19 20:45:00,E,Pate,F,25,Pacific Islander,Orthopedics,False,5.0,55,0,0.9000000000000001,0.5
724-18-3560,2024-04-21 00:41:00,G,Waiting,F,36,Pacific Islander,Orthopedics,False,5.0,22,0,0.24,0.5
274-79-2232,2024-09-19 18:34:00,J,Murty,F,55,Pacific Islander,Orthopedics,False,5.0,49,0,0.78,0.5
164-31-3790,2024-03-08 23:04:00,S,Baldetti,F,24,Pacific Islander,Orthopedics,False,5.0,53,0,0.8600000000000001,0.5
657-07-1234,2024-06-25 10:18:00,T,Giacobilio,F,28,Pacific Islander,Orthopedics,False,5.0,13,0,0.06,0.5
531-80-4313,2024-07-17 22:52:00,T,Finnick,F,44,Pacific Islander,Orthopedics,False,5.0,47,0,0.74,0.5
773-85-7179,2023-06-21 12:32:00,W,Vescovini,F,18,Pacific Islander,Orthopedics,False,5.0,33,0,0.46,0.5
645-47-4599,2023-05-16 06:18:00,Y,Barras,F,8,Pacific Islander,Orthopedics,False,5.0,18,1,0.15999999999999998,0.5
385-77-2913,2024-01-29 23:36:00,T,Syrad,F,44,Pacific Islander,Orthopedics,False,2.0,56,0,0.9200000000000002,0.2
508-93-6274,2024-07-17 13:56:00,U,Moorman,F,65,Pacific Islander,Orthopedics,False,2.0,34,0,0.48000000000000004,0.2
610-89-4617,2023-11-22 02:13:00,H,Shippard,F,31,Pacific Islander,Orthopedics,False,8.0,42,0,0.6399999999999999,0.8
828-86-7111,2023-10-30 23:33:00,L,Normavill,F,17,Pacific Islander,Physiotherapy,False,5.0,28,0,0.36000000000000004,0.5
338-22-6325,2023-12-13 01:45:00,T,Garric,F,30,Pacific Islander,Physiotherapy,False,5.0,16,0,0.12,0.5
103-89-7991,2024-04-11 10:13:00,U,Cranmore,F,74,Pacific Islander,Physiotherapy,False,5.0,34,0,0.48000000000000004,0.5
346-07-4017,2024-02-04 14:00:00,W,Richard,F,37,Pacific Islander,Renal,False,5.0,35,0,0.5,0.5
619-17-4772,2024-04-27 22:13:00,C,O' Timony,F,6,Two or More Races,Cardiology,False,5.0,18,0,0.15999999999999998,0.5
290-72-5797,2024-07-27 15:54:00,D,Benoy,F,8,Two or More Races,Cardiology,False,5.0,56,0,0.9200000000000002,0.5
716-82-2881,2024-07-28 10:50:00,E,Harrisson,F,56,Two or More Races,Cardiology,False,5.0,54,0,0.8800000000000001,0.5
231-44-6158,2023-06-12 05:32:00,M,Collidge,F,18,Two or More Races,Cardiology,False,5.0,42,0,0.6399999999999999,0.5
229-70-7425,2024-04-23 21:43:00,Y,Whatson,F,45,Two or More Races,Cardiology,False,5.0,14,0,0.08000000000000002,0.5
412-31-1320,2024-02-17 09:10:00,Y,Chesterfield,F,14,Two or More Races,Cardiology,False,5.0,53,0,0.8600000000000001,0.5
310-42-0759,2023-08-26 06:01:00,C,Parker,F,71,Two or More Races,Gastroenterology,False,5.0,55,0,0.9000000000000001,0.5
732-47-1768,2023-04-12 15:40:00,O,Causby,F,56,Two or More Races,Gastroenterology,False,5.0,58,0,0.96,0.5
630-47-2713,2023-09-05 14:48:00,P,Torbard,F,48,Two or More Races,Gastroenterology,False,5.0,44,0,0.6799999999999999,0.5
879-28-3442,2023-12-17 15:11:00,R,Chese,F,69,Two or More Races,Gastroenterology,False,5.0,44,0,0.6799999999999999,0.5
381-90-3195,2023-07-07 20:03:00,U,Tewnion,F,77,Two or More Races,Gastroenterology,False,5.0,29,0,0.37999999999999995,0.5
177-75-4010,2024-02-08 21:26:00,T,Haddeston,F,76,Two or More Races,Gastroenterology,False,3.0,15,0,0.09999999999999998,0.30000000000000004
528-66-7358,2024-02-04 13:02:00,A,Pottage,F,78,Two or More Races,General Practice,False,5.0,22,0,0.24,0.5
718-29-3433,2023-08-12 02:04:00,B,Tremberth,F,76,Two or More Races,General Practice,False,5.0,13,0,0.06,0.5
258-52-9668,2024-04-02 14:32:00,B,Eathorne,F,63,Two or More Races,General Practice,False,5.0,56,0,0.9200000000000002,0.5
153-49-3323,2023-11-14 02:08:00,C,Gajownik,F,58,Two or More Races,General Practice,False,5.0,25,0,0.3,0.5
590-44-3124,2023-08-06 17:26:00,D,Pettersen,F,17,Two or More Races,General Practice,False,5.0,15,0,0.09999999999999998,0.5
634-47-6727,2023-07-09 20:58:00,D,McKeand,F,9,Two or More Races,General Practice,False,5.0,18,0,0.15999999999999998,0.5
744-40-8093,2024-07-19 16:15:00,D,Kingdon,F,42,Two or More Races,General Practice,False,5.0,40,0,0.6000000000000001,0.5
597-81-4011,2023-08-03 13:43:00,D,Lifsey,F,61,Two or More Races,General Practice,False,5.0,41,0,0.6200000000000001,0.5
869-02-5604,2024-09-03 18:33:00,D,Hizir,F,43,Two or More Races,General Practice,False,5.0,43,0,0.6599999999999999,0.5
128-74-1315,2023-11-07 17:53:00,D,Ewestace,F,16,Two or More Races,General Practice,False,5.0,53,0,0.8600000000000001,0.5
865-12-7904,2023-09-15 03:01:00,F,Tooting,F,4,Two or More Races,General Practice,False,5.0,14,0,0.08000000000000002,0.5
805-27-2689,2023-04-17 20:15:00,G,Point,F,48,Two or More Races,General Practice,False,5.0,15,0,0.09999999999999998,0.5
695-54-0916,2024-09-09 12:34:00,G,Tregonna,F,69,Two or More Races,General Practice,False,5.0,48,0,0.76,0.5
237-07-3349,2024-09-09 19:46:00,H,Cloake,F,64,Two or More Races,General Practice,False,5.0,13,0,0.06,0.5
796-53-3024,2024-09-22 06:36:00,H,Cannell,F,48,Two or More Races,General Practice,False,5.0,17,0,0.14,0.5
178-86-9071,2024-10-15 00:07:00,I,Basezzi,F,2,Two or More Races,General Practice,False,5.0,12,0,0.03999999999999998,0.5
149-68-8291,2024-06-17 20:36:00,I,Greensall,F,71,Two or More Races,General Practice,False,5.0,18,0,0.15999999999999998,0.5
214-36-5454,2023-12-31 16:23:00,I,Margerison,F,37,Two or More Races,General Practice,False,5.0,40,0,0.6000000000000001,0.5
684-32-0338,2024-02-11 12:02:00,J,Jedrysik,F,8,Two or More Races,General Practice,False,5.0,26,0,0.32,0.5
347-27-1017,2023-04-11 07:31:00,J,Pull,F,19,Two or More Races,General Practice,False,5.0,27,0,0.34,0.5
195-22-5174,2024-10-03 23:29:00,K,Larrat,F,25,Two or More Races,General Practice,False,5.0,46,0,0.72,0.5
200-26-7779,2023-10-03 16:28:00,K,Wasielewicz,F,45,Two or More Races,General Practice,False,5.0,51,0,0.8200000000000001,0.5
519-77-2397,2024-06-08 01:53:00,K,Pellissier,F,19,Two or More Races,General Practice,False,5.0,52,0,0.8400000000000001,0.5
266-90-9815,2023-07-28 12:35:00,L,Casewell,F,79,Two or More Races,General Practice,False,5.0,50,0,0.8,0.5
584-89-7054,2024-07-23 04:54:00,L,Fuente,F,67,Two or More Races,General Practice,False,5.0,57,0,0.9400000000000002,0.5
865-30-2867,2024-01-12 10:40:00,M,Biskupski,F,63,Two or More Races,General Practice,False,5.0,42,0,0.6399999999999999,0.5
206-97-4149,2024-08-20 01:35:00,M,De Ruggiero,F,77,Two or More Races,General Practice,False,5.0,46,0,0.72,0.5
548-59-5269,2023-09-15 16:31:00,M,Orange,F,9,Two or More Races,General Practice,False,5.0,54,0,0.8800000000000001,0.5
420-19-1201,2024-10-12 03:34:00,N,Stampe,F,2,Two or More Races,General Practice,False,5.0,40,0,0.6000000000000001,0.5
565-10-6614,2023-09-16 15:49:00,P,Lacrouts,F,53,Two or More Races,General Practice,False,5.0,30,0,0.39999999999999997,0.5
180-11-8413,2023-12-20 00:42:00,P,Norris,F,24,Two or More Races,General Practice,False,5.0,42,0,0.6399999999999999,0.5
872-27-3342,2023-06-13 02:42:00,P,Lotte,F,6,Two or More Races,General Practice,False,5.0,56,0,0.9200000000000002,0.5
212-43-7115,2023-10-08 19:38:00,Q,Caren,F,33,Two or More Races,General Practice,False,5.0,22,0,0.24,0.5
649-13-0648,2023-06-12 23:30:00,Q,Beevis,F,42,Two or More Races,General Practice,False,5.0,22,0,0.24,0.5
761-16-5119,2024-05-03 11:05:00,Q,Petru,F,25,Two or More Races,General Practice,False,5.0,41,0,0.6200000000000001,0.5
310-56-4783,2024-04-08 17:04:00,R,Kase,F,76,Two or More Races,General Practice,False,5.0,14,0,0.08000000000000002,0.5
401-08-6326,2024-10-26 19:32:00,R,Haygreen,F,57,Two or More Races,General Practice,False,5.0,15,0,0.09999999999999998,0.5
353-57-1052,2023-10-29 09:07:00,R,Greensted,F,44,Two or More Races,General Practice,False,5.0,28,0,0.36000000000000004,0.5
608-69-9918,2024-04-12 02:40:00,R,Lebell,F,55,Two or More Races,General Practice,False,5.0,43,0,0.6599999999999999,0.5
280-44-0647,2024-02-17 06:16:00,R,Jendrassik,F,34,Two or More Races,General Practice,False,5.0,58,0,0.96,0.5
258-44-7719,2023-07-12 20:59:00,S,Heliar,F,62,Two or More Races,General Practice,False,5.0,33,0,0.46,0.5
117-58-1255,2024-04-05 12:06:00,S,Jossel,F,75,Two or More Races,General Practice,False,5.0,53,0,0.8600000000000001,0.5
467-47-8985,2023-11-08 01:53:00,S,Rozzell,F,35,Two or More Races,General Practice,False,5.0,57,0,0.9400000000000002,0.5
818-38-5069,2023-08-31 10:00:00,S,Antonognoli,F,64,Two or More Races,General Practice,False,5.0,59,0,0.98,0.5
757-58-2588,2024-08-14 14:24:00,T,Stubbeley,F,19,Two or More Races,General Practice,False,5.0,14,0,0.08000000000000002,0.5
403-12-1184,2023-06-22 02:11:00,T,Thieme,F,29,Two or More Races,General Practice,False,5.0,19,0,0.18,0.5
445-97-9581,2024-02-21 13:57:00,T,Fernehough,F,19,Two or More Races,General Practice,False,5.0,24,0,0.27999999999999997,0.5
645-84-5884,2024-05-21 18:59:00,T,Rowthorne,F,11,Two or More Races,General Practice,False,5.0,47,0,0.74,0.5
412-29-3776,2024-02-14 02:05:00,V,Duffield,F,78,Two or More Races,General Practice,False,5.0,14,0,0.08000000000000002,0.5
562-75-3780,2024-01-22 22:50:00,V,Cuschieri,F,65,Two or More Races,General Practice,False,5.0,17,0,0.14,0.5
752-94-8310,2024-04-13 12:14:00,V,Soar,F,47,Two or More Races,General Practice,False,5.0,27,0,0.34,0.5
334-88-2963,2024-01-24 08:40:00,X,Bristowe,F,34,Two or More Races,General Practice,False,5.0,48,0,0.76,0.5
639-46-1546,2023-08-09 08:55:00,Y,Capey,F,62,Two or More Races,General Practice,False,5.0,10,0,0.0,0.5
432-56-1449,2024-06-28 17:32:00,Y,Wanek,F,3,Two or More Races,General Practice,False,5.0,22,0,0.24,0.5
345-08-3538,2024-08-11 21:22:00,Y,Colchett,F,45,Two or More Races,General Practice,False,5.0,56,0,0.9200000000000002,0.5
691-01-5879,2023-05-11 19:05:00,Z,Lefley,F,60,Two or More Races,General Practice,False,5.0,26,1,0.32,0.5
179-24-8770,2024-01-19 20:36:00,Z,Strooband,F,24,Two or More Races,General Practice,False,5.0,47,0,0.74,0.5
727-26-9498,2024-03-04 06:56:00,A,Napolitano,F,31,Two or More Races,General Practice,False,0.0,30,0,0.39999999999999997,0.0
241-58-9086,2024-09-27 07:06:00,J,Pedican,F,26,Two or More Races,General Practice,False,0.0,20,0,0.2,0.0
323-41-1698,2024-06-25 23:17:00,X,Rivelon,F,64,Two or More Races,General Practice,False,0.0,27,0,0.34,0.0
873-13-8470,2024-06-18 16:56:00,Z,Gobbett,F,57,Two or More Races,General Practice,False,0.0,16,0,0.12,0.0
593-41-9219,2023-10-26 01:32:00,F,Sugarman,F,13,Two or More Races,General Practice,False,1.0,10,0,0.0,0.1
308-30-4033,2024-03-09 17:29:00,L,Bugbird,F,40,Two or More Races,General Practice,False,1.0,38,0,0.56,0.1
189-09-9986,2023-04-30 18:15:00,S,Noden,F,60,Two or More Races,General Practice,False,1.0,49,0,0.78,0.1
268-33-9590,2024-02-17 05:09:00,O,Wordington,F,26,Two or More Races,General Practice,False,3.0,22,0,0.24,0.30000000000000004
588-69-1358,2023-11-17 10:25:00,R,Seabridge,F,1,Two or More Races,General Practice,False,4.0,29,0,0.37999999999999995,0.4
734-20-1346,2023-08-05 10:10:00,M,Gorton,F,37,Two or More Races,General Practice,False,5.0,10,0,0.0,0.5
681-74-6023,2023-05-29 17:54:00,Q,Thorius,F,72,Two or More Races,General Practice,False,5.0,55,1,0.9000000000000001,0.5
262-42-0301,2023-09-20 16:01:00,V,Hockey,F,51,Two or More Races,General Practice,False,5.0,14,0,0.08000000000000002,0.5
785-38-6543,2024-01-14 10:58:00,M,Constanza,F,28,Two or More Races,General Practice,False,6.0,11,0,0.01999999999999999,0.6000000000000001
171-53-9045,2024-09-17 21:56:00,C,Dik,F,36,Two or More Races,General Practice,False,7.0,43,0,0.6599999999999999,0.7000000000000001
615-59-2575,2023-04-17 10:20:00,D,Haselhurst,F,10,Two or More Races,General Practice,False,7.0,50,0,0.8,0.7000000000000001
494-56-0322,2024-07-27 02:42:00,H,Jagger,F,8,Two or More Races,General Practice,False,8.0,37,0,0.54,0.8
775-28-0288,2024-10-15 21:44:00,K,Blasli,F,76,Two or More Races,General Practice,False,8.0,42,0,0.6399999999999999,0.8
225-66-7915,2024-10-22 01:36:00,U,Magister,F,2,Two or More Races,General Practice,False,8.0,14,0,0.08000000000000002,0.8
483-64-5654,2024-09-08 21:08:00,V,Shalloe,F,11,Two or More Races,General Practice,False,8.0,34,0,0.48000000000000004,0.8
789-74-0696,2024-09-30 18:43:00,E,Drakes,F,45,Two or More Races,General Practice,False,9.0,32,0,0.44,0.9
545-29-5086,2023-08-16 20:39:00,D,Duxbury,F,63,Two or More Races,Neurology,False,5.0,27,0,0.34,0.5
552-65-1035,2023-05-12 19:56:00,G,Bortolomei,F,30,Two or More Races,Neurology,False,5.0,45,1,0.7,0.5
650-57-7841,2024-10-11 04:33:00,J,Gladwish,F,47,Two or More Races,Neurology,False,5.0,30,0,0.39999999999999997,0.5
737-32-6945,2023-10-29 03:15:00,J,Marusic,F,19,Two or More Races,Neurology,False,5.0,59,0,0.98,0.5
714-04-7254,2023-04-12 14:03:00,K,Odo,F,25,Two or More Races,Neurology,False,5.0,32,0,0.44,0.5
571-38-8943,2024-06-14 00:29:00,Q,Rickell,F,40,Two or More Races,Neurology,False,5.0,57,0,0.9400000000000002,0.5
265-22-3801,2024-04-22 11:06:00,U,Rodrig,F,55,Two or More Races,Neurology,False,1.0,42,0,0.6399999999999999,0.1
446-70-7796,2023-05-06 17:49:00,X,Cejka,F,28,Two or More Races,Neurology,False,9.0,22,1,0.24,0.9
156-92-5624,2024-01-09 13:56:00,D,Peirson,F,1,Two or More Races,No Referral,False,0.0,19,0,0.18,0.0
171-32-2578,2024-01-04 04:44:00,Y,Andrez,F,58,Two or More Races,No Referral,False,0.0,15,0,0.09999999999999998,0.0
714-05-3336,2024-09-21 09:20:00,N,Quernel,F,73,Two or More Races,No Referral,False,1.0,38,0,0.56,0.1
478-46-3518,2024-07-28 17:09:00,R,McFarlane,F,74,Two or More Races,No Referral,False,1.0,39,0,0.5800000000000001,0.1
379-58-8462,2024-01-31 00:26:00,U,Lovell,F,74,Two or More Races,No Referral,False,1.0,18,0,0.15999999999999998,0.1
283-13-1525,2024-08-01 01:12:00,W,Gyde,F,3,Two or More Races,No Referral,False,1.0,55,0,0.9000000000000001,0.1
206-69-0689,2023-08-10 21:38:00,Z,Kenrat,F,5,Two or More Races,No Referral,False,1.0,36,0,0.52,0.1
237-94-9372,2024-09-12 19:36:00,G,McSparran,F,41,Two or More Races,No Referral,False,2.0,51,0,0.8200000000000001,0.2
568-87-7009,2024-04-17 09:10:00,K,Matusevich,F,45,Two or More Races,No Referral,False,2.0,59,0,0.98,0.2
224-77-9238,2024-08-02 16:29:00,K,Alday,F,45,Two or More Races,No Referral,False,2.0,60,0,1.0,0.2
246-06-8866,2024-02-21 14:54:00,V,Coneley,F,34,Two or More Races,No Referral,False,2.0,32,0,0.44,0.2
502-74-6263,2023-06-25 21:32:00,D,Bretherton,F,47,Two or More Races,No Referral,False,3.0,60,0,1.0,0.30000000000000004
350-10-0311,2023-10-28 13:49:00,E,Ahlin,F,69,Two or More Races,No Referral,False,3.0,29,0,0.37999999999999995,0.30000000000000004
216-23-9901,2024-06-11 07:36:00,F,Alphonso,F,60,Two or More Races,No Referral,False,3.0,44,0,0.6799999999999999,0.30000000000000004
420-85-5170,2024-07-20 12:39:00,H,Marlon,F,3,Two or More Races,No Referral,False,3.0,57,0,0.9400000000000002,0.30000000000000004
233-33-9463,2024-03-30 03:05:00,I,Nornasell,F,3,Two or More Races,No Referral,False,3.0,15,0,0.09999999999999998,0.30000000000000004
466-15-0928,2023-09-16 12:28:00,M,Kivell,F,42,Two or More Races,No Referral,False,3.0,29,0,0.37999999999999995,0.30000000000000004
389-24-7558,2023-04-16 18:07:00,N,Strettell,F,41,Two or More Races,No Referral,False,3.0,31,0,0.42,0.30000000000000004
358-19-9800,2023-07-22 03:13:00,S,Berisford,F,72,Two or More Races,No Referral,False,3.0,44,0,0.6799999999999999,0.30000000000000004
165-28-1239,2024-04-07 14:47:00,T,Van den Oord,F,23,Two or More Races,No Referral,False,3.0,19,0,0.18,0.30000000000000004
195-72-1556,2024-09-21 04:16:00,N,Blues,F,74,Two or More Races,No Referral,False,4.0,26,0,0.32,0.4
831-73-1879,2023-07-22 18:11:00,Q,Simon,F,47,Two or More Races,No Referral,False,4.0,59,0,0.98,0.4
722-83-5564,2023-10-22 09:32:00,R,Paumier,F,50,Two or More Races,No Referral,False,4.0,58,0,0.96,0.4
584-75-1706,2024-07-01 01:31:00,U,Zohrer,F,19,Two or More Races,No Referral,False,4.0,45,0,0.7,0.4
623-61-9841,2024-05-27 09:12:00,X,Lewsy,F,67,Two or More Races,No Referral,False,4.0,32,0,0.44,0.4
570-76-1303,2024-03-07 06:29:00,A,Manley,F,34,Two or More Races,No Referral,False,5.0,40,0,0.6000000000000001,0.5
307-10-9903,2024-10-20 14:10:00,C,Motton,F,21,Two or More Races,No Referral,False,5.0,45,0,0.7,0.5
274-44-4510,2024-01-27 23:14:00,C,Guppy,F,57,Two or More Races,No Referral,False,5.0,49,0,0.78,0.5
636-40-6086,2023-11-04 16:04:00,F,Yekel,F,52,Two or More Races,No Referral,False,5.0,51,0,0.8200000000000001,0.5
708-70-6853,2024-02-23 10:47:00,M,Eallis,F,41,Two or More Races,No Referral,False,5.0,14,0,0.08000000000000002,0.5
489-05-8649,2024-04-09 06:57:00,Y,Calan,F,64,Two or More Races,No Referral,False,5.0,18,0,0.15999999999999998,0.5
275-21-8502,2024-06-09 22:09:00,Y,Grimmer,F,76,Two or More Races,No Referral,False,5.0,30,0,0.39999999999999997,0.5
578-99-8746,2023-05-24 18:31:00,K,Bartalin,F,28,Two or More Races,No Referral,False,6.0,54,1,0.8800000000000001,0.6000000000000001
341-60-5841,2023-07-31 21:46:00,N,Auletta,F,34,Two or More Races,No Referral,False,6.0,35,0,0.5,0.6000000000000001
120-74-3430,2024-01-20 12:15:00,P,Boreham,F,35,Two or More Races,No Referral,False,6.0,33,0,0.46,0.6000000000000001
249-31-5844,2023-09-02 19:12:00,P,Morsom,F,56,Two or More Races,No Referral,False,6.0,42,0,0.6399999999999999,0.6000000000000001
246-84-5205,2024-03-07 18:54:00,X,Jarman,F,9,Two or More Races,No Referral,False,6.0,36,0,0.52,0.6000000000000001
310-42-9819,2023-10-04 17:22:00,Z,Bagnold,F,31,Two or More Races,No Referral,False,6.0,35,0,0.5,0.6000000000000001
140-62-8233,2024-04-26 20:32:00,Z,Palleske,F,31,Two or More Races,No Referral,False,6.0,41,0,0.6200000000000001,0.6000000000000001
371-76-0692,2023-05-17 12:54:00,D,Osmint,F,28,Two or More Races,No Referral,False,7.0,10,1,0.0,0.7000000000000001
599-32-7561,2023-05-07 13:35:00,E,Calcott,F,77,Two or More Races,No Referral,False,7.0,38,1,0.56,0.7000000000000001
682-94-8732,2023-12-24 08:48:00,I,Bunnell,F,62,Two or More Races,No Referral,False,7.0,28,0,0.36000000000000004,0.7000000000000001
511-82-4653,2024-10-09 02:07:00,I,Gartin,F,7,Two or More Races,No Referral,False,7.0,52,0,0.8400000000000001,0.7000000000000001
829-10-5536,2023-08-12 12:46:00,M,Gori,F,27,Two or More Races,No Referral,False,7.0,12,0,0.03999999999999998,0.7000000000000001
195-28-0811,2024-06-07 16:00:00,M,Winkett,F,67,Two or More Races,No Referral,False,7.0,58,0,0.96,0.7000000000000001
488-92-0999,2024-03-23 03:20:00,P,Ayers,F,67,Two or More Races,No Referral,False,7.0,11,0,0.01999999999999999,0.7000000000000001
178-24-4407,2023-08-12 22:20:00,Q,Sweeney,F,71,Two or More Races,No Referral,False,7.0,45,0,0.7,0.7000000000000001
389-43-8291,2023-08-20 04:24:00,T,Leach,F,7,Two or More Races,No Referral,False,7.0,45,0,0.7,0.7000000000000001
132-13-7157,2024-04-20 22:17:00,Y,McCreedy,F,76,Two or More Races,No Referral,False,7.0,36,0,0.52,0.7000000000000001
106-29-7582,2024-01-07 16:12:00,E,Calcut,F,13,Two or More Races,No Referral,False,8.0,11,0,0.01999999999999999,0.8
593-38-9878,2024-05-06 18:42:00,H,Atheis,F,2,Two or More Races,No Referral,False,8.0,28,0,0.36000000000000004,0.8
744-03-5281,2024-08-28 20:56:00,Z,Gregorin,F,15,Two or More Races,No Referral,False,8.0,33,0,0.46,0.8
849-38-9457,2023-05-08 05:14:00,D,Jiggens,F,78,Two or More Races,No Referral,False,9.0,30,1,0.39999999999999997,0.9
322-37-4264,2024-03-07 16:37:00,E,Auton,F,52,Two or More Races,No Referral,False,9.0,45,0,0.7,0.9
686-61-2694,2024-10-24 11:37:00,O,Gummery,F,48,Two or More Races,No Referral,False,9.0,54,0,0.8800000000000001,0.9
603-26-5838,2024-03-04 03:21:00,R,Elsley,F,4,Two or More Races,No Referral,False,9.0,11,0,0.01999999999999999,0.9
459-06-4503,2024-06-02 07:15:00,Y,Lincoln,F,38,Two or More Races,No Referral,False,9.0,13,0,0.06,0.9
805-12-6491,2023-10-19 18:57:00,Y,Collcott,F,53,Two or More Races,No Referral,False,9.0,47,0,0.74,0.9
335-53-6706,2024-05-29 10:57:00,Z,Brandino,F,36,Two or More Races,No Referral,False,9.0,58,0,0.96,0.9
370-58-5256,2024-09-25 12:57:00,B,Norkett,F,41,Two or More Races,No Referral,False,10.0,18,0,0.15999999999999998,1.0
443-52-9348,2023-12-25 20:05:00,E,Kasperski,F,36,Two or More Races,No Referral,False,10.0,13,0,0.06,1.0
798-67-0882,2024-03-28 19:08:00,U,Dofty,F,42,Two or More Races,No Referral,False,10.0,26,0,0.32,1.0
674-03-7037,2024-10-17 10:06:00,Y,Winchester,F,30,Two or More Races,No Referral,False,10.0,59,0,0.98,1.0
675-74-4830,2024-10-21 19:52:00,A,MacCosto,F,75,Two or More Races,Orthopedics,False,5.0,53,0,0.8600000000000001,0.5
429-25-2267,2023-10-04 04:33:00,C,Fowlds,F,46,Two or More Races,Orthopedics,False,5.0,34,0,0.48000000000000004,0.5
814-16-5063,2024-06-19 08:35:00,E,Sheasby,F,78,Two or More Races,Orthopedics,False,5.0,47,0,0.74,0.5
171-14-8581,2023-11-09 05:50:00,I,Whitmore,F,56,Two or More Races,Orthopedics,False,5.0,12,0,0.03999999999999998,0.5
119-37-8978,2023-12-08 01:51:00,I,Drakard,F,72,Two or More Races,Orthopedics,False,5.0,49,0,0.78,0.5
822-41-7734,2024-08-12 14:46:00,J,Dowall,F,27,Two or More Races,Orthopedics,False,5.0,52,0,0.8400000000000001,0.5
216-85-2300,2024-07-26 01:12:00,N,Kenforth,F,29,Two or More Races,Orthopedics,False,5.0,38,0,0.56,0.5
485-49-0599,2024-04-21 07:11:00,N,Nel,F,31,Two or More Races,Orthopedics,False,5.0,40,0,0.6000000000000001,0.5
440-04-5619,2023-09-18 04:12:00,P,Kivlehan,F,48,Two or More Races,Orthopedics,False,5.0,48,0,0.76,0.5
261-68-3689,2024-04-28 14:21:00,Q,Hedditeh,F,6,Two or More Races,Orthopedics,False,5.0,45,0,0.7,0.5
616-88-3087,2023-12-14 20:10:00,R,Hagan,F,43,Two or More Races,Orthopedics,False,5.0,49,0,0.78,0.5
643-42-0906,2024-05-22 04:52:00,T,Barrett,F,46,Two or More Races,Orthopedics,False,5.0,20,0,0.2,0.5
761-34-5834,2023-06-17 00:20:00,X,Penddreth,F,17,Two or More Races,Orthopedics,False,5.0,15,0,0.09999999999999998,0.5
650-34-0647,2023-10-25 04:44:00,X,Withers,F,34,Two or More Races,Orthopedics,False,5.0,29,0,0.37999999999999995,0.5
589-07-2378,2024-10-09 02:46:00,Y,Lindores,F,65,Two or More Races,Orthopedics,False,5.0,54,0,0.8800000000000001,0.5
640-63-5453,2023-08-18 17:54:00,Z,Curl,F,23,Two or More Races,Orthopedics,False,5.0,10,0,0.0,0.5
400-51-3029,2024-02-08 22:19:00,X,Abdy,F,41,Two or More Races,Orthopedics,False,0.0,49,0,0.78,0.0
245-09-8382,2023-10-30 14:23:00,B,Tennick,F,18,Two or More Races,Orthopedics,False,2.0,35,0,0.5,0.2
604-19-2040,2024-08-28 15:48:00,J,Founds,F,54,Two or More Races,Orthopedics,False,6.0,30,0,0.39999999999999997,0.6000000000000001
637-90-2785,2023-06-04 23:30:00,H,Garside,F,75,Two or More Races,Orthopedics,False,7.0,13,0,0.06,0.7000000000000001
593-93-2765,2023-04-08 20:10:00,E,Le Huquet,F,2,Two or More Races,Orthopedics,False,8.0,25,0,0.3,0.8
425-45-8845,2023-11-21 19:18:00,G,Mackiewicz,F,10,Two or More Races,Orthopedics,False,9.0,11,0,0.01999999999999999,0.9
171-97-5054,2024-08-04 22:30:00,G,MacCosto,F,46,Two or More Races,Orthopedics,False,9.0,30,0,0.39999999999999997,0.9
760-97-7277,2023-07-26 00:11:00,Q,Benam,F,27,Two or More Races,Orthopedics,False,9.0,58,0,0.96,0.9
669-18-2341,2023-07-03 18:28:00,G,Prazer,F,37,Two or More Races,Physiotherapy,False,5.0,49,0,0.78,0.5
707-35-6910,2024-08-01 20:38:00,I,Kennler,F,61,Two or More Races,Physiotherapy,False,5.0,27,0,0.34,0.5
793-72-2819,2023-10-04 03:05:00,K,Ogdahl,F,73,Two or More Races,Physiotherapy,False,5.0,18,0,0.15999999999999998,0.5
422-87-0090,2023-09-22 19:55:00,K,Doerren,F,47,Two or More Races,Physiotherapy,False,5.0,19,0,0.18,0.5
875-34-4380,2024-02-16 05:06:00,J,Legging,F,3,Two or More Races,Physiotherapy,False,2.0,14,0,0.08000000000000002,0.2
852-80-8003,2023-07-14 06:41:00,X,Moneypenny,F,69,Two or More Races,Physiotherapy,False,2.0,48,0,0.76,0.2
404-25-9280,2023-05-14 17:23:00,B,Knowler,F,31,Two or More Races,Renal,False,5.0,27,1,0.34,0.5
643-14-5413,2023-10-12 03:19:00,D,De Caroli,F,54,Two or More Races,Renal,False,5.0,53,0,0.8600000000000001,0.5
697-08-8904,2023-07-03 01:53:00,D,Sneddon,F,72,White,Cardiology,False,5.0,41,0,0.6200000000000001,0.5
293-45-9729,2024-08-19 12:01:00,F,Francais,F,15,White,Cardiology,False,5.0,40,0,0.6000000000000001,0.5
479-82-6847,2023-10-06 10:27:00,F,Rannald,F,7,White,Cardiology,False,5.0,53,0,0.8600000000000001,0.5
565-24-0607,2024-05-04 06:06:00,G,Meddemmen,F,41,White,Cardiology,False,5.0,48,0,0.76,0.5
568-58-7867,2024-08-21 05:31:00,H,McGilvary,F,62,White,Cardiology,False,5.0,28,0,0.36000000000000004,0.5
719-12-1585,2023-10-25 20:45:00,J,Woltering,F,5,White,Cardiology,False,5.0,16,0,0.12,0.5
848-85-3012,2024-02-08 20:16:00,O,Kauffman,F,22,White,Cardiology,False,5.0,41,0,0.6200000000000001,0.5
702-17-2187,2024-10-23 01:58:00,P,Fishe,F,64,White,Cardiology,False,5.0,60,0,1.0,0.5
206-35-3192,2024-03-06 00:11:00,Q,Treffry,F,40,White,Cardiology,False,5.0,44,0,0.6799999999999999,0.5
154-03-1861,2024-04-25 22:57:00,Q,Martt,F,57,White,Cardiology,False,5.0,55,0,0.9000000000000001,0.5
121-51-9644,2023-08-29 09:12:00,P,O'Sullivan,F,27,White,Cardiology,False,1.0,20,0,0.2,0.1
154-08-4257,2023-08-02 12:59:00,X,Coventon,F,59,White,Cardiology,False,2.0,13,0,0.06,0.2
408-41-7059,2023-09-18 23:48:00,K,Kilpin,F,37,White,Cardiology,False,4.0,22,0,0.24,0.4
462-41-3786,2024-04-09 07:08:00,U,Chinnock,F,71,White,Cardiology,False,4.0,52,0,0.8400000000000001,0.4
714-02-5849,2023-10-05 07:26:00,H,Steinhammer,F,25,White,Cardiology,False,6.0,38,0,0.56,0.6000000000000001
768-69-7056,2023-12-10 08:31:00,X,Heales,F,72,White,Cardiology,False,6.0,58,0,0.96,0.6000000000000001
301-60-9365,2024-09-05 21:29:00,J,Castelluzzi,F,17,White,Cardiology,False,7.0,60,0,1.0,0.7000000000000001
461-55-0550,2023-06-29 19:19:00,L,Fawlks,F,59,White,Cardiology,False,7.0,47,0,0.74,0.7000000000000001
641-80-7935,2024-10-17 09:23:00,V,Mandy,F,63,White,Cardiology,False,8.0,11,0,0.01999999999999999,0.8
726-10-5465,2024-06-11 06:37:00,E,Vooght,F,43,White,Gastroenterology,False,5.0,46,0,0.72,0.5
835-94-6808,2023-06-04 10:46:00,N,Jarvis,F,13,White,Gastroenterology,False,5.0,60,0,1.0,0.5
856-07-9802,2023-04-05 05:43:00,P,Flukes,F,23,White,Gastroenterology,False,5.0,34,0,0.48000000000000004,0.5
688-06-4798,2024-09-20 20:25:00,V,Hacquard,F,70,White,Gastroenterology,False,5.0,11,0,0.01999999999999999,0.5
582-72-6724,2023-07-30 12:54:00,Z,Cowderoy,F,70,White,Gastroenterology,False,5.0,16,0,0.12,0.5
123-48-8041,2024-07-04 19:29:00,M,Cyphus,F,64,White,Gastroenterology,False,3.0,30,0,0.39999999999999997,0.30000000000000004
260-68-9723,2023-09-27 22:14:00,R,Silverston,F,19,White,Gastroenterology,False,7.0,57,0,0.9400000000000002,0.7000000000000001
246-48-0846,2023-06-27 02:35:00,Z,Kays,F,47,White,Gastroenterology,False,7.0,32,0,0.44,0.7000000000000001
392-91-5620,2024-02-25 23:05:00,B,Pyer,F,63,White,General Practice,False,5.0,26,0,0.32,0.5
198-08-3001,2024-03-30 19:42:00,B,Dallow,F,52,White,General Practice,False,5.0,34,0,0.48000000000000004,0.5
312-12-5886,2024-10-11 08:16:00,B,Patemore,F,36,White,General Practice,False,5.0,36,0,0.52,0.5
256-24-0224,2024-03-25 14:53:00,B,Daens,F,75,White,General Practice,False,5.0,39,0,0.5800000000000001,0.5
505-50-0210,2024-03-07 05:49:00,B,Newvill,F,53,White,General Practice,False,5.0,41,0,0.6200000000000001,0.5
333-35-9595,2023-05-17 21:20:00,C,Scola,F,27,White,General Practice,False,5.0,40,1,0.6000000000000001,0.5
745-61-1116,2023-05-11 05:44:00,C,Humpage,F,75,White,General Practice,False,5.0,47,1,0.74,0.5
731-89-5373,2024-09-21 18:44:00,C,Jonson,F,30,White,General Practice,False,5.0,60,0,1.0,0.5
109-11-0500,2024-07-18 16:24:00,D,Becket,F,25,White,General Practice,False,5.0,22,0,0.24,0.5
631-77-8384,2023-12-19 21:58:00,D,Dutteridge,F,38,White,General Practice,False,5.0,24,0,0.27999999999999997,0.5
162-97-8549,2023-09-16 05:53:00,D,Pointer,F,50,White,General Practice,False,5.0,25,0,0.3,0.5
386-69-5532,2024-10-11 04:38:00,D,Chapelhow,F,65,White,General Practice,False,5.0,25,0,0.3,0.5
570-43-7551,2024-09-23 09:45:00,D,Cashin,F,58,White,General Practice,False,5.0,38,0,0.56,0.5
744-31-9326,2024-04-15 14:12:00,E,Pettyfer,F,16,White,General Practice,False,5.0,23,0,0.26,0.5
208-13-0472,2023-11-21 02:41:00,E,Morais,F,45,White,General Practice,False,5.0,25,0,0.3,0.5
667-75-8929,2024-10-20 10:13:00,E,Delion,F,5,White,General Practice,False,5.0,38,0,0.56,0.5
167-67-7087,2024-03-28 05:25:00,E,Hardaway,F,35,White,General Practice,False,5.0,52,0,0.8400000000000001,0.5
304-29-9773,2023-04-22 21:32:00,E,Otley,F,43,White,General Practice,False,5.0,55,0,0.9000000000000001,0.5
130-34-9435,2024-06-10 21:40:00,F,Antwis,F,7,White,General Practice,False,5.0,29,0,0.37999999999999995,0.5
324-61-3810,2024-10-13 18:56:00,F,Leivers,F,51,White,General Practice,False,5.0,40,0,0.6000000000000001,0.5
769-03-0157,2023-05-22 09:56:00,F,Sisland,F,50,White,General Practice,False,5.0,60,1,1.0,0.5
754-98-4218,2024-07-27 02:25:00,G,Varian,F,27,White,General Practice,False,5.0,11,0,0.01999999999999999,0.5
775-45-1167,2024-10-16 01:26:00,G,Aveson,F,28,White,General Practice,False,5.0,16,0,0.12,0.5
214-64-8639,2023-04-25 04:33:00,G,La Wille,F,75,White,General Practice,False,5.0,58,0,0.96,0.5
784-41-9437,2024-01-18 10:17:00,G,Walker,F,8,White,General Practice,False,5.0,59,0,0.98,0.5
404-79-6616,2024-06-18 01:38:00,H,Malyon,F,38,White,General Practice,False,5.0,13,0,0.06,0.5
243-35-8779,2024-03-08 02:48:00,H,Rasell,F,78,White,General Practice,False,5.0,38,0,0.56,0.5
898-98-4823,2023-09-03 16:29:00,H,Klais,F,56,White,General Practice,False,5.0,48,0,0.76,0.5
564-43-2650,2023-06-14 12:07:00,I,Gooding,F,63,White,General Practice,False,5.0,14,0,0.08000000000000002,0.5
216-32-9846,2023-04-25 10:03:00,I,Cettell,F,66,White,General Practice,False,5.0,30,0,0.39999999999999997,0.5
719-19-2025,2023-07-30 14:40:00,I,Waldren,F,54,White,General Practice,False,5.0,32,0,0.44,0.5
891-56-9495,2023-04-14 06:17:00,I,Eyres,F,17,White,General Practice,False,5.0,40,0,0.6000000000000001,0.5
242-79-8906,2023-10-14 17:31:00,J,Gavozzi,F,64,White,General Practice,False,5.0,60,0,1.0,0.5
593-14-3589,2024-10-28 18:57:00,L,Priestley,F,33,White,General Practice,False,5.0,17,0,0.14,0.5
352-70-3795,2023-06-01 22:24:00,L,Ord,F,27,White,General Practice,False,5.0,46,0,0.72,0.5
896-70-9335,2023-10-18 06:55:00,M,Steinor,F,49,White,General Practice,False,5.0,12,0,0.03999999999999998,0.5
163-37-3593,2023-09-11 17:38:00,M,Hazley,F,44,White,General Practice,False,5.0,15,0,0.09999999999999998,0.5
852-57-6371,2024-01-25 00:27:00,M,Roels,F,37,White,General Practice,False,5.0,17,0,0.14,0.5
227-92-6315,2024-08-05 18:56:00,M,Guillain,F,69,White,General Practice,False,5.0,30,0,0.39999999999999997,0.5
704-38-7358,2024-07-11 04:17:00,N,Lambard,F,41,White,General Practice,False,5.0,27,0,0.34,0.5
899-73-5432,2023-07-30 07:09:00,N,Klasing,F,8,White,General Practice,False,5.0,29,0,0.37999999999999995,0.5
449-57-7823,2023-10-25 00:33:00,N,Weatherell,F,14,White,General Practice,False,5.0,29,0,0.37999999999999995,0.5
386-93-0195,2023-08-29 15:18:00,N,Ipplett,F,6,White,General Practice,False,5.0,31,0,0.42,0.5
681-09-1146,2024-04-25 20:46:00,N,Schroeder,F,60,White,General Practice,False,5.0,49,0,0.78,0.5
694-42-3578,2023-05-05 11:35:00,O,Gullberg,F,56,White,General Practice,False,5.0,24,1,0.27999999999999997,0.5
828-58-5766,2024-01-05 00:04:00,O,Brockie,F,30,White,General Practice,False,5.0,29,0,0.37999999999999995,0.5
232-22-8377,2024-01-23 16:23:00,O,Messham,F,75,White,General Practice,False,5.0,44,0,0.6799999999999999,0.5
330-15-2022,2024-03-25 14:35:00,P,Durdy,F,28,White,General Practice,False,5.0,48,0,0.76,0.5
293-87-7863,2024-06-06 05:43:00,Q,Mulliss,F,69,White,General Practice,False,5.0,54,0,0.8800000000000001,0.5
624-10-4726,2023-08-20 11:02:00,Q,Tippings,F,20,White,General Practice,False,5.0,57,0,0.9400000000000002,0.5
470-60-5830,2023-12-10 20:34:00,Q,Olenchenko,F,53,White,General Practice,False,5.0,57,0,0.9400000000000002,0.5
737-87-2672,2024-08-11 05:23:00,R,Arniz,F,32,White,General Practice,False,5.0,27,0,0.34,0.5
894-85-2431,2023-12-11 17:44:00,R,Stainton - Skinn,F,4,White,General Practice,False,5.0,28,0,0.36000000000000004,0.5
880-71-5024,2024-09-17 15:43:00,R,Roydon,F,67,White,General Practice,False,5.0,34,0,0.48000000000000004,0.5
693-79-5815,2023-04-16 19:37:00,R,Hintze,F,17,White,General Practice,False,5.0,48,0,0.76,0.5
124-83-1571,2024-08-19 04:40:00,R,Janik,F,44,White,General Practice,False,5.0,56,0,0.9200000000000002,0.5
634-04-5264,2024-09-09 17:25:00,R,Possek,F,70,White,General Practice,False,5.0,57,0,0.9400000000000002,0.5
624-07-8564,2024-10-12 07:34:00,S,Fegan,F,27,White,General Practice,False,5.0,34,0,0.48000000000000004,0.5
711-91-1753,2023-10-18 07:28:00,T,Oliveras,F,34,White,General Practice,False,5.0,46,0,0.72,0.5
548-51-4965,2024-02-17 21:15:00,T,Figura,F,77,White,General Practice,False,5.0,54,0,0.8800000000000001,0.5
140-25-6958,2024-06-20 07:20:00,T,Sivorn,F,19,White,General Practice,False,5.0,58,0,0.96,0.5
290-33-0784,2023-12-01 13:16:00,U,Battman,F,70,White,General Practice,False,5.0,10,0,0.0,0.5
736-65-1711,2023-11-02 11:34:00,U,Rumble,F,55,White,General Practice,False,5.0,39,0,0.5800000000000001,0.5
396-62-3227,2024-04-30 00:59:00,U,Iwanowicz,F,59,White,General Practice,False,5.0,39,0,0.5800000000000001,0.5
486-16-3524,2024-09-19 23:19:00,V,Haitlie,F,33,White,General Practice,False,5.0,38,0,0.56,0.5
824-49-2063,2023-09-22 20:57:00,V,Grahamslaw,F,1,White,General Practice,False,5.0,56,0,0.9200000000000002,0.5
725-92-4975,2023-04-10 04:24:00,W,Goldstone,F,35,White,General Practice,False,5.0,19,0,0.18,0.5
759-28-1275,2024-05-02 20:04:00,W,Shaplin,F,53,White,General Practice,False,5.0,24,0,0.27999999999999997,0.5
860-61-6074,2023-06-05 18:45:00,W,Brickstock,F,72,White,General Practice,False,5.0,25,0,0.3,0.5
425-78-2883,2023-12-04 15:37:00,X,Heintzsch,F,20,White,General Practice,False,5.0,52,0,0.8400000000000001,0.5
262-44-2199,2023-08-14 03:37:00,X,Breche,F,6,White,General Practice,False,5.0,54,0,0.8800000000000001,0.5
275-99-2473,2024-07-05 01:24:00,X,Burgett,F,39,White,General Practice,False,5.0,59,0,0.98,0.5
394-02-2360,2024-09-11 00:02:00,Y,Chappelle,F,37,White,General Practice,False,5.0,22,0,0.24,0.5
526-02-1830,2024-01-18 15:35:00,Y,Filgate,F,42,White,General Practice,False,5.0,46,0,0.72,0.5
379-54-8312,2023-04-24 17:51:00,Z,Szymanek,F,74,White,General Practice,False,5.0,16,0,0.12,0.5
386-17-3826,2023-12-15 06:08:00,Z,Eiler,F,21,White,General Practice,False,5.0,27,0,0.34,0.5
312-76-3868,2023-06-01 18:31:00,Z,O'Doherty,F,79,White,General Practice,False,5.0,44,0,0.6799999999999999,0.5
295-04-1906,2024-09-03 13:18:00,B,Skin,F,62,White,General Practice,False,0.0,47,0,0.74,0.0
587-40-6537,2023-05-28 13:19:00,E,Lettuce,F,77,White,General Practice,False,0.0,52,1,0.8400000000000001,0.0
419-26-1516,2024-10-29 09:13:00,S,Bilovsky,F,21,White,General Practice,False,0.0,24,0,0.27999999999999997,0.0
461-76-6137,2024-05-23 23:32:00,D,Scud,F,26,White,General Practice,False,1.0,37,0,0.54,0.1
552-27-9168,2024-04-20 13:39:00,O,Po,F,57,White,General Practice,False,1.0,28,0,0.36000000000000004,0.1
209-76-3431,2024-08-30 06:30:00,E,Schimaschke,F,33,White,General Practice,False,2.0,32,0,0.44,0.2
509-22-5012,2023-11-05 06:35:00,P,Aggis,F,15,White,General Practice,False,2.0,43,0,0.6599999999999999,0.2
665-01-2413,2024-02-17 22:57:00,Y,Yakob,F,5,White,General Practice,False,2.0,36,0,0.52,0.2
598-59-6394,2023-12-06 04:00:00,Y,Upchurch,F,32,White,General Practice,False,2.0,58,0,0.96,0.2
262-75-8796,2024-01-17 08:36:00,H,Redihalgh,F,18,White,General Practice,False,3.0,22,0,0.24,0.30000000000000004
635-27-4110,2023-09-17 03:09:00,J,Schruyer,F,9,White,General Practice,False,3.0,32,0,0.44,0.30000000000000004
823-66-1885,2023-05-10 16:48:00,K,Rolfo,F,39,White,General Practice,False,3.0,23,1,0.26,0.30000000000000004
731-69-9552,2024-04-08 23:13:00,D,Langeren,F,23,White,General Practice,False,4.0,10,0,0.0,0.4
766-83-5972,2024-08-19 03:45:00,F,Durnill,F,42,White,General Practice,False,4.0,39,0,0.5800000000000001,0.4
298-91-5578,2023-06-27 19:47:00,S,Stanfield,F,70,White,General Practice,False,4.0,44,0,0.6799999999999999,0.4
261-20-6037,2023-04-22 22:10:00,A,Whitemarsh,F,58,White,General Practice,False,5.0,35,0,0.5,0.5
771-03-7336,2023-04-02 00:43:00,E,Sessions,F,29,White,General Practice,False,5.0,26,0,0.32,0.5
196-37-4530,2023-08-19 23:35:00,O,Lovewell,F,3,White,General Practice,False,5.0,42,0,0.6399999999999999,0.5
235-08-1285,2023-12-29 08:14:00,P,Draycott,F,58,White,General Practice,False,5.0,14,0,0.08000000000000002,0.5
214-91-3829,2023-05-01 06:05:00,Y,Maylor,F,77,White,General Practice,False,5.0,46,1,0.72,0.5
399-75-7983,2024-05-18 07:46:00,U,Kleynen,F,23,White,General Practice,False,6.0,41,0,0.6200000000000001,0.6000000000000001
614-75-1257,2024-03-26 05:07:00,X,Stallion,F,11,White,General Practice,False,6.0,58,0,0.96,0.6000000000000001
660-42-0591,2023-10-15 07:04:00,E,Michelotti,F,68,White,General Practice,False,7.0,33,0,0.46,0.7000000000000001
137-94-4888,2023-05-03 06:23:00,E,Mattheis,F,31,White,General Practice,False,7.0,43,1,0.6599999999999999,0.7000000000000001
768-98-4894,2023-11-05 09:45:00,U,McLarty,F,61,White,General Practice,False,7.0,52,0,0.8400000000000001,0.7000000000000001
390-43-5551,2023-12-08 22:00:00,W,Fordyce,F,14,White,General Practice,False,7.0,41,0,0.6200000000000001,0.7000000000000001
323-14-5080,2023-05-23 15:37:00,X,Idle,F,8,White,General Practice,False,7.0,14,1,0.08000000000000002,0.7000000000000001
513-36-1037,2023-08-21 02:28:00,Z,Branchflower,F,69,White,General Practice,False,7.0,22,0,0.24,0.7000000000000001
490-11-8769,2024-02-01 07:32:00,F,Bourcq,F,39,White,General Practice,False,8.0,37,0,0.54,0.8
798-22-8341,2023-10-05 07:24:00,H,Weerdenburg,F,18,White,General Practice,False,8.0,12,0,0.03999999999999998,0.8
762-06-3723,2024-02-27 11:54:00,O,de Clerk,F,22,White,General Practice,False,8.0,52,0,0.8400000000000001,0.8
556-89-6240,2023-05-09 19:16:00,B,Runham,F,58,White,General Practice,False,9.0,16,1,0.12,0.9
549-72-7509,2023-11-16 18:04:00,F,Sansbury,F,49,White,General Practice,False,9.0,28,0,0.36000000000000004,0.9
487-35-6749,2023-11-09 16:37:00,G,Heelis,F,71,White,General Practice,False,9.0,18,0,0.15999999999999998,0.9
621-62-5464,2024-01-02 18:53:00,I,Gawthorp,F,40,White,General Practice,False,9.0,17,0,0.14,0.9
306-19-5290,2024-08-30 02:51:00,R,Onians,F,27,White,General Practice,False,9.0,42,0,0.6399999999999999,0.9
759-80-5949,2024-10-19 03:55:00,Z,Maccree,F,49,White,General Practice,False,9.0,46,0,0.72,0.9
211-58-9428,2024-08-23 22:21:00,D,Geockle,F,74,White,General Practice,False,10.0,49,0,0.78,1.0
193-77-7514,2024-05-16 11:02:00,I,Trigwell,F,26,White,General Practice,False,10.0,40,0,0.6000000000000001,1.0
863-21-0169,2023-05-17 02:57:00,Q,Corstorphine,F,39,White,General Practice,False,10.0,19,1,0.18,1.0
617-16-3537,2024-08-30 06:27:00,A,Gansbuhler,F,57,White,Neurology,False,5.0,48,0,0.76,0.5
276-85-5628,2024-04-27 02:32:00,C,Thirtle,F,27,White,Neurology,False,5.0,23,0,0.26,0.5
605-75-8255,2023-05-05 12:58:00,E,Fernez,F,38,White,Neurology,False,5.0,52,1,0.8400000000000001,0.5
716-64-7519,2023-06-10 05:06:00,I,MacAscaidh,F,51,White,Neurology,False,5.0,39,0,0.5800000000000001,0.5
739-54-8847,2024-09-23 15:54:00,I,Egglestone,F,9,White,Neurology,False,5.0,59,0,0.98,0.5
858-06-1882,2024-04-05 10:11:00,N,Hoggan,F,79,White,Neurology,False,5.0,23,0,0.26,0.5
128-05-1579,2023-06-09 01:37:00,T,MacCarrick,F,30,White,Neurology,False,5.0,56,0,0.9200000000000002,0.5
863-96-5808,2024-10-10 15:23:00,Z,Finlow,F,20,White,Neurology,False,5.0,51,0,0.8200000000000001,0.5
158-13-3727,2023-09-22 15:43:00,Z,Karpmann,F,70,White,Neurology,False,1.0,30,0,0.39999999999999997,0.1
893-28-5273,2023-06-01 23:31:00,F,Metcalf,F,23,White,Neurology,False,2.0,42,0,0.6399999999999999,0.2
254-35-5734,2024-02-01 04:11:00,S,Foulstone,F,32,White,Neurology,False,5.0,60,0,1.0,0.5
426-94-0569,2024-10-17 04:42:00,H,Siss,F,35,White,Neurology,False,9.0,49,0,0.78,0.9
242-46-7448,2024-08-03 03:50:00,U,Chippin,F,29,White,Neurology,False,10.0,20,0,0.2,1.0
536-37-9223,2024-05-28 12:32:00,A,Duigenan,F,42,White,No Referral,False,0.0,27,0,0.34,0.0
309-58-3156,2023-07-16 20:43:00,C,Ibberson,F,69,White,No Referral,False,0.0,29,0,0.37999999999999995,0.0
219-41-5143,2024-07-01 15:54:00,F,Priver,F,53,White,No Referral,False,0.0,44,0,0.6799999999999999,0.0
507-18-9945,2023-12-29 23:38:00,H,Tittershill,F,53,White,No Referral,False,0.0,14,0,0.08000000000000002,0.0
518-59-9140,2024-08-08 01:39:00,L,Halward,F,74,White,No Referral,False,0.0,27,0,0.34,0.0
887-81-0302,2024-05-12 12:56:00,N,Hurt,F,27,White,No Referral,False,0.0,16,0,0.12,0.0
478-28-3152,2023-11-28 04:09:00,Q,Lackmann,F,69,White,No Referral,False,0.0,33,0,0.46,0.0
762-48-6422,2024-05-31 03:58:00,G,Kachel,F,60,White,No Referral,False,1.0,52,0,0.8400000000000001,0.1
849-50-0138,2024-05-07 04:54:00,H,Ruhben,F,22,White,No Referral,False,1.0,60,0,1.0,0.1
508-47-0601,2023-05-02 08:43:00,I,Heading,F,60,White,No Referral,False,1.0,18,1,0.15999999999999998,0.1
259-14-9232,2023-04-06 00:56:00,M,Olexa,F,26,White,No Referral,False,1.0,24,0,0.27999999999999997,0.1
152-65-5703,2024-06-18 22:00:00,N,Swedeland,F,72,White,No Referral,False,1.0,15,0,0.09999999999999998,0.1
654-74-6226,2023-06-18 01:59:00,N,Brayn,F,45,White,No Referral,False,1.0,43,0,0.6599999999999999,0.1
864-39-8168,2023-10-11 11:17:00,S,Alywen,F,67,White,No Referral,False,1.0,28,0,0.36000000000000004,0.1
672-03-7924,2024-06-04 16:50:00,T,Beazer,F,26,White,No Referral,False,1.0,19,0,0.18,0.1
171-47-9048,2024-02-13 19:01:00,V,Fiennes,F,67,White,No Referral,False,1.0,17,0,0.14,0.1
704-26-0836,2024-05-23 23:14:00,V,Loughran,F,32,White,No Referral,False,1.0,45,0,0.7,0.1
277-99-9308,2024-03-16 16:16:00,W,Ketcher,F,67,White,No Referral,False,1.0,43,0,0.6599999999999999,0.1
811-38-7866,2023-10-18 15:57:00,X,Palffrey,F,7,White,No Referral,False,1.0,39,0,0.5800000000000001,0.1
625-37-2390,2023-05-05 15:50:00,D,Moorcraft,F,60,White,No Referral,False,2.0,18,1,0.15999999999999998,0.2
781-73-2733,2023-11-05 07:18:00,E,Edgcombe,F,65,White,No Referral,False,2.0,49,0,0.78,0.2
224-04-4489,2024-07-17 11:25:00,G,Matignon,F,39,White,No Referral,False,2.0,11,0,0.01999999999999999,0.2
113-47-3396,2023-07-20 22:55:00,G,Ary,F,42,White,No Referral,False,2.0,50,0,0.8,0.2
695-76-1933,2024-07-08 08:02:00,I,Chung,F,66,White,No Referral,False,2.0,46,0,0.72,0.2
857-38-9352,2023-11-30 19:01:00,J,Wheatland,F,13,White,No Referral,False,2.0,49,0,0.78,0.2
169-34-3725,2023-06-17 14:29:00,M,Smart,F,62,White,No Referral,False,2.0,21,0,0.21999999999999997,0.2
487-63-8783,2023-07-20 20:27:00,N,Whisker,F,73,White,No Referral,False,2.0,36,0,0.52,0.2
678-73-4267,2023-11-19 14:10:00,S,Latch,F,1,White,No Referral,False,2.0,37,0,0.54,0.2
465-84-4385,2024-04-05 05:53:00,T,Winfield,F,18,White,No Referral,False,2.0,44,0,0.6799999999999999,0.2
576-08-7899,2023-06-08 02:11:00,U,Silmon,F,72,White,No Referral,False,2.0,46,0,0.72,0.2
358-91-0735,2023-10-19 23:21:00,H,Dallas,F,63,White,No Referral,False,3.0,42,0,0.6399999999999999,0.30000000000000004
100-84-7203,2023-06-13 21:33:00,K,Ybarra,F,37,White,No Referral,False,3.0,55,0,0.9000000000000001,0.30000000000000004
777-20-5908,2024-06-21 08:25:00,M,Blockley,F,55,White,No Referral,False,3.0,60,0,1.0,0.30000000000000004
361-75-8418,2023-10-12 15:26:00,N,O'Finan,F,34,White,No Referral,False,3.0,44,0,0.6799999999999999,0.30000000000000004
580-75-8753,2024-06-08 21:43:00,P,Piatto,F,71,White,No Referral,False,3.0,38,0,0.56,0.30000000000000004
515-64-2739,2024-05-17 19:26:00,U,Doggerell,F,60,White,No Referral,False,3.0,55,0,0.9000000000000001,0.30000000000000004
251-41-9778,2024-03-30 14:16:00,W,Wark,F,36,White,No Referral,False,3.0,59,0,0.98,0.30000000000000004
890-16-9208,2024-04-30 09:40:00,X,Willimont,F,73,White,No Referral,False,3.0,43,0,0.6599999999999999,0.30000000000000004
825-75-2269,2024-09-25 02:47:00,B,Wofenden,F,42,White,No Referral,False,4.0,47,0,0.74,0.4
201-35-2507,2023-09-17 00:35:00,C,Bes,F,57,White,No Referral,False,4.0,41,0,0.6200000000000001,0.4
131-81-9850,2024-01-25 21:53:00,D,Oliva,F,54,White,No Referral,False,4.0,28,0,0.36000000000000004,0.4
404-55-4051,2023-08-24 07:23:00,K,Tolwood,F,19,White,No Referral,False,4.0,60,0,1.0,0.4
711-41-6622,2023-06-22 21:58:00,M,Geelan,F,23,White,No Referral,False,4.0,32,0,0.44,0.4
156-45-0074,2023-08-10 21:46:00,O,Lagde,F,76,White,No Referral,False,4.0,39,0,0.5800000000000001,0.4
220-78-7254,2024-07-18 02:18:00,O,Paskin,F,11,White,No Referral,False,4.0,48,0,0.76,0.4
672-52-6379,2024-01-22 04:05:00,Q,Fausset,F,19,White,No Referral,False,4.0,35,0,0.5,0.4
789-37-2567,2023-10-31 07:28:00,S,De Gregario,F,49,White,No Referral,False,4.0,39,0,0.5800000000000001,0.4
174-20-1756,2024-07-31 22:41:00,S,Shropsheir,F,32,White,No Referral,False,4.0,48,0,0.76,0.4
279-48-0099,2023-10-06 02:12:00,T,Riggulsford,F,15,White,No Referral,False,4.0,59,0,0.98,0.4
898-70-4805,2023-12-05 16:56:00,W,Sturridge,F,27,White,No Referral,False,4.0,56,0,0.9200000000000002,0.4
467-58-7994,2023-06-09 09:30:00,W,Sanbrooke,F,61,White,No Referral,False,4.0,57,0,0.9400000000000002,0.4
365-52-7650,2024-01-08 02:00:00,Y,McCree,F,68,White,No Referral,False,4.0,58,0,0.96,0.4
641-52-3173,2024-01-01 04:59:00,L,Harford,F,37,White,No Referral,False,5.0,10,0,0.0,0.5
692-89-7681,2023-08-29 21:19:00,L,Johl,F,24,White,No Referral,False,5.0,59,0,0.98,0.5
252-05-5600,2024-05-15 05:46:00,N,Deaton,F,12,White,No Referral,False,5.0,25,0,0.3,0.5
726-37-1120,2024-03-07 15:49:00,T,Weekley,F,41,White,No Referral,False,5.0,54,0,0.8800000000000001,0.5
524-87-1820,2024-02-02 01:08:00,U,Riggeard,F,56,White,No Referral,False,5.0,43,0,0.6599999999999999,0.5
535-36-0130,2024-09-03 17:53:00,W,Byrch,F,50,White,No Referral,False,5.0,19,0,0.18,0.5
140-37-0074,2023-11-07 15:22:00,B,Rooms,F,33,White,No Referral,False,6.0,35,0,0.5,0.6000000000000001
586-32-2671,2024-08-14 06:02:00,C,McGucken,F,41,White,No Referral,False,6.0,30,0,0.39999999999999997,0.6000000000000001
441-35-9026,2024-06-23 00:25:00,I,Kubas,F,73,White,No Referral,False,6.0,17,0,0.14,0.6000000000000001
499-12-6236,2023-04-04 10:30:00,O,Durek,F,69,White,No Referral,False,6.0,45,0,0.7,0.6000000000000001
216-39-5937,2024-06-17 11:36:00,P,Dupre,F,1,White,No Referral,False,6.0,34,0,0.48000000000000004,0.6000000000000001
198-94-3682,2024-09-21 07:58:00,T,Cisec,F,55,White,No Referral,False,6.0,27,0,0.34,0.6000000000000001
647-22-2299,2024-01-20 14:29:00,V,Hook,F,42,White,No Referral,False,6.0,12,0,0.03999999999999998,0.6000000000000001
424-19-6464,2023-12-08 23:20:00,Y,Leaves,F,32,White,No Referral,False,6.0,54,0,0.8800000000000001,0.6000000000000001
568-22-3902,2024-05-07 15:04:00,Z,La Wille,F,40,White,No Referral,False,6.0,36,0,0.52,0.6000000000000001
277-68-8077,2023-10-16 15:13:00,A,Markl,F,71,White,No Referral,False,7.0,18,0,0.15999999999999998,0.7000000000000001
289-89-6208,2024-10-18 23:08:00,A,Merlin,F,49,White,No Referral,False,7.0,20,0,0.2,0.7000000000000001
293-41-9295,2024-02-05 13:42:00,H,Vogt,F,3,White,No Referral,False,7.0,26,0,0.32,0.7000000000000001
869-03-4231,2023-11-15 03:17:00,N,Barnhill,F,28,White,No Referral,False,7.0,58,0,0.96,0.7000000000000001
583-94-8865,2023-12-23 10:46:00,P,Burditt,F,40,White,No Referral,False,7.0,50,0,0.8,0.7000000000000001
607-39-9421,2023-12-15 11:40:00,T,Ourtic,F,46,White,No Referral,False,7.0,16,0,0.12,0.7000000000000001
158-65-6855,2024-05-21 00:53:00,V,Groocock,F,13,White,No Referral,False,7.0,59,0,0.98,0.7000000000000001
368-43-0999,2024-09-15 07:34:00,X,Brass,F,21,White,No Referral,False,7.0,40,0,0.6000000000000001,0.7000000000000001
620-29-6632,2024-03-14 04:01:00,Y,Jellis,F,79,White,No Referral,False,7.0,53,0,0.8600000000000001,0.7000000000000001
754-13-2622,2024-07-15 20:22:00,E,McNutt,F,61,White,No Referral,False,8.0,42,0,0.6399999999999999,0.8
842-83-6859,2023-08-17 04:53:00,F,O'Brien,F,17,White,No Referral,False,8.0,29,0,0.37999999999999995,0.8
199-35-7842,2024-01-19 10:46:00,F,Legerwood,F,29,White,No Referral,False,8.0,31,0,0.42,0.8
646-66-3685,2023-04-08 00:17:00,L,Elmhurst,F,28,White,No Referral,False,8.0,50,0,0.8,0.8
401-21-8466,2023-04-18 06:05:00,M,Shimuk,F,10,White,No Referral,False,8.0,43,0,0.6599999999999999,0.8
388-23-8484,2024-06-09 03:18:00,R,Meneely,F,36,White,No Referral,False,8.0,16,0,0.12,0.8
821-88-9428,2024-05-17 12:25:00,R,Cockhill,F,3,White,No Referral,False,8.0,46,0,0.72,0.8
546-51-7389,2024-08-28 02:25:00,S,Grevile,F,56,White,No Referral,False,8.0,33,0,0.46,0.8
814-67-6519,2024-01-06 01:44:00,U,Rosenhaupt,F,46,White,No Referral,False,8.0,10,0,0.0,0.8
328-39-9275,2023-10-02 10:02:00,U,Birkbeck,F,48,White,No Referral,False,8.0,26,0,0.32,0.8
309-47-2018,2023-12-20 13:44:00,V,Delahunt,F,35,White,No Referral,False,8.0,44,0,0.6799999999999999,0.8
373-97-5103,2024-04-18 06:20:00,W,Lunnon,F,66,White,No Referral,False,8.0,25,0,0.3,0.8
639-29-8268,2024-08-27 14:37:00,Z,Rous,F,74,White,No Referral,False,8.0,27,0,0.34,0.8
791-06-9701,2023-05-31 02:51:00,Z,Lunney,F,73,White,No Referral,False,8.0,34,1,0.48000000000000004,0.8
230-34-4538,2023-04-26 21:37:00,C,Costi,F,17,White,No Referral,False,9.0,37,0,0.54,0.9
787-02-2075,2024-03-01 11:45:00,D,Bartalin,F,31,White,No Referral,False,9.0,25,0,0.3,0.9
669-25-6650,2023-04-27 15:40:00,E,Wilks,F,65,White,No Referral,False,9.0,39,0,0.5800000000000001,0.9
803-56-3133,2024-05-17 19:16:00,E,Lynd,F,22,White,No Referral,False,9.0,43,0,0.6599999999999999,0.9
895-09-2744,2024-07-01 10:13:00,J,Wickens,F,49,White,No Referral,False,9.0,38,0,0.56,0.9
342-05-6538,2023-09-04 05:25:00,P,Clandillon,F,66,White,No Referral,False,9.0,33,0,0.46,0.9
340-55-3895,2023-08-28 21:56:00,Q,Chandlar,F,62,White,No Referral,False,10.0,56,0,0.9200000000000002,1.0
639-02-4514,2023-10-11 02:51:00,R,Jobbins,F,27,White,No Referral,False,10.0,60,0,1.0,1.0
335-70-9921,2024-10-16 23:01:00,B,Quinby,F,76,White,Orthopedics,False,5.0,56,0,0.9200000000000002,0.5
334-83-4102,2024-03-27 10:01:00,C,Pordall,F,16,White,Orthopedics,False,5.0,39,0,0.5800000000000001,0.5
857-74-9716,2024-07-29 18:50:00,C,Brownill,F,28,White,Orthopedics,False,5.0,40,0,0.6000000000000001,0.5
159-86-5469,2023-07-06 23:28:00,C,Magrane,F,18,White,Orthopedics,False,5.0,41,0,0.6200000000000001,0.5
267-78-0835,2023-04-17 12:26:00,D,Wellan,F,51,White,Orthopedics,False,5.0,11,0,0.01999999999999999,0.5
515-35-7484,2024-09-26 01:10:00,E,Kensley,F,2,White,Orthopedics,False,5.0,14,0,0.08000000000000002,0.5
491-79-2938,2024-10-24 06:16:00,E,Courage,F,15,White,Orthopedics,False,5.0,30,0,0.39999999999999997,0.5
237-73-3094,2023-07-09 20:27:00,F,Kelsall,F,15,White,Orthopedics,False,5.0,19,0,0.18,0.5
851-08-1351,2023-11-10 23:07:00,F,Innott,F,78,White,Orthopedics,False,5.0,26,0,0.32,0.5
342-05-3969,2024-07-21 12:51:00,G,Sinnott,F,16,White,Orthopedics,False,5.0,36,0,0.52,0.5
260-96-0945,2023-12-16 04:32:00,G,Feehily,F,37,White,Orthopedics,False,5.0,49,0,0.78,0.5
622-23-4523,2024-06-08 20:56:00,H,Rizzillo,F,36,White,Orthopedics,False,5.0,19,0,0.18,0.5
118-89-9281,2023-06-24 15:14:00,H,Ritter,F,35,White,Orthopedics,False,5.0,38,0,0.56,0.5
307-49-7871,2023-11-18 03:00:00,K,Rimour,F,66,White,Orthopedics,False,5.0,59,0,0.98,0.5
632-49-6543,2024-07-21 00:52:00,L,Pagel,F,28,White,Orthopedics,False,5.0,10,0,0.0,0.5
317-64-6528,2023-10-26 19:32:00,M,Krug,F,14,White,Orthopedics,False,5.0,39,0,0.5800000000000001,0.5
737-03-7902,2024-09-06 17:40:00,M,Stanion,F,20,White,Orthopedics,False,5.0,55,0,0.9000000000000001,0.5
167-38-8507,2023-07-09 07:26:00,M,Carlow,F,39,White,Orthopedics,False,5.0,55,0,0.9000000000000001,0.5
307-77-2768,2023-06-29 08:19:00,N,Hubbard,F,57,White,Orthopedics,False,5.0,15,0,0.09999999999999998,0.5
681-87-8647,2023-08-03 14:42:00,N,Edens,F,70,White,Orthopedics,False,5.0,19,0,0.18,0.5
824-26-7312,2024-06-14 09:46:00,N,Siuda,F,16,White,Orthopedics,False,5.0,48,0,0.76,0.5
795-20-4901,2024-10-03 21:50:00,N,Glossup,F,67,White,Orthopedics,False,5.0,53,0,0.8600000000000001,0.5
102-21-5953,2024-08-14 06:20:00,O,Annett,F,49,White,Orthopedics,False,5.0,11,0,0.01999999999999999,0.5
236-97-7586,2024-06-27 12:17:00,P,De la Zenne,F,4,White,Orthopedics,False,5.0,13,0,0.06,0.5
357-89-2203,2024-06-03 23:06:00,Q,McGonigal,F,56,White,Orthopedics,False,5.0,40,0,0.6000000000000001,0.5
255-92-6340,2023-06-29 08:32:00,Q,Isitt,F,12,White,Orthopedics,False,5.0,48,0,0.76,0.5
614-30-7245,2024-08-03 18:41:00,S,Blinder,F,6,White,Orthopedics,False,5.0,24,0,0.27999999999999997,0.5
773-37-3969,2024-05-02 21:04:00,S,Gagie,F,51,White,Orthopedics,False,5.0,42,0,0.6399999999999999,0.5
270-14-4609,2023-04-08 01:14:00,T,Eldred,F,3,White,Orthopedics,False,5.0,32,0,0.44,0.5
514-12-0922,2024-05-10 22:06:00,U,Traite,F,19,White,Orthopedics,False,5.0,28,0,0.36000000000000004,0.5
646-89-4565,2023-07-03 15:05:00,U,Claringbold,F,48,White,Orthopedics,False,5.0,35,0,0.5,0.5
449-83-1904,2024-01-23 09:26:00,U,Bisacre,F,29,White,Orthopedics,False,5.0,37,0,0.54,0.5
388-50-1748,2023-07-07 01:40:00,U,Candy,F,73,White,Orthopedics,False,5.0,42,0,0.6399999999999999,0.5
560-55-4242,2023-08-09 18:09:00,W,Simonassi,F,49,White,Orthopedics,False,5.0,20,0,0.2,0.5
690-47-2962,2023-11-20 06:21:00,W,Damiata,F,46,White,Orthopedics,False,5.0,21,0,0.21999999999999997,0.5
740-44-2216,2023-12-13 18:10:00,W,Giovannacci,F,21,White,Orthopedics,False,5.0,34,0,0.48000000000000004,0.5
869-40-4882,2024-04-01 10:24:00,W,Strover,F,56,White,Orthopedics,False,5.0,43,0,0.6599999999999999,0.5
592-85-9953,2023-11-01 07:17:00,W,Phidgin,F,38,White,Orthopedics,False,5.0,52,0,0.8400000000000001,0.5
713-55-4167,2024-10-24 07:25:00,X,Somerscales,F,52,White,Orthopedics,False,5.0,23,0,0.26,0.5
334-62-9552,2024-06-13 16:50:00,X,Butterick,F,54,White,Orthopedics,False,5.0,25,0,0.3,0.5
512-75-1926,2023-11-29 04:57:00,Y,Davidowich,F,45,White,Orthopedics,False,5.0,29,0,0.37999999999999995,0.5
535-70-6724,2023-10-11 10:49:00,Y,Everett,F,11,White,Orthopedics,False,5.0,32,0,0.44,0.5
508-17-5890,2023-07-12 03:20:00,Y,Jouaneton,F,40,White,Orthopedics,False,5.0,39,0,0.5800000000000001,0.5
528-14-9097,2023-06-05 05:03:00,Y,Minchinden,F,9,White,Orthopedics,False,5.0,49,0,0.78,0.5
825-01-3965,2023-11-17 19:44:00,Z,Rumke,F,75,White,Orthopedics,False,5.0,17,0,0.14,0.5
188-24-3805,2024-03-31 00:02:00,Z,Bourdis,F,43,White,Orthopedics,False,5.0,32,0,0.44,0.5
191-85-0502,2023-07-26 11:08:00,Z,Curror,F,49,White,Orthopedics,False,5.0,42,0,0.6399999999999999,0.5
664-02-2390,2024-09-16 16:47:00,Q,Buddle,F,62,White,Orthopedics,False,0.0,25,0,0.3,0.0
608-66-3521,2024-06-12 00:01:00,A,Coldbathe,F,29,White,Orthopedics,False,1.0,25,0,0.3,0.1
876-71-2417,2023-06-11 09:01:00,B,Gladebeck,F,6,White,Orthopedics,False,2.0,56,0,0.9200000000000002,0.2
426-07-4984,2024-01-04 03:29:00,I,Deluca,F,11,White,Orthopedics,False,4.0,42,0,0.6399999999999999,0.4
142-27-8439,2024-05-05 14:23:00,E,Braam,F,4,White,Orthopedics,False,5.0,24,0,0.27999999999999997,0.5
819-28-2751,2023-11-06 05:41:00,D,Malkin,F,64,White,Orthopedics,False,6.0,41,0,0.6200000000000001,0.6000000000000001
185-45-4039,2024-08-08 21:48:00,I,Palphreyman,F,28,White,Orthopedics,False,6.0,12,0,0.03999999999999998,0.6000000000000001
580-12-9421,2024-03-07 03:34:00,F,Aicken,F,57,White,Orthopedics,False,7.0,22,0,0.24,0.7000000000000001
183-64-9809,2023-07-06 17:30:00,U,Zanelli,F,58,White,Orthopedics,False,7.0,18,0,0.15999999999999998,0.7000000000000001
800-81-9945,2024-04-04 23:04:00,Z,Ridewood,F,22,White,Orthopedics,False,7.0,53,0,0.8600000000000001,0.7000000000000001
733-21-0718,2023-12-11 20:17:00,E,McLoney,F,61,White,Orthopedics,False,8.0,13,0,0.06,0.8
634-36-6673,2023-04-05 18:31:00,Q,O'Hegertie,F,61,White,Orthopedics,False,9.0,18,0,0.15999999999999998,0.9
724-59-7143,2024-10-04 02:11:00,V,Trewhella,F,24,White,Orthopedics,False,10.0,31,0,0.42,1.0
580-44-0953,2024-02-21 20:56:00,A,Braizier,F,62,White,Physiotherapy,False,5.0,47,0,0.74,0.5
719-22-6541,2024-02-09 10:35:00,B,Little,F,23,White,Physiotherapy,False,5.0,59,0,0.98,0.5
869-11-9024,2024-07-25 00:45:00,C,Trebbett,F,67,White,Physiotherapy,False,5.0,15,0,0.09999999999999998,0.5
309-02-2959,2024-05-02 15:23:00,D,Titherington,F,43,White,Physiotherapy,False,5.0,31,0,0.42,0.5
208-31-6331,2023-06-21 00:03:00,E,Boffey,F,57,White,Physiotherapy,False,5.0,59,0,0.98,0.5
140-58-6732,2023-05-19 11:26:00,M,Freake,F,46,White,Physiotherapy,False,5.0,45,1,0.7,0.5
816-72-0393,2024-03-03 09:43:00,N,Tohill,F,78,White,Physiotherapy,False,5.0,30,0,0.39999999999999997,0.5
468-10-3284,2023-05-28 10:18:00,P,Trainor,F,57,White,Physiotherapy,False,5.0,19,1,0.18,0.5
880-24-0836,2023-05-30 02:40:00,P,Wais,F,19,White,Physiotherapy,False,5.0,26,1,0.32,0.5
730-96-4481,2024-01-08 05:30:00,R,Eede,F,54,White,Physiotherapy,False,5.0,59,0,0.98,0.5
321-64-7625,2024-08-28 03:05:00,X,McLanachan,F,67,White,Physiotherapy,False,5.0,56,0,0.9200000000000002,0.5
105-78-1308,2023-10-25 13:11:00,Y,McConville,F,36,White,Physiotherapy,False,5.0,30,0,0.39999999999999997,0.5
289-63-4913,2024-10-26 23:54:00,Z,Sherwill,F,45,White,Physiotherapy,False,5.0,31,0,0.42,0.5
299-35-4987,2023-08-14 07:35:00,X,Middlemiss,F,58,White,Physiotherapy,False,8.0,49,0,0.78,0.8
663-10-0081,2024-08-20 09:08:00,K,Landell,F,50,White,Renal,False,5.0,35,0,0.5,0.5
230-43-0881,2023-10-26 02:23:00,T,Hunte,F,65,White,Renal,False,5.0,15,0,0.09999999999999998,0.5
324-71-0403,2023-04-07 11:58:00,T,D'Oyly,F,68,White,Renal,False,5.0,51,0,0.8200000000000001,0.5
319-09-5768,2023-05-02 14:34:00,W,Ianetti,F,39,White,Renal,False,5.0,15,1,0.09999999999999998,0.5
895-84-8091,2024-04-02 16:03:00,V,Staniforth,F,27,White,Renal,False,0.0,17,0,0.14,0.0
659-19-0626,2023-05-16 05:13:00,B,Deverose,F,63,White,Renal,False,7.0,49,1,0.78,0.7000000000000001
774-31-5026,2024-10-09 15:07:00,Y,Sugars,F,27,White,Renal,False,10.0,28,0,0.36000000000000004,1.0
535-83-6651,2023-05-13 14:01:00,G,Ariss,M,59,African American,Cardiology,False,5.0,54,1,0.8800000000000001,0.5
429-95-4610,2023-11-11 14:53:00,H,Knowlys,M,14,African American,Cardiology,False,5.0,22,0,0.24,0.5
390-93-3319,2023-04-04 07:34:00,K,Glendenning,M,73,African American,Cardiology,False,5.0,25,0,0.3,0.5
295-23-8004,2023-08-27 20:57:00,L,Lung,M,24,African American,Cardiology,False,5.0,30,0,0.39999999999999997,0.5
515-02-5699,2023-08-02 14:50:00,M,Ashdown,M,14,African American,Cardiology,False,5.0,58,0,0.96,0.5
321-06-1856,2023-04-03 15:44:00,O,McEnteggart,M,57,African American,Cardiology,False,5.0,31,0,0.42,0.5
494-94-0828,2024-02-08 03:09:00,P,Jurczak,M,15,African American,Cardiology,False,5.0,50,0,0.8,0.5
536-23-6460,2024-09-08 03:54:00,S,Pulley,M,58,African American,Cardiology,False,5.0,17,0,0.14,0.5
524-28-5350,2023-07-16 18:54:00,V,Shalcros,M,51,African American,Cardiology,False,5.0,60,0,1.0,0.5
844-70-3132,2024-05-23 09:40:00,X,Clench,M,30,African American,Cardiology,False,5.0,50,0,0.8,0.5
806-40-9445,2023-08-05 04:36:00,X,Nias,M,70,African American,Cardiology,False,5.0,55,0,0.9000000000000001,0.5
880-77-9403,2023-06-19 08:26:00,W,Benbrick,M,3,African American,Cardiology,False,0.0,59,0,0.98,0.0
596-01-0068,2023-12-11 00:00:00,E,Brazener,M,60,African American,Cardiology,False,4.0,58,0,0.96,0.4
701-66-0377,2023-11-20 21:52:00,U,Franken,M,36,African American,Cardiology,False,10.0,48,0,0.76,1.0
255-94-5207,2023-06-26 08:17:00,C,Adamkiewicz,M,65,African American,Gastroenterology,False,5.0,44,0,0.6799999999999999,0.5
238-35-0465,2023-10-27 06:46:00,P,Saltwell,M,50,African American,Gastroenterology,False,5.0,59,0,0.98,0.5
369-81-8304,2024-04-03 10:23:00,U,Nollet,M,49,African American,Gastroenterology,False,5.0,47,0,0.74,0.5
224-37-3281,2024-07-11 22:36:00,W,Lacotte,M,18,African American,Gastroenterology,False,5.0,37,0,0.54,0.5
526-60-6600,2023-11-30 02:38:00,Z,Meharg,M,36,African American,Gastroenterology,False,5.0,21,0,0.21999999999999997,0.5
288-52-5096,2024-07-09 12:47:00,X,Ginty,M,49,African American,Gastroenterology,False,2.0,50,0,0.8,0.2
102-24-8249,2024-03-01 16:52:00,A,Staples,M,2,African American,General Practice,False,5.0,27,0,0.34,0.5
675-21-7410,2024-09-24 09:04:00,A,Penswick,M,50,African American,General Practice,False,5.0,30,0,0.39999999999999997,0.5
452-17-9747,2024-08-07 04:09:00,A,Locks,M,69,African American,General Practice,False,5.0,32,0,0.44,0.5
833-73-2750,2023-11-02 16:28:00,A,Eisold,M,58,African American,General Practice,False,5.0,44,0,0.6799999999999999,0.5
858-29-9077,2024-01-03 08:45:00,B,Puddicombe,M,53,African American,General Practice,False,5.0,35,0,0.5,0.5
391-41-7192,2024-09-14 23:43:00,B,Roistone,M,16,African American,General Practice,False,5.0,43,0,0.6599999999999999,0.5
418-93-2750,2024-05-10 06:24:00,C,Puttrell,M,16,African American,General Practice,False,5.0,26,0,0.32,0.5
333-16-9345,2024-01-13 00:27:00,C,Hayball,M,62,African American,General Practice,False,5.0,50,0,0.8,0.5
729-50-4417,2023-09-18 03:39:00,C,Yantsev,M,3,African American,General Practice,False,5.0,51,0,0.8200000000000001,0.5
728-14-0562,2023-09-07 03:24:00,C,Shevlane,M,74,African American,General Practice,False,5.0,55,0,0.9000000000000001,0.5
899-89-7946,2023-08-11 06:18:00,C,Bocke,M,62,African American,General Practice,False,5.0,59,0,0.98,0.5
649-17-7342,2023-10-05 04:08:00,D,Klossmann,M,13,African American,General Practice,False,5.0,42,0,0.6399999999999999,0.5
536-62-3509,2024-03-10 06:32:00,E,Pyecroft,M,78,African American,General Practice,False,5.0,11,0,0.01999999999999999,0.5
814-09-6431,2023-04-11 13:15:00,F,Barstock,M,67,African American,General Practice,False,5.0,11,0,0.01999999999999999,0.5
354-24-0826,2024-04-30 06:54:00,F,Demann,M,70,African American,General Practice,False,5.0,25,0,0.3,0.5
459-37-0971,2024-02-23 19:22:00,F,Minmagh,M,25,African American,General Practice,False,5.0,57,0,0.9400000000000002,0.5
340-56-4663,2024-02-04 16:23:00,F,Vigneron,M,49,African American,General Practice,False,5.0,57,0,0.9400000000000002,0.5
300-02-0984,2023-06-19 00:54:00,G,Hatto,M,42,African American,General Practice,False,5.0,33,0,0.46,0.5
519-40-0307,2023-08-24 19:27:00,G,Caddies,M,13,African American,General Practice,False,5.0,54,0,0.8800000000000001,0.5
291-55-1551,2024-09-30 21:47:00,H,Swinford,M,27,African American,General Practice,False,5.0,43,0,0.6599999999999999,0.5
300-84-9983,2024-10-21 17:34:00,H,Gaiford,M,72,African American,General Practice,False,5.0,44,0,0.6799999999999999,0.5
642-77-7413,2024-06-18 22:55:00,H,Hanster,M,42,African American,General Practice,False,5.0,59,0,0.98,0.5
184-06-3568,2024-01-02 22:31:00,I,Boyford,M,30,African American,General Practice,False,5.0,12,0,0.03999999999999998,0.5
143-66-9743,2024-02-28 20:45:00,I,Epgrave,M,4,African American,General Practice,False,5.0,31,0,0.42,0.5
683-47-8284,2024-07-15 10:18:00,I,Todhunter,M,79,African American,General Practice,False,5.0,31,0,0.42,0.5
723-73-7614,2023-10-15 17:29:00,I,Kennedy,M,28,African American,General Practice,False,5.0,32,0,0.44,0.5
134-90-6858,2023-08-07 18:59:00,J,Emby,M,11,African American,General Practice,False,5.0,26,0,0.32,0.5
723-15-3645,2024-07-31 20:52:00,J,Franceschino,M,53,African American,General Practice,False,5.0,46,0,0.72,0.5
199-30-3238,2023-11-18 01:23:00,J,Buie,M,15,African American,General Practice,False,5.0,52,0,0.8400000000000001,0.5
369-70-1222,2023-11-12 11:16:00,L,Radmore,M,27,African American,General Practice,False,5.0,30,0,0.39999999999999997,0.5
326-56-9254,2023-12-09 03:49:00,L,Norssister,M,22,African American,General Practice,False,5.0,40,0,0.6000000000000001,0.5
459-89-1735,2023-05-03 05:33:00,L,Cattell,M,55,African American,General Practice,False,5.0,58,1,0.96,0.5
223-22-4801,2023-07-06 01:32:00,M,Runsey,M,46,African American,General Practice,False,5.0,10,0,0.0,0.5
456-11-4142,2024-04-12 02:27:00,N,Tretwell,M,28,African American,General Practice,False,5.0,13,0,0.06,0.5
275-12-2439,2023-05-13 04:54:00,N,Stimson,M,1,African American,General Practice,False,5.0,39,1,0.5800000000000001,0.5
797-73-7347,2023-07-28 21:04:00,N,Pieter,M,39,African American,General Practice,False,5.0,40,0,0.6000000000000001,0.5
498-67-1104,2024-01-23 22:05:00,N,Brettel,M,56,African American,General Practice,False,5.0,43,0,0.6599999999999999,0.5
337-21-5947,2023-09-15 13:39:00,N,Atwood,M,38,African American,General Practice,False,5.0,52,0,0.8400000000000001,0.5
658-55-7464,2024-03-11 10:58:00,O,Sainte Paul,M,26,African American,General Practice,False,5.0,22,0,0.24,0.5
311-92-5519,2023-10-24 08:48:00,O,Overell,M,53,African American,General Practice,False,5.0,26,0,0.32,0.5
285-46-6711,2024-06-28 23:39:00,O,Stemson,M,43,African American,General Practice,False,5.0,43,0,0.6599999999999999,0.5
645-31-7078,2023-05-10 11:14:00,O,Dominique,M,61,African American,General Practice,False,5.0,59,1,0.98,0.5
567-48-5176,2024-09-06 11:57:00,O,Menaul,M,38,African American,General Practice,False,5.0,60,0,1.0,0.5
255-38-4437,2024-09-28 02:47:00,P,Puttan,M,33,African American,General Practice,False,5.0,27,0,0.34,0.5
676-47-0405,2024-04-26 21:26:00,R,Gianilli,M,5,African American,General Practice,False,5.0,41,0,0.6200000000000001,0.5
644-24-9754,2024-03-10 14:46:00,S,Pattinson,M,61,African American,General Practice,False,5.0,58,0,0.96,0.5
377-85-6911,2024-01-23 07:52:00,T,Sellars,M,40,African American,General Practice,False,5.0,23,0,0.26,0.5
882-89-0493,2023-07-17 19:09:00,T,Sybry,M,47,African American,General Practice,False,5.0,43,0,0.6599999999999999,0.5
678-30-9293,2024-05-19 07:37:00,U,Gulleford,M,29,African American,General Practice,False,5.0,43,0,0.6599999999999999,0.5
690-72-7531,2024-08-23 02:15:00,U,Brockest,M,43,African American,General Practice,False,5.0,44,0,0.6799999999999999,0.5
288-58-9865,2024-03-11 16:09:00,U,Hawkin,M,59,African American,General Practice,False,5.0,51,0,0.8200000000000001,0.5
294-39-3862,2024-05-07 12:17:00,V,Matyashev,M,22,African American,General Practice,False,5.0,13,0,0.06,0.5
220-05-7403,2023-09-16 05:00:00,V,Perocci,M,52,African American,General Practice,False,5.0,23,0,0.26,0.5
821-46-1915,2024-04-15 12:42:00,V,Howett,M,61,African American,General Practice,False,5.0,46,0,0.72,0.5
411-92-7835,2024-03-18 20:03:00,W,McDugal,M,19,African American,General Practice,False,5.0,15,0,0.09999999999999998,0.5
527-62-7143,2023-10-02 14:27:00,W,Giffkins,M,4,African American,General Practice,False,5.0,41,0,0.6200000000000001,0.5
863-02-6812,2023-06-02 06:17:00,X,Housego,M,70,African American,General Practice,False,5.0,25,0,0.3,0.5
486-69-4084,2024-10-02 17:57:00,X,Dussy,M,1,African American,General Practice,False,5.0,49,0,0.78,0.5
243-30-4158,2024-02-28 12:22:00,X,Jeffryes,M,66,African American,General Practice,False,5.0,49,0,0.78,0.5
507-30-6087,2024-08-25 18:20:00,Y,Kinforth,M,8,African American,General Practice,False,5.0,12,0,0.03999999999999998,0.5
542-78-1121,2023-08-25 04:52:00,Y,Camacke,M,18,African American,General Practice,False,5.0,42,0,0.6399999999999999,0.5
333-84-5832,2023-06-27 00:49:00,Y,Morison,M,71,African American,General Practice,False,5.0,42,0,0.6399999999999999,0.5
885-75-2052,2023-11-29 13:28:00,Y,Zoppie,M,32,African American,General Practice,False,5.0,48,0,0.76,0.5
556-53-6518,2024-04-02 20:14:00,Z,Dishmon,M,54,African American,General Practice,False,5.0,43,0,0.6599999999999999,0.5
336-91-0183,2024-09-18 09:41:00,Z,Clapp,M,50,African American,General Practice,False,5.0,46,0,0.72,0.5
276-52-8357,2023-11-10 05:01:00,M,Quinsee,M,15,African American,General Practice,False,0.0,53,0,0.8600000000000001,0.0
377-24-0858,2024-03-16 10:07:00,X,Sayles,M,78,African American,General Practice,False,0.0,57,0,0.9400000000000002,0.0
247-36-8636,2024-03-24 04:26:00,T,Klich,M,71,African American,General Practice,False,1.0,31,0,0.42,0.1
706-72-9405,2023-07-19 23:44:00,W,Tuckerman,M,32,African American,General Practice,False,1.0,46,0,0.72,0.1
580-60-8042,2023-05-22 11:44:00,H,Fairtlough,M,14,African American,General Practice,False,2.0,21,1,0.21999999999999997,0.2
352-21-9569,2023-12-23 09:19:00,H,Linney,M,44,African American,General Practice,False,3.0,58,0,0.96,0.30000000000000004
456-44-1674,2023-11-02 04:33:00,J,Benyon,M,50,African American,General Practice,False,3.0,16,0,0.12,0.30000000000000004
179-15-5492,2024-05-30 03:15:00,Q,Shipsey,M,13,African American,General Practice,False,3.0,40,0,0.6000000000000001,0.30000000000000004
819-74-3706,2024-04-09 10:42:00,P,Emmett,M,68,African American,General Practice,False,4.0,43,0,0.6599999999999999,0.4
390-36-3570,2024-02-12 08:53:00,Q,Groomebridge,M,79,African American,General Practice,False,5.0,31,0,0.42,0.5
651-58-3998,2024-05-29 16:52:00,S,Methuen,M,73,African American,General Practice,False,5.0,50,0,0.8,0.5
682-49-1467,2023-10-29 05:09:00,Z,Christofol,M,46,African American,General Practice,False,5.0,54,0,0.8800000000000001,0.5
616-32-3050,2023-12-29 23:47:00,H,Lowe,M,19,African American,General Practice,False,6.0,40,0,0.6000000000000001,0.6000000000000001
121-90-9321,2023-10-31 17:58:00,J,Innett,M,61,African American,General Practice,False,6.0,36,0,0.52,0.6000000000000001
665-62-7161,2023-06-09 19:52:00,J,Thirlaway,M,29,African American,General Practice,False,7.0,51,0,0.8200000000000001,0.7000000000000001
781-97-5522,2023-07-07 13:06:00,Z,Kilgour,M,24,African American,General Practice,False,7.0,40,0,0.6000000000000001,0.7000000000000001
336-02-6807,2024-09-18 13:53:00,O,Kleen,M,12,African American,General Practice,False,8.0,52,0,0.8400000000000001,0.8
181-02-4908,2024-02-13 12:35:00,O,Wakelin,M,74,African American,General Practice,False,8.0,53,0,0.8600000000000001,0.8
207-33-7470,2023-09-11 04:07:00,Z,Gayforth,M,44,African American,General Practice,False,8.0,34,0,0.48000000000000004,0.8
864-13-4043,2024-02-14 14:15:00,Q,Lyngsted,M,37,African American,General Practice,False,9.0,43,0,0.6599999999999999,0.9
436-07-6332,2024-07-27 15:31:00,C,Ferrero,M,64,African American,General Practice,False,10.0,18,0,0.15999999999999998,1.0
306-67-0589,2023-11-22 15:14:00,R,Stuther,M,48,African American,General Practice,False,10.0,48,0,0.76,1.0
293-62-8125,2024-09-13 22:26:00,A,Jordon,M,47,African American,Neurology,False,5.0,59,0,0.98,0.5
185-95-8729,2024-05-03 17:57:00,B,Tayloe,M,69,African American,Neurology,False,5.0,57,0,0.9400000000000002,0.5
132-83-6895,2024-06-09 01:44:00,E,Wickes,M,67,African American,Neurology,False,5.0,20,0,0.2,0.5
442-19-9879,2023-09-11 16:31:00,I,Summergill,M,78,African American,Neurology,False,5.0,20,0,0.2,0.5
175-69-9432,2024-08-12 09:55:00,M,Coultass,M,78,African American,Neurology,False,5.0,41,0,0.6200000000000001,0.5
659-87-6427,2023-10-20 21:26:00,M,Cankett,M,9,African American,Neurology,False,5.0,55,0,0.9000000000000001,0.5
242-14-9128,2023-10-15 16:20:00,S,Samuel,M,25,African American,Neurology,False,5.0,11,0,0.01999999999999999,0.5
899-98-2466,2024-06-13 18:09:00,V,Rodinger,M,65,African American,Neurology,False,5.0,32,0,0.44,0.5
717-75-6312,2023-08-12 14:40:00,Z,Spohrmann,M,55,African American,Neurology,False,2.0,45,0,0.7,0.2
483-81-4980,2024-01-03 02:36:00,K,Leabeater,M,12,African American,Neurology,False,4.0,52,0,0.8400000000000001,0.4
745-95-5434,2024-02-09 21:40:00,J,Piggen,M,26,African American,No Referral,False,0.0,49,0,0.78,0.0
541-90-8828,2023-11-05 14:50:00,P,Stoop,M,44,African American,No Referral,False,0.0,27,0,0.34,0.0
859-60-6499,2023-12-21 11:33:00,P,Juzek,M,10,African American,No Referral,False,0.0,30,0,0.39999999999999997,0.0
731-69-1969,2023-10-02 10:26:00,X,Storck,M,26,African American,No Referral,False,0.0,13,0,0.06,0.0
645-33-8446,2024-05-28 15:46:00,J,Early,M,68,African American,No Referral,False,1.0,44,0,0.6799999999999999,0.1
178-06-0072,2023-08-21 19:59:00,J,Dietsche,M,5,African American,No Referral,False,1.0,59,0,0.98,0.1
319-37-4998,2023-08-30 07:47:00,S,Fewster,M,46,African American,No Referral,False,1.0,40,0,0.6000000000000001,0.1
248-79-5709,2024-01-07 04:49:00,S,Coryndon,M,48,African American,No Referral,False,1.0,40,0,0.6000000000000001,0.1
689-07-9836,2024-10-05 02:28:00,A,Latek,M,25,African American,No Referral,False,2.0,12,0,0.03999999999999998,0.2
727-21-8996,2024-04-11 01:21:00,F,Bulch,M,73,African American,No Referral,False,2.0,58,0,0.96,0.2
522-16-8744,2023-05-07 01:06:00,M,Jedras,M,60,African American,No Referral,False,2.0,18,1,0.15999999999999998,0.2
260-97-5738,2023-10-12 10:27:00,T,Dullingham,M,59,African American,No Referral,False,2.0,58,0,0.96,0.2
776-31-7222,2023-12-17 09:37:00,A,Golley,M,23,African American,No Referral,False,3.0,34,0,0.48000000000000004,0.30000000000000004
448-35-2141,2023-06-14 08:33:00,C,Tamlett,M,56,African American,No Referral,False,3.0,15,0,0.09999999999999998,0.30000000000000004
393-15-1888,2024-09-17 21:42:00,K,Silveston,M,40,African American,No Referral,False,3.0,35,0,0.5,0.30000000000000004
456-31-3502,2024-05-21 00:33:00,M,Dosdell,M,44,African American,No Referral,False,3.0,58,0,0.96,0.30000000000000004
126-41-1668,2024-07-16 12:39:00,N,Godilington,M,22,African American,No Referral,False,3.0,59,0,0.98,0.30000000000000004
121-30-7937,2023-04-30 04:33:00,T,Wilse,M,71,African American,No Referral,False,3.0,24,0,0.27999999999999997,0.30000000000000004
374-94-7302,2024-06-10 00:45:00,Z,Gillogley,M,2,African American,No Referral,False,3.0,23,0,0.26,0.30000000000000004
275-04-7155,2024-10-26 12:48:00,J,Matzaitis,M,43,African American,No Referral,False,4.0,23,0,0.26,0.4
473-53-0515,2023-06-11 23:49:00,J,Limrick,M,31,African American,No Referral,False,4.0,42,0,0.6399999999999999,0.4
237-68-2124,2024-07-16 15:43:00,M,Erik,M,68,African American,No Referral,False,4.0,23,0,0.26,0.4
359-91-9193,2023-06-28 09:03:00,Q,Ayllett,M,57,African American,No Referral,False,4.0,33,0,0.46,0.4
171-56-3657,2024-06-12 00:40:00,R,Quixley,M,77,African American,No Referral,False,4.0,36,0,0.52,0.4
451-34-4202,2024-03-26 17:33:00,S,Josey,M,17,African American,No Referral,False,4.0,43,0,0.6599999999999999,0.4
659-77-8969,2024-04-03 19:49:00,T,Sawdon,M,20,African American,No Referral,False,4.0,27,0,0.34,0.4
339-65-9299,2023-10-08 18:56:00,U,Redan,M,58,African American,No Referral,False,4.0,57,0,0.9400000000000002,0.4
329-19-9616,2023-06-27 00:46:00,H,Domico,M,50,African American,No Referral,False,5.0,55,0,0.9000000000000001,0.5
339-20-7594,2024-07-24 13:01:00,J,MacSharry,M,42,African American,No Referral,False,5.0,38,0,0.56,0.5
328-14-5591,2024-01-02 02:33:00,L,Shambrooke,M,59,African American,No Referral,False,5.0,49,0,0.78,0.5
487-25-9893,2024-08-11 19:01:00,N,Keston,M,52,African American,No Referral,False,5.0,54,0,0.8800000000000001,0.5
265-11-8190,2023-07-21 19:38:00,C,Bendon,M,50,African American,No Referral,False,6.0,36,0,0.52,0.6000000000000001
818-69-8637,2023-06-02 11:32:00,H,Broscombe,M,56,African American,No Referral,False,6.0,23,0,0.26,0.6000000000000001
607-20-0742,2023-08-26 01:53:00,J,Lescop,M,38,African American,No Referral,False,6.0,27,0,0.34,0.6000000000000001
859-80-5199,2023-11-07 06:27:00,B,Lochhead,M,52,African American,No Referral,False,7.0,10,0,0.0,0.7000000000000001
861-08-8144,2023-12-08 00:29:00,D,Illiston,M,67,African American,No Referral,False,7.0,47,0,0.74,0.7000000000000001
699-68-4698,2023-12-29 07:39:00,F,Bandy,M,15,African American,No Referral,False,7.0,26,0,0.32,0.7000000000000001
858-56-1736,2023-05-20 19:51:00,K,Coull,M,28,African American,No Referral,False,7.0,27,1,0.34,0.7000000000000001
676-57-7633,2023-07-12 08:11:00,O,Francillo,M,24,African American,No Referral,False,7.0,12,0,0.03999999999999998,0.7000000000000001
512-40-7624,2024-05-09 16:20:00,O,Powling,M,69,African American,No Referral,False,7.0,55,0,0.9000000000000001,0.7000000000000001
247-79-7253,2024-06-15 04:41:00,R,Richardin,M,25,African American,No Referral,False,7.0,12,0,0.03999999999999998,0.7000000000000001
120-15-5516,2024-04-20 18:02:00,S,Brooksbie,M,30,African American,No Referral,False,7.0,25,0,0.3,0.7000000000000001
394-07-2661,2024-05-04 14:02:00,W,Berzin,M,27,African American,No Referral,False,7.0,20,0,0.2,0.7000000000000001
234-62-4445,2024-06-20 10:12:00,X,Dimmer,M,74,African American,No Referral,False,7.0,40,0,0.6000000000000001,0.7000000000000001
292-95-6291,2024-07-11 17:49:00,H,Walkling,M,65,African American,No Referral,False,8.0,31,0,0.42,0.8
806-11-1271,2023-06-08 13:58:00,N,Borman,M,36,African American,No Referral,False,8.0,15,0,0.09999999999999998,0.8
497-27-2881,2024-09-01 18:15:00,W,Grimsdith,M,42,African American,No Referral,False,8.0,36,0,0.52,0.8
500-85-3554,2024-06-07 15:07:00,X,Kineton,M,28,African American,No Referral,False,8.0,47,0,0.74,0.8
831-72-4104,2024-04-02 10:40:00,Z,Wevell,M,48,African American,No Referral,False,8.0,41,0,0.6200000000000001,0.8
636-89-0732,2023-04-05 14:45:00,C,Brimacombe,M,4,African American,No Referral,False,9.0,34,0,0.48000000000000004,0.9
193-87-0591,2024-02-13 00:34:00,H,Batchan,M,78,African American,No Referral,False,9.0,42,0,0.6399999999999999,0.9
545-48-0481,2024-03-25 15:51:00,H,Allridge,M,76,African American,No Referral,False,9.0,50,0,0.8,0.9
129-48-0933,2023-05-17 10:15:00,I,Saiger,M,21,African American,No Referral,False,9.0,15,1,0.09999999999999998,0.9
531-31-3664,2023-06-03 21:04:00,J,Thexton,M,8,African American,No Referral,False,9.0,11,0,0.01999999999999999,0.9
861-48-5444,2024-03-13 12:35:00,K,Minero,M,13,African American,No Referral,False,9.0,57,0,0.9400000000000002,0.9
844-85-1514,2024-09-10 11:04:00,N,Pleager,M,20,African American,No Referral,False,9.0,17,0,0.14,0.9
103-73-6870,2023-10-24 00:03:00,Q,Pickston,M,15,African American,No Referral,False,9.0,22,0,0.24,0.9
836-45-5911,2024-10-01 12:05:00,Z,Jirsa,M,78,African American,No Referral,False,9.0,30,0,0.39999999999999997,0.9
161-39-6789,2024-05-24 07:01:00,B,Steffens,M,6,African American,No Referral,False,10.0,60,0,1.0,1.0
292-50-3675,2023-08-03 12:51:00,E,Kornalik,M,33,African American,No Referral,False,10.0,47,0,0.74,1.0
202-95-1671,2024-06-26 23:29:00,F,Beneix,M,34,African American,No Referral,False,10.0,54,0,0.8800000000000001,1.0
583-72-3070,2023-06-26 11:08:00,H,Drayn,M,70,African American,No Referral,False,10.0,16,0,0.12,1.0
474-58-0047,2024-06-17 05:33:00,H,Ruste,M,64,African American,No Referral,False,10.0,22,0,0.24,1.0
618-74-2955,2024-01-16 18:19:00,U,Daubney,M,7,African American,No Referral,False,10.0,14,0,0.08000000000000002,1.0
352-51-9558,2023-11-07 14:46:00,U,Mountstephen,M,50,African American,No Referral,False,10.0,60,0,1.0,1.0
464-44-5970,2024-07-25 08:58:00,B,Turneaux,M,74,African American,Orthopedics,False,5.0,28,0,0.36000000000000004,0.5
602-47-8260,2024-10-11 09:50:00,B,Emloch,M,52,African American,Orthopedics,False,5.0,38,0,0.56,0.5
138-91-1480,2024-08-02 18:44:00,C,Rushbrook,M,19,African American,Orthopedics,False,5.0,11,0,0.01999999999999999,0.5
853-27-4550,2024-07-24 20:13:00,D,Kewzick,M,53,African American,Orthopedics,False,5.0,20,0,0.2,0.5
546-93-3891,2024-06-27 17:12:00,D,Beedie,M,42,African American,Orthopedics,False,5.0,39,0,0.5800000000000001,0.5
313-02-6855,2024-01-29 08:11:00,E,Ephgrave,M,74,African American,Orthopedics,False,5.0,58,0,0.96,0.5
667-04-5340,2023-06-20 00:03:00,F,Dewar,M,29,African American,Orthopedics,False,5.0,46,0,0.72,0.5
219-46-2834,2023-12-28 21:00:00,F,Hugonneau,M,26,African American,Orthopedics,False,5.0,49,0,0.78,0.5
258-65-5478,2023-09-23 03:13:00,F,Billings,M,47,African American,Orthopedics,False,5.0,53,0,0.8600000000000001,0.5
375-19-1172,2023-04-08 02:04:00,G,Earwaker,M,70,African American,Orthopedics,False,5.0,22,0,0.24,0.5
851-85-8318,2023-04-04 15:35:00,G,D'Ruel,M,9,African American,Orthopedics,False,5.0,36,0,0.52,0.5
702-38-3084,2024-07-02 00:46:00,J,Sinden,M,75,African American,Orthopedics,False,5.0,17,0,0.14,0.5
855-68-8308,2023-09-07 21:12:00,J,Tellenbach,M,58,African American,Orthopedics,False,5.0,19,0,0.18,0.5
265-01-7218,2023-04-14 06:19:00,K,MacAdam,M,5,African American,Orthopedics,False,5.0,34,0,0.48000000000000004,0.5
711-16-5014,2024-06-19 21:12:00,L,Frostdyke,M,49,African American,Orthopedics,False,5.0,18,0,0.15999999999999998,0.5
658-61-9044,2024-03-28 08:51:00,L,Sayles,M,71,African American,Orthopedics,False,5.0,28,0,0.36000000000000004,0.5
352-98-0907,2024-09-01 02:23:00,M,Saywell,M,64,African American,Orthopedics,False,5.0,47,0,0.74,0.5
369-61-0041,2023-06-10 13:35:00,P,Clurow,M,48,African American,Orthopedics,False,5.0,25,0,0.3,0.5
864-54-6914,2023-07-18 06:56:00,P,Adger,M,15,African American,Orthopedics,False,5.0,53,0,0.8600000000000001,0.5
340-40-0901,2024-05-23 17:24:00,P,Adamik,M,7,African American,Orthopedics,False,5.0,60,0,1.0,0.5
701-71-6155,2023-09-30 16:58:00,Q,Felce,M,18,African American,Orthopedics,False,5.0,57,0,0.9400000000000002,0.5
769-26-7401,2024-10-09 07:54:00,S,Blackstock,M,75,African American,Orthopedics,False,5.0,51,0,0.8200000000000001,0.5
454-17-8279,2024-03-28 07:54:00,T,Odgaard,M,39,African American,Orthopedics,False,5.0,12,0,0.03999999999999998,0.5
723-76-5413,2023-09-15 13:54:00,T,Skrines,M,3,African American,Orthopedics,False,5.0,34,0,0.48000000000000004,0.5
521-83-9058,2023-05-14 17:35:00,U,Ors,M,32,African American,Orthopedics,False,5.0,17,1,0.14,0.5
490-58-0794,2023-05-18 09:16:00,U,Adam,M,50,African American,Orthopedics,False,5.0,44,1,0.6799999999999999,0.5
517-09-3692,2024-07-10 13:34:00,U,Stanyland,M,34,African American,Orthopedics,False,5.0,58,0,0.96,0.5
758-75-6911,2023-07-08 15:48:00,W,Bogace,M,34,African American,Orthopedics,False,5.0,41,0,0.6200000000000001,0.5
812-01-8966,2024-01-09 22:32:00,W,Bremond,M,24,African American,Orthopedics,False,5.0,60,0,1.0,0.5
610-42-3028,2024-08-03 07:14:00,Y,Coghill,M,6,African American,Orthopedics,False,5.0,42,0,0.6399999999999999,0.5
197-42-3233,2023-08-18 04:33:00,Y,Goalby,M,74,African American,Orthopedics,False,5.0,52,0,0.8400000000000001,0.5
843-11-0945,2023-12-17 01:11:00,Z,Egdale,M,64,African American,Orthopedics,False,5.0,48,0,0.76,0.5
771-94-6870,2024-01-02 21:16:00,Z,Muccino,M,18,African American,Orthopedics,False,5.0,55,0,0.9000000000000001,0.5
330-29-6460,2024-01-14 01:16:00,E,Pennrington,M,45,African American,Orthopedics,False,0.0,41,0,0.6200000000000001,0.0
533-97-4597,2023-11-02 13:04:00,D,Dudny,M,71,African American,Orthopedics,False,1.0,10,0,0.0,0.1
582-24-8875,2024-03-21 09:05:00,I,Gullberg,M,74,African American,Orthopedics,False,1.0,21,0,0.21999999999999997,0.1
221-75-5469,2024-06-24 03:34:00,Q,Trudgeon,M,10,African American,Orthopedics,False,1.0,60,0,1.0,0.1
546-76-3103,2023-08-17 10:35:00,S,Leathart,M,13,African American,Orthopedics,False,1.0,45,0,0.7,0.1
821-53-2890,2024-06-06 01:28:00,T,Lawrance,M,29,African American,Orthopedics,False,1.0,18,0,0.15999999999999998,0.1
872-54-2592,2023-12-08 15:47:00,W,Cossington,M,68,African American,Orthopedics,False,2.0,54,0,0.8800000000000001,0.2
113-95-3971,2023-10-28 03:41:00,B,Preto,M,1,African American,Orthopedics,False,3.0,25,0,0.3,0.30000000000000004
211-48-9357,2024-03-03 09:51:00,N,Brunner,M,38,African American,Orthopedics,False,3.0,15,0,0.09999999999999998,0.30000000000000004
720-24-3690,2023-11-17 10:42:00,O,Mifflin,M,27,African American,Orthopedics,False,4.0,17,0,0.14,0.4
452-87-5629,2024-07-20 05:50:00,A,Wilgar,M,50,African American,Orthopedics,False,5.0,49,0,0.78,0.5
830-11-3808,2023-10-02 17:02:00,E,Binder,M,49,African American,Orthopedics,False,5.0,51,0,0.8200000000000001,0.5
691-30-6115,2023-06-13 19:34:00,X,Swinley,M,38,African American,Orthopedics,False,5.0,39,0,0.5800000000000001,0.5
551-13-2462,2024-09-24 00:53:00,E,Sant,M,69,African American,Orthopedics,False,6.0,28,0,0.36000000000000004,0.6000000000000001
393-52-8450,2024-05-16 14:16:00,I,Lauritsen,M,74,African American,Orthopedics,False,6.0,24,0,0.27999999999999997,0.6000000000000001
634-89-7737,2023-11-06 22:39:00,R,Adanet,M,69,African American,Orthopedics,False,6.0,48,0,0.76,0.6000000000000001
826-13-7323,2024-06-13 23:24:00,H,Knagges,M,60,African American,Orthopedics,False,7.0,26,0,0.32,0.7000000000000001
513-30-4773,2024-10-04 03:13:00,K,Andress,M,71,African American,Orthopedics,False,8.0,38,0,0.56,0.8
461-29-9107,2024-02-22 16:28:00,N,Torbard,M,73,African American,Orthopedics,False,8.0,32,0,0.44,0.8
710-19-1756,2023-05-16 17:22:00,Q,Hallas,M,36,African American,Orthopedics,False,9.0,11,1,0.01999999999999999,0.9
662-15-8330,2023-08-09 04:04:00,B,Dyet,M,4,African American,Orthopedics,False,10.0,20,0,0.2,1.0
612-63-4048,2024-08-12 06:04:00,F,Stodart,M,24,African American,Orthopedics,False,10.0,58,0,0.96,1.0
465-18-8502,2023-09-25 14:04:00,J,Willishire,M,2,African American,Orthopedics,False,10.0,40,0,0.6000000000000001,1.0
248-79-4235,2024-01-22 01:20:00,L,Peake,M,20,African American,Orthopedics,False,10.0,56,0,0.9200000000000002,1.0
174-75-1853,2024-03-07 16:55:00,B,Frosdick,M,22,African American,Physiotherapy,False,5.0,44,0,0.6799999999999999,0.5
590-07-7660,2024-10-28 01:11:00,C,Hullot,M,6,African American,Physiotherapy,False,5.0,44,0,0.6799999999999999,0.5
350-07-8086,2023-06-27 21:32:00,C,Mendel,M,9,African American,Physiotherapy,False,5.0,54,0,0.8800000000000001,0.5
841-68-4981,2024-08-19 00:10:00,D,Cotterell,M,8,African American,Physiotherapy,False,5.0,37,0,0.54,0.5
522-83-0267,2023-05-19 01:57:00,M,Mainson,M,21,African American,Physiotherapy,False,5.0,17,1,0.14,0.5
399-44-4124,2024-06-22 17:40:00,N,Hillen,M,46,African American,Physiotherapy,False,5.0,49,0,0.78,0.5
833-71-2313,2023-11-13 12:42:00,O,Lawden,M,72,African American,Physiotherapy,False,5.0,22,0,0.24,0.5
191-38-0493,2023-10-31 05:18:00,R,Prettyman,M,66,African American,Physiotherapy,False,5.0,20,0,0.2,0.5
655-73-2482,2023-11-04 06:00:00,U,Struijs,M,3,African American,Physiotherapy,False,5.0,51,0,0.8200000000000001,0.5
282-19-0346,2023-12-11 09:14:00,Z,Dupree,M,68,African American,Physiotherapy,False,5.0,55,0,0.9000000000000001,0.5
298-36-6119,2024-03-25 23:09:00,M,D'Elias,M,17,African American,Physiotherapy,False,2.0,19,0,0.18,0.2
134-23-9854,2023-11-09 14:46:00,A,Cabrara,M,56,African American,Physiotherapy,False,5.0,45,0,0.7,0.5
635-55-6937,2024-06-03 03:13:00,Y,Gostridge,M,23,African American,Physiotherapy,False,6.0,52,0,0.8400000000000001,0.6000000000000001
702-47-3618,2023-04-13 05:21:00,W,Keppie,M,9,African American,Physiotherapy,False,9.0,56,0,0.9200000000000002,0.9
162-52-5413,2023-08-16 20:18:00,P,Wakley,M,75,African American,Renal,False,5.0,12,0,0.03999999999999998,0.5
435-61-1271,2024-03-06 18:06:00,R,Riseborough,M,37,African American,Renal,False,5.0,33,0,0.46,0.5
620-03-2957,2024-04-15 20:44:00,X,Rickaby,M,17,African American,Renal,False,5.0,53,0,0.8600000000000001,0.5
604-90-6890,2024-01-23 16:46:00,Z,Assel,M,6,African American,Renal,False,5.0,39,0,0.5800000000000001,0.5
497-25-0031,2024-06-15 04:06:00,T,Grindall,M,29,Asian,Cardiology,False,5.0,57,0,0.9400000000000002,0.5
404-11-0410,2023-05-12 00:18:00,P,Baton,M,78,Asian,Cardiology,False,1.0,33,1,0.46,0.1
849-97-5342,2024-06-06 11:42:00,B,Goodhew,M,52,Asian,Gastroenterology,False,5.0,48,0,0.76,0.5
700-71-2541,2024-05-16 03:07:00,C,Dagon,M,37,Asian,Gastroenterology,False,5.0,15,0,0.09999999999999998,0.5
595-97-7229,2024-01-24 04:34:00,V,Eric,M,76,Asian,Gastroenterology,False,5.0,59,0,0.98,0.5
154-20-9417,2024-09-13 17:45:00,A,Roberti,M,79,Asian,Gastroenterology,False,1.0,36,0,0.52,0.1
824-94-3306,2023-05-06 06:25:00,D,Benham,M,30,Asian,Gastroenterology,False,1.0,37,1,0.54,0.1
713-44-5163,2024-09-15 23:49:00,X,Dobrowolny,M,55,Asian,Gastroenterology,False,8.0,36,0,0.52,0.8
749-55-7622,2024-03-02 19:39:00,A,Weadick,M,48,Asian,General Practice,False,5.0,21,0,0.21999999999999997,0.5
421-08-1967,2023-04-11 09:20:00,B,Mahmood,M,57,Asian,General Practice,False,5.0,48,0,0.76,0.5
873-06-4261,2023-08-24 21:16:00,B,Handman,M,11,Asian,General Practice,False,5.0,57,0,0.9400000000000002,0.5
107-86-6061,2023-12-12 08:14:00,C,Abela,M,78,Asian,General Practice,False,5.0,12,0,0.03999999999999998,0.5
278-22-0214,2023-07-29 01:50:00,C,Cleeves,M,56,Asian,General Practice,False,5.0,13,0,0.06,0.5
240-91-8056,2023-06-07 20:21:00,C,Jayume,M,41,Asian,General Practice,False,5.0,33,0,0.46,0.5
428-69-8031,2024-06-08 16:48:00,D,Colliford,M,22,Asian,General Practice,False,5.0,12,0,0.03999999999999998,0.5
482-05-7766,2024-01-31 09:03:00,D,Marrable,M,4,Asian,General Practice,False,5.0,44,0,0.6799999999999999,0.5
313-29-0509,2024-10-23 03:19:00,D,McNabb,M,47,Asian,General Practice,False,5.0,57,0,0.9400000000000002,0.5
543-62-1334,2024-01-28 11:42:00,E,Stranio,M,18,Asian,General Practice,False,5.0,11,0,0.01999999999999999,0.5
395-31-5947,2024-08-19 13:18:00,F,Sheal,M,35,Asian,General Practice,False,5.0,12,0,0.03999999999999998,0.5
753-69-8444,2024-06-19 04:22:00,G,Swatman,M,37,Asian,General Practice,False,5.0,16,0,0.12,0.5
188-56-6640,2023-10-13 02:15:00,H,Kohn,M,19,Asian,General Practice,False,5.0,27,0,0.34,0.5
639-96-5879,2024-08-17 09:37:00,H,Kehoe,M,13,Asian,General Practice,False,5.0,30,0,0.39999999999999997,0.5
374-52-0951,2023-10-31 13:35:00,H,Blacklidge,M,54,Asian,General Practice,False,5.0,39,0,0.5800000000000001,0.5
761-31-9174,2023-05-18 02:39:00,H,Bennetts,M,11,Asian,General Practice,False,5.0,52,1,0.8400000000000001,0.5
223-07-9743,2023-12-17 21:06:00,I,Muddle,M,62,Asian,General Practice,False,5.0,34,0,0.48000000000000004,0.5
512-93-5850,2023-09-12 22:16:00,I,Nutton,M,38,Asian,General Practice,False,5.0,48,0,0.76,0.5
501-69-9067,2023-04-05 17:51:00,M,Davidoff,M,7,Asian,General Practice,False,5.0,42,0,0.6399999999999999,0.5
472-57-6924,2023-10-24 20:32:00,N,Weine,M,57,Asian,General Practice,False,5.0,43,0,0.6599999999999999,0.5
645-65-7273,2023-07-29 12:58:00,O,Phonix,M,45,Asian,General Practice,False,5.0,38,0,0.56,0.5
439-47-1386,2024-09-17 01:23:00,P,Durtnell,M,43,Asian,General Practice,False,5.0,13,0,0.06,0.5
302-61-6797,2023-12-08 13:02:00,P,Bardill,M,54,Asian,General Practice,False,5.0,34,0,0.48000000000000004,0.5
138-23-4405,2023-10-12 23:56:00,P,Renihan,M,45,Asian,General Practice,False,5.0,52,0,0.8400000000000001,0.5
137-21-4628,2024-05-10 14:51:00,Q,Warrick,M,34,Asian,General Practice,False,5.0,10,0,0.0,0.5
678-76-6412,2024-08-29 08:13:00,R,Deetlefs,M,65,Asian,General Practice,False,5.0,57,0,0.9400000000000002,0.5
862-32-2195,2024-08-01 08:23:00,S,Cleave,M,24,Asian,General Practice,False,5.0,10,0,0.0,0.5
843-23-1781,2023-06-21 23:08:00,T,Caukill,M,16,Asian,General Practice,False,5.0,10,0,0.0,0.5
716-78-2526,2023-09-27 17:28:00,T,McGaugie,M,15,Asian,General Practice,False,5.0,14,0,0.08000000000000002,0.5
707-97-3210,2023-11-30 07:11:00,T,Newlan,M,54,Asian,General Practice,False,5.0,27,0,0.34,0.5
657-31-6467,2023-11-24 01:10:00,T,Scimoni,M,77,Asian,General Practice,False,5.0,35,0,0.5,0.5
404-40-7447,2024-01-26 15:46:00,U,Olsen,M,20,Asian,General Practice,False,5.0,27,0,0.34,0.5
226-24-8337,2023-11-28 01:59:00,U,De Freyne,M,31,Asian,General Practice,False,5.0,29,0,0.37999999999999995,0.5
123-21-6808,2024-07-23 03:33:00,V,Binyon,M,23,Asian,General Practice,False,5.0,22,0,0.24,0.5
632-88-2956,2024-07-16 11:10:00,X,Laffranconi,M,26,Asian,General Practice,False,5.0,57,0,0.9400000000000002,0.5
205-88-0582,2024-02-20 13:27:00,Y,Henden,M,70,Asian,General Practice,False,5.0,18,0,0.15999999999999998,0.5
187-33-6988,2024-09-21 06:00:00,Z,Scotfurth,M,64,Asian,General Practice,False,5.0,10,0,0.0,0.5
516-40-9905,2023-07-19 01:11:00,Z,Bidwell,M,12,Asian,General Practice,False,5.0,44,0,0.6799999999999999,0.5
729-10-9426,2023-04-02 17:50:00,Z,Brotherhed,M,6,Asian,General Practice,False,5.0,45,0,0.7,0.5
578-70-1520,2024-08-11 01:53:00,Q,Stanworth,M,77,Asian,General Practice,False,0.0,58,0,0.96,0.0
193-23-1557,2024-01-10 16:17:00,Q,Laguerre,M,39,Asian,General Practice,False,1.0,14,0,0.08000000000000002,0.1
681-69-3937,2023-04-03 14:56:00,R,Maffezzoli,M,64,Asian,General Practice,False,2.0,15,0,0.09999999999999998,0.2
805-58-2367,2023-12-23 08:49:00,X,Todman,M,3,Asian,General Practice,False,2.0,48,0,0.76,0.2
363-45-5397,2024-01-08 10:41:00,V,Ahrend,M,26,Asian,General Practice,False,3.0,53,0,0.8600000000000001,0.30000000000000004
604-22-1946,2023-12-15 15:33:00,G,McTavish,M,28,Asian,General Practice,False,5.0,55,0,0.9000000000000001,0.5
113-72-3695,2023-09-22 13:10:00,V,Snaden,M,63,Asian,General Practice,False,7.0,20,0,0.2,0.7000000000000001
753-22-7315,2024-09-26 20:44:00,H,Reynolds,M,32,Asian,General Practice,False,8.0,20,0,0.2,0.8
678-80-6867,2024-03-24 15:11:00,U,Cohalan,M,71,Asian,General Practice,False,10.0,15,0,0.09999999999999998,1.0
266-60-4228,2024-08-10 12:23:00,B,Balhatchet,M,59,Asian,Neurology,False,5.0,48,0,0.76,0.5
276-38-5016,2023-06-29 23:34:00,K,Rime,M,39,Asian,Neurology,False,5.0,18,0,0.15999999999999998,0.5
877-16-0784,2023-10-31 02:19:00,O,Hardage,M,59,Asian,Neurology,False,5.0,29,0,0.37999999999999995,0.5
509-79-4975,2023-04-16 19:32:00,Y,Brennan,M,19,Asian,Neurology,False,5.0,52,0,0.8400000000000001,0.5
710-62-0164,2024-06-07 19:52:00,M,Maffin,M,26,Asian,Neurology,False,0.0,37,0,0.54,0.0
187-33-8018,2024-07-01 22:05:00,T,Reeks,M,10,Asian,Neurology,False,2.0,42,0,0.6399999999999999,0.2
691-25-6809,2024-04-14 04:56:00,K,Merington,M,17,Asian,Neurology,False,10.0,12,0,0.03999999999999998,1.0
417-28-9047,2024-02-14 19:40:00,T,Gillopp,M,51,Asian,No Referral,False,0.0,31,0,0.42,0.0
403-95-6018,2024-03-11 07:20:00,V,Kingswell,M,64,Asian,No Referral,False,0.0,42,0,0.6399999999999999,0.0
161-51-7376,2024-07-29 03:19:00,L,Ivory,M,64,Asian,No Referral,False,1.0,39,0,0.5800000000000001,0.1
815-18-9064,2024-01-12 00:44:00,X,Elles,M,12,Asian,No Referral,False,1.0,12,0,0.03999999999999998,0.1
818-37-3389,2023-12-21 16:50:00,F,Bukowski,M,41,Asian,No Referral,False,2.0,29,0,0.37999999999999995,0.2
719-92-0551,2024-09-03 14:15:00,T,Mosdell,M,35,Asian,No Referral,False,2.0,56,0,0.9200000000000002,0.2
199-62-2068,2023-05-11 08:29:00,Z,Kubu,M,43,Asian,No Referral,False,2.0,22,1,0.24,0.2
391-27-7971,2023-11-19 00:20:00,C,Poznan,M,35,Asian,No Referral,False,3.0,23,0,0.26,0.30000000000000004
187-45-1401,2024-04-09 14:51:00,G,Lebel,M,45,Asian,No Referral,False,3.0,23,0,0.26,0.30000000000000004
372-65-4950,2024-01-16 11:26:00,S,Morrill,M,75,Asian,No Referral,False,3.0,29,0,0.37999999999999995,0.30000000000000004
428-10-5696,2024-03-24 05:21:00,Z,Abercrombie,M,76,Asian,No Referral,False,3.0,53,0,0.8600000000000001,0.30000000000000004
291-27-7983,2023-04-05 18:58:00,L,Pittman,M,27,Asian,No Referral,False,4.0,49,0,0.78,0.4
680-03-6336,2024-08-24 06:02:00,M,MacVean,M,17,Asian,No Referral,False,4.0,48,0,0.76,0.4
734-88-0672,2024-10-30 05:26:00,R,Clemenzi,M,43,Asian,No Referral,False,4.0,51,0,0.8200000000000001,0.4
622-95-3705,2023-11-20 21:36:00,T,Timoney,M,22,Asian,No Referral,False,4.0,27,0,0.34,0.4
474-27-6059,2023-05-25 07:23:00,U,Veazey,M,6,Asian,No Referral,False,4.0,26,1,0.32,0.4
201-34-2154,2024-03-15 20:28:00,A,Chill,M,70,Asian,No Referral,False,5.0,37,0,0.54,0.5
800-50-8275,2023-04-19 16:52:00,E,Jiroutek,M,65,Asian,No Referral,False,6.0,15,0,0.09999999999999998,0.6000000000000001
537-53-2901,2023-08-30 15:18:00,I,Rheaume,M,24,Asian,No Referral,False,6.0,51,0,0.8200000000000001,0.6000000000000001
802-54-9455,2023-11-28 17:19:00,R,Ranstead,M,23,Asian,No Referral,False,6.0,13,0,0.06,0.6000000000000001
286-21-4061,2023-05-03 12:11:00,X,Raden,M,28,Asian,No Referral,False,6.0,17,1,0.14,0.6000000000000001
747-62-2379,2023-05-14 02:52:00,Z,Poltone,M,1,Asian,No Referral,False,6.0,12,1,0.03999999999999998,0.6000000000000001
674-28-1008,2023-06-21 23:08:00,K,Rouzet,M,2,Asian,No Referral,False,7.0,32,0,0.44,0.7000000000000001
881-37-2614,2024-02-08 14:17:00,O,MacVagh,M,35,Asian,No Referral,False,7.0,32,0,0.44,0.7000000000000001
670-31-8033,2024-09-04 02:41:00,V,Crowch,M,79,Asian,No Referral,False,7.0,34,0,0.48000000000000004,0.7000000000000001
807-37-1984,2024-10-20 05:51:00,X,Cooke,M,56,Asian,No Referral,False,7.0,28,0,0.36000000000000004,0.7000000000000001
167-66-0469,2024-05-01 11:46:00,I,Snuggs,M,71,Asian,No Referral,False,8.0,56,0,0.9200000000000002,0.8
361-08-3342,2024-06-21 13:00:00,N,Hurl,M,4,Asian,No Referral,False,8.0,13,0,0.06,0.8
712-27-9390,2023-07-31 02:13:00,S,Cotgrove,M,10,Asian,No Referral,False,8.0,35,0,0.5,0.8
580-22-8552,2024-07-25 14:56:00,Z,Claque,M,18,Asian,No Referral,False,8.0,38,0,0.56,0.8
316-86-7414,2024-09-05 06:30:00,T,Poynton,M,28,Asian,No Referral,False,9.0,29,0,0.37999999999999995,0.9
207-17-5079,2023-10-07 07:42:00,T,Reinbech,M,28,Asian,No Referral,False,9.0,30,0,0.39999999999999997,0.9
360-54-2856,2023-04-22 21:37:00,Z,Allcroft,M,29,Asian,No Referral,False,9.0,45,0,0.7,0.9
544-26-4109,2024-02-23 10:55:00,B,Broadley,M,58,Asian,No Referral,False,10.0,27,0,0.34,1.0
143-37-8396,2024-06-03 04:31:00,I,McClintock,M,74,Asian,No Referral,False,10.0,32,0,0.44,1.0
697-61-8367,2024-04-03 19:53:00,B,Meeking,M,45,Asian,Orthopedics,False,5.0,37,0,0.54,0.5
120-15-2623,2024-02-05 12:06:00,B,Subhan,M,48,Asian,Orthopedics,False,5.0,42,0,0.6399999999999999,0.5
599-65-8051,2023-11-03 13:56:00,B,Sivess,M,35,Asian,Orthopedics,False,5.0,50,0,0.8,0.5
610-24-5601,2023-10-20 11:42:00,C,Prestie,M,35,Asian,Orthopedics,False,5.0,21,0,0.21999999999999997,0.5
122-17-9496,2023-07-13 11:38:00,F,MacNally,M,33,Asian,Orthopedics,False,5.0,11,0,0.01999999999999999,0.5
561-07-0305,2023-07-06 01:13:00,G,Lowfill,M,30,Asian,Orthopedics,False,5.0,59,0,0.98,0.5
259-41-9306,2024-07-25 05:49:00,H,Woolvin,M,25,Asian,Orthopedics,False,5.0,49,0,0.78,0.5
176-25-3650,2024-05-30 11:54:00,J,Dundridge,M,29,Asian,Orthopedics,False,5.0,43,0,0.6599999999999999,0.5
791-12-6186,2024-09-21 21:12:00,K,Thomann,M,68,Asian,Orthopedics,False,5.0,22,0,0.24,0.5
600-56-6481,2024-05-14 09:51:00,O,Malbon,M,67,Asian,Orthopedics,False,5.0,33,0,0.46,0.5
551-77-8367,2023-10-17 10:28:00,O,Dorkin,M,33,Asian,Orthopedics,False,5.0,50,0,0.8,0.5
836-26-2906,2023-11-23 01:22:00,P,Argent,M,18,Asian,Orthopedics,False,5.0,36,0,0.52,0.5
535-57-8080,2024-05-10 02:57:00,Q,Leavry,M,45,Asian,Orthopedics,False,5.0,22,0,0.24,0.5
223-84-4462,2024-03-14 04:31:00,Q,Cosely,M,35,Asian,Orthopedics,False,5.0,51,0,0.8200000000000001,0.5
358-97-1063,2023-08-05 20:17:00,R,Harmer,M,78,Asian,Orthopedics,False,5.0,20,0,0.2,0.5
408-40-3195,2023-04-23 05:05:00,U,Wildsmith,M,67,Asian,Orthopedics,False,5.0,24,0,0.27999999999999997,0.5
709-90-3043,2023-07-19 17:57:00,U,Hindmore,M,26,Asian,Orthopedics,False,5.0,29,0,0.37999999999999995,0.5
227-33-6424,2024-08-25 17:02:00,U,Rothert,M,32,Asian,Orthopedics,False,5.0,34,0,0.48000000000000004,0.5
767-96-0026,2024-01-07 15:22:00,V,Frammingham,M,13,Asian,Orthopedics,False,5.0,49,0,0.78,0.5
821-52-5812,2023-09-23 05:30:00,X,Lewsy,M,22,Asian,Orthopedics,False,5.0,24,0,0.27999999999999997,0.5
592-41-3656,2024-04-19 16:42:00,X,Allard,M,38,Asian,Orthopedics,False,5.0,32,0,0.44,0.5
714-35-6722,2024-09-09 16:42:00,Y,Baldetti,M,31,Asian,Orthopedics,False,5.0,22,0,0.24,0.5
608-48-4234,2024-04-28 11:02:00,C,Smaling,M,55,Asian,Orthopedics,False,0.0,28,0,0.36000000000000004,0.0
892-79-0205,2024-08-26 06:28:00,X,Muslim,M,67,Asian,Orthopedics,False,0.0,29,0,0.37999999999999995,0.0
195-28-0276,2024-04-05 03:28:00,C,Bulle,M,77,Asian,Orthopedics,False,2.0,19,0,0.18,0.2
262-63-5052,2023-10-04 13:45:00,U,Simoncelli,M,39,Asian,Orthopedics,False,3.0,39,0,0.5800000000000001,0.30000000000000004
447-91-3077,2024-06-18 16:34:00,K,Towers,M,40,Asian,Orthopedics,False,4.0,19,0,0.18,0.4
140-14-3156,2024-03-05 04:54:00,Q,Sweedland,M,10,Asian,Orthopedics,False,4.0,57,0,0.9400000000000002,0.4
341-41-1657,2024-09-18 15:55:00,T,Prettejohns,M,76,Asian,Orthopedics,False,5.0,13,0,0.06,0.5
895-46-4134,2023-12-02 17:46:00,H,Presslie,M,18,Asian,Orthopedics,False,8.0,24,0,0.27999999999999997,0.8
670-40-9098,2023-06-11 12:34:00,J,Davidge,M,14,Asian,Orthopedics,False,8.0,50,0,0.8,0.8
419-82-3648,2024-06-09 15:48:00,M,Duchasteau,M,72,Asian,Orthopedics,False,10.0,34,0,0.48000000000000004,1.0
640-26-9278,2024-08-14 11:30:00,F,Arnot,M,13,Asian,Physiotherapy,False,5.0,59,0,0.98,0.5
216-51-7362,2024-05-22 02:29:00,K,Cowles,M,42,Asian,Physiotherapy,False,5.0,43,0,0.6599999999999999,0.5
869-10-5238,2024-03-01 07:29:00,L,Ewers,M,18,Asian,Physiotherapy,False,5.0,19,0,0.18,0.5
873-15-0745,2024-03-21 19:49:00,L,Edison,M,64,Asian,Physiotherapy,False,5.0,21,0,0.21999999999999997,0.5
542-80-3587,2024-08-10 08:41:00,N,Hazley,M,67,Asian,Physiotherapy,False,5.0,42,0,0.6399999999999999,0.5
269-99-7693,2023-06-06 22:17:00,S,MacKenzie,M,60,Asian,Physiotherapy,False,5.0,19,0,0.18,0.5
280-78-3888,2023-08-28 23:10:00,C,Earingey,M,51,Asian,Physiotherapy,False,5.0,28,0,0.36000000000000004,0.5
399-39-3052,2024-04-27 11:28:00,I,Klosterman,M,47,Asian,Physiotherapy,False,6.0,36,0,0.52,0.6000000000000001
858-87-1119,2023-10-27 17:14:00,J,Menelaws,M,35,Asian,Renal,False,2.0,30,0,0.39999999999999997,0.2
479-96-0578,2024-08-29 08:53:00,G,Deeprose,M,16,Declined to Identify,Cardiology,False,5.0,44,0,0.6799999999999999,0.5
699-94-6597,2024-07-11 12:12:00,K,Basey,M,52,Declined to Identify,Cardiology,False,5.0,45,0,0.7,0.5
711-63-4110,2023-05-30 07:37:00,M,Wetheril,M,47,Declined to Identify,Cardiology,False,5.0,23,1,0.26,0.5
837-61-0226,2024-05-25 21:12:00,P,Presslie,M,26,Declined to Identify,Cardiology,False,5.0,50,0,0.8,0.5
709-88-3586,2023-12-29 18:29:00,U,Flucks,M,33,Declined to Identify,Cardiology,False,3.0,29,0,0.37999999999999995,0.30000000000000004
674-47-7074,2024-05-14 14:16:00,D,Jirzik,M,78,Declined to Identify,Cardiology,False,4.0,13,0,0.06,0.4
665-98-5232,2023-05-06 05:51:00,C,Hanbury,M,8,Declined to Identify,Gastroenterology,False,5.0,48,1,0.76,0.5
259-60-8993,2024-10-15 08:24:00,K,Snuggs,M,16,Declined to Identify,Gastroenterology,False,5.0,54,0,0.8800000000000001,0.5
299-01-6031,2024-06-16 05:48:00,W,Peplaw,M,28,Declined to Identify,Gastroenterology,False,5.0,37,0,0.54,0.5
485-61-8521,2023-12-19 02:02:00,F,Myhill,M,54,Declined to Identify,Gastroenterology,False,10.0,41,0,0.6200000000000001,1.0
697-60-2495,2023-09-14 13:19:00,A,Downe,M,70,Declined to Identify,General Practice,False,5.0,53,0,0.8600000000000001,0.5
658-43-3520,2024-04-16 03:15:00,D,Skehens,M,62,Declined to Identify,General Practice,False,5.0,52,0,0.8400000000000001,0.5
418-73-8778,2023-07-30 18:25:00,E,Kern,M,75,Declined to Identify,General Practice,False,5.0,20,0,0.2,0.5
554-13-4224,2024-05-09 11:12:00,E,Benesevich,M,71,Declined to Identify,General Practice,False,5.0,25,0,0.3,0.5
366-15-5270,2023-08-20 08:47:00,F,Lowle,M,59,Declined to Identify,General Practice,False,5.0,59,0,0.98,0.5
487-28-9451,2024-03-11 07:31:00,G,Rominov,M,17,Declined to Identify,General Practice,False,5.0,32,0,0.44,0.5
349-88-0069,2023-06-03 21:28:00,H,Lutwidge,M,16,Declined to Identify,General Practice,False,5.0,54,0,0.8800000000000001,0.5
241-71-9050,2024-03-22 15:48:00,I,Yanov,M,39,Declined to Identify,General Practice,False,5.0,52,0,0.8400000000000001,0.5
545-54-6359,2024-10-11 01:35:00,L,Buttner,M,60,Declined to Identify,General Practice,False,5.0,51,0,0.8200000000000001,0.5
475-18-2855,2024-10-21 17:01:00,M,Itzkovich,M,10,Declined to Identify,General Practice,False,5.0,31,0,0.42,0.5
119-30-5643,2024-01-30 21:03:00,M,MacAndreis,M,17,Declined to Identify,General Practice,False,5.0,46,0,0.72,0.5
141-27-6330,2023-11-21 12:34:00,M,Pybus,M,19,Declined to Identify,General Practice,False,5.0,58,0,0.96,0.5
824-08-2119,2023-09-30 20:42:00,N,Hing,M,28,Declined to Identify,General Practice,False,5.0,53,0,0.8600000000000001,0.5
816-62-0922,2023-04-23 09:17:00,N,Domenge,M,65,Declined to Identify,General Practice,False,5.0,58,0,0.96,0.5
289-97-3636,2024-01-06 08:50:00,P,Frise,M,49,Declined to Identify,General Practice,False,5.0,18,0,0.15999999999999998,0.5
562-15-6437,2023-07-15 08:02:00,P,Pietrusiak,M,70,Declined to Identify,General Practice,False,5.0,21,0,0.21999999999999997,0.5
518-57-8790,2023-09-01 09:14:00,Q,Ratt,M,28,Declined to Identify,General Practice,False,5.0,27,0,0.34,0.5
469-90-5298,2023-04-07 06:40:00,R,Huggett,M,39,Declined to Identify,General Practice,False,5.0,27,0,0.34,0.5
624-29-2291,2023-10-03 09:19:00,R,Bengough,M,7,Declined to Identify,General Practice,False,5.0,48,0,0.76,0.5
120-86-0167,2024-09-02 23:08:00,S,Thurby,M,8,Declined to Identify,General Practice,False,5.0,14,0,0.08000000000000002,0.5
565-06-0269,2023-10-01 06:01:00,S,Thornewell,M,79,Declined to Identify,General Practice,False,5.0,34,0,0.48000000000000004,0.5
667-07-0227,2023-04-27 07:34:00,S,Castagnaro,M,64,Declined to Identify,General Practice,False,5.0,60,0,1.0,0.5
529-78-3762,2024-07-16 18:28:00,T,Barnewelle,M,61,Declined to Identify,General Practice,False,5.0,15,0,0.09999999999999998,0.5
321-01-1823,2024-08-21 03:10:00,U,Arndt,M,41,Declined to Identify,General Practice,False,5.0,16,0,0.12,0.5
213-25-8072,2023-08-24 03:34:00,U,Kerby,M,10,Declined to Identify,General Practice,False,5.0,46,0,0.72,0.5
819-07-3432,2023-12-30 17:28:00,U,Manklow,M,37,Declined to Identify,General Practice,False,5.0,49,0,0.78,0.5
846-75-1744,2023-06-12 10:17:00,V,Visick,M,32,Declined to Identify,General Practice,False,5.0,43,0,0.6599999999999999,0.5
164-62-9137,2024-08-25 02:24:00,W,de Keep,M,35,Declined to Identify,General Practice,False,5.0,40,0,0.6000000000000001,0.5
144-26-9378,2024-07-23 13:40:00,X,Sheridan,M,28,Declined to Identify,General Practice,False,5.0,12,0,0.03999999999999998,0.5
255-97-8092,2023-10-18 17:45:00,Y,McCosker,M,21,Declined to Identify,General Practice,False,5.0,37,0,0.54,0.5
280-30-4207,2023-12-02 19:39:00,Z,Harrell,M,62,Declined to Identify,General Practice,False,5.0,41,0,0.6200000000000001,0.5
508-84-3647,2023-06-11 13:43:00,Z,Sigfrid,M,53,Declined to Identify,General Practice,False,5.0,50,0,0.8,0.5
466-62-7671,2024-08-30 15:23:00,Z,Bawden,M,49,Declined to Identify,General Practice,False,5.0,55,0,0.9000000000000001,0.5
742-60-3962,2023-05-01 12:07:00,Z,Windley,M,61,Declined to Identify,General Practice,False,5.0,56,1,0.9200000000000002,0.5
288-66-5811,2023-09-09 00:20:00,K,Beseke,M,63,Declined to Identify,General Practice,False,0.0,50,0,0.8,0.0
407-24-8802,2024-01-31 00:09:00,C,Kittiman,M,5,Declined to Identify,General Practice,False,1.0,20,0,0.2,0.1
531-14-5503,2023-09-15 20:51:00,S,Janeway,M,11,Declined to Identify,General Practice,False,1.0,55,0,0.9000000000000001,0.1
857-22-1477,2024-02-09 11:47:00,L,Benedettini,M,68,Declined to Identify,General Practice,False,2.0,17,0,0.14,0.2
104-61-0458,2024-03-26 15:47:00,I,Licciardo,M,46,Declined to Identify,General Practice,False,3.0,45,0,0.7,0.30000000000000004
333-38-6115,2023-11-11 22:03:00,J,Langston,M,52,Declined to Identify,General Practice,False,3.0,22,0,0.24,0.30000000000000004
291-20-2190,2023-06-14 02:57:00,T,Kaindl,M,31,Declined to Identify,General Practice,False,5.0,13,0,0.06,0.5
385-83-1337,2023-04-12 13:34:00,A,Simoni,M,5,Declined to Identify,General Practice,False,6.0,54,0,0.8800000000000001,0.6000000000000001
139-53-0111,2023-11-22 17:25:00,D,Leatherbarrow,M,49,Declined to Identify,General Practice,False,6.0,12,0,0.03999999999999998,0.6000000000000001
778-23-0967,2024-09-07 15:56:00,N,Mace,M,24,Declined to Identify,General Practice,False,6.0,36,0,0.52,0.6000000000000001
586-12-7474,2024-07-27 20:50:00,O,Morlon,M,45,Declined to Identify,General Practice,False,6.0,53,0,0.8600000000000001,0.6000000000000001
272-82-0727,2024-06-19 12:53:00,P,Meegan,M,62,Declined to Identify,General Practice,False,6.0,42,0,0.6399999999999999,0.6000000000000001
525-21-3877,2024-09-03 14:51:00,Y,Reskelly,M,28,Declined to Identify,General Practice,False,6.0,37,0,0.54,0.6000000000000001
881-96-9420,2024-05-22 21:32:00,D,Glamart,M,29,Declined to Identify,General Practice,False,7.0,49,0,0.78,0.7000000000000001
739-91-8582,2024-01-12 00:09:00,V,Pedersen,M,11,Declined to Identify,General Practice,False,7.0,40,0,0.6000000000000001,0.7000000000000001
484-40-6279,2023-07-13 16:07:00,B,Doman,M,29,Declined to Identify,General Practice,False,8.0,19,0,0.18,0.8
618-74-5857,2023-09-14 19:18:00,T,Crannell,M,21,Declined to Identify,General Practice,False,8.0,11,0,0.01999999999999999,0.8
566-56-3998,2024-10-21 21:33:00,R,Mallia,M,76,Declined to Identify,General Practice,False,9.0,41,0,0.6200000000000001,0.9
240-13-4972,2023-05-03 21:15:00,A,Warriner,M,5,Declined to Identify,Neurology,False,5.0,18,1,0.15999999999999998,0.5
640-49-2306,2024-10-06 03:45:00,C,Rowbury,M,27,Declined to Identify,Neurology,False,5.0,34,0,0.48000000000000004,0.5
100-34-9587,2024-04-01 04:17:00,U,Lamburn,M,20,Declined to Identify,Neurology,False,5.0,24,0,0.27999999999999997,0.5
419-40-1713,2024-05-17 15:12:00,P,Standring,M,1,Declined to Identify,Neurology,False,0.0,52,0,0.8400000000000001,0.0
898-05-7530,2023-06-04 21:05:00,D,Spoor,M,20,Declined to Identify,Neurology,False,1.0,46,0,0.72,0.1
281-37-9635,2023-11-04 08:41:00,E,Minors,M,62,Declined to Identify,Neurology,False,6.0,36,0,0.52,0.6000000000000001
143-73-5607,2023-06-17 00:51:00,T,Kender,M,64,Declined to Identify,Neurology,False,9.0,45,0,0.7,0.9
749-62-9350,2024-09-01 22:09:00,H,Aldridge,M,1,Declined to Identify,No Referral,False,0.0,32,0,0.44,0.0
631-06-7500,2023-08-12 21:19:00,W,Sutcliffe,M,51,Declined to Identify,No Referral,False,0.0,56,0,0.9200000000000002,0.0
897-05-9313,2024-10-25 23:07:00,X,Aujean,M,2,Declined to Identify,No Referral,False,0.0,30,0,0.39999999999999997,0.0
789-01-8569,2023-07-30 09:31:00,K,Greves,M,58,Declined to Identify,No Referral,False,1.0,15,0,0.09999999999999998,0.1
838-28-2043,2023-09-29 08:54:00,S,Son,M,51,Declined to Identify,No Referral,False,1.0,12,0,0.03999999999999998,0.1
600-21-0825,2024-05-16 21:18:00,W,Slevin,M,18,Declined to Identify,No Referral,False,1.0,50,0,0.8,0.1
587-35-6481,2024-02-11 23:52:00,M,Anfossi,M,79,Declined to Identify,No Referral,False,2.0,33,0,0.46,0.2
675-22-7922,2023-11-10 22:40:00,P,Beggini,M,76,Declined to Identify,No Referral,False,2.0,50,0,0.8,0.2
544-75-8121,2023-08-25 23:24:00,A,Togwell,M,4,Declined to Identify,No Referral,False,3.0,30,0,0.39999999999999997,0.30000000000000004
407-61-5335,2024-05-24 01:12:00,W,Coolson,M,53,Declined to Identify,No Referral,False,3.0,17,0,0.14,0.30000000000000004
193-58-6345,2024-01-28 12:30:00,Y,Vassman,M,6,Declined to Identify,No Referral,False,3.0,49,0,0.78,0.30000000000000004
886-02-8536,2024-09-11 06:55:00,J,Ruselin,M,17,Declined to Identify,No Referral,False,4.0,21,0,0.21999999999999997,0.4
799-76-3863,2024-10-20 00:35:00,P,Lante,M,46,Declined to Identify,No Referral,False,4.0,56,0,0.9200000000000002,0.4
442-74-7250,2024-10-23 04:52:00,W,Jachtym,M,41,Declined to Identify,No Referral,False,4.0,29,0,0.37999999999999995,0.4
407-32-1027,2023-10-03 21:22:00,B,Turvey,M,38,Declined to Identify,No Referral,False,5.0,38,0,0.56,0.5
813-03-6145,2024-08-06 11:00:00,N,Macewan,M,3,Declined to Identify,No Referral,False,5.0,43,0,0.6599999999999999,0.5
871-75-0210,2024-02-12 02:43:00,T,MacArdle,M,76,Declined to Identify,No Referral,False,5.0,28,0,0.36000000000000004,0.5
704-42-3319,2023-04-21 17:45:00,X,Coldbathe,M,67,Declined to Identify,No Referral,False,5.0,40,0,0.6000000000000001,0.5
571-79-5269,2024-09-24 08:27:00,R,Abrehart,M,53,Declined to Identify,No Referral,False,6.0,35,0,0.5,0.6000000000000001
363-55-0104,2023-05-08 01:41:00,X,Friar,M,8,Declined to Identify,No Referral,False,6.0,36,1,0.52,0.6000000000000001
314-88-4499,2024-05-03 05:37:00,B,Doy,M,6,Declined to Identify,No Referral,False,7.0,22,0,0.24,0.7000000000000001
740-87-7128,2024-05-24 09:48:00,B,Webster,M,74,Declined to Identify,No Referral,False,7.0,51,0,0.8200000000000001,0.7000000000000001
596-88-7560,2023-09-15 21:50:00,C,Nowakowska,M,20,Declined to Identify,No Referral,False,7.0,37,0,0.54,0.7000000000000001
831-50-1174,2024-07-03 03:45:00,F,Jamary,M,18,Declined to Identify,No Referral,False,7.0,30,0,0.39999999999999997,0.7000000000000001
501-79-5184,2023-07-30 20:01:00,K,Babalola,M,51,Declined to Identify,No Referral,False,7.0,21,0,0.21999999999999997,0.7000000000000001
197-34-8117,2023-10-15 19:02:00,P,Gelland,M,25,Declined to Identify,No Referral,False,7.0,27,0,0.34,0.7000000000000001
574-67-5283,2023-11-11 10:42:00,U,Gilfether,M,31,Declined to Identify,No Referral,False,7.0,53,0,0.8600000000000001,0.7000000000000001
807-20-6718,2023-06-01 15:43:00,Q,Seleway,M,56,Declined to Identify,No Referral,False,8.0,17,0,0.14,0.8
846-06-7289,2024-03-21 13:38:00,V,Dursley,M,41,Declined to Identify,No Referral,False,8.0,22,0,0.24,0.8
183-04-5484,2024-06-22 16:24:00,D,Ancell,M,47,Declined to Identify,No Referral,False,10.0,13,0,0.06,1.0
103-26-4528,2024-07-29 05:58:00,D,Ambrozewicz,M,60,Declined to Identify,No Referral,False,10.0,16,0,0.12,1.0
322-92-9504,2023-10-17 15:55:00,I,Riply,M,16,Declined to Identify,No Referral,False,10.0,10,0,0.0,1.0
741-98-3267,2024-08-01 10:40:00,J,Branton,M,8,Declined to Identify,No Referral,False,10.0,33,0,0.46,1.0
605-80-1296,2023-04-03 18:16:00,Z,Ruffles,M,26,Declined to Identify,No Referral,False,10.0,41,0,0.6200000000000001,1.0
421-67-9625,2023-09-04 19:33:00,C,Edwins,M,24,Declined to Identify,Orthopedics,False,5.0,40,0,0.6000000000000001,0.5
324-29-4700,2024-05-27 02:42:00,F,Bubb,M,41,Declined to Identify,Orthopedics,False,5.0,13,0,0.06,0.5
867-15-2683,2023-09-09 19:15:00,G,Edington,M,14,Declined to Identify,Orthopedics,False,5.0,36,0,0.52,0.5
545-31-8610,2023-07-03 20:28:00,I,Rikel,M,7,Declined to Identify,Orthopedics,False,5.0,44,0,0.6799999999999999,0.5
696-46-5892,2023-08-18 02:58:00,J,Nock,M,11,Declined to Identify,Orthopedics,False,5.0,52,0,0.8400000000000001,0.5
390-95-2404,2024-10-16 01:28:00,L,Gabe,M,49,Declined to Identify,Orthopedics,False,5.0,46,0,0.72,0.5
394-06-7689,2023-07-10 22:25:00,U,Castagnet,M,36,Declined to Identify,Orthopedics,False,5.0,50,0,0.8,0.5
634-25-0045,2023-07-18 01:52:00,W,Middup,M,56,Declined to Identify,Orthopedics,False,5.0,50,0,0.8,0.5
134-05-7615,2023-10-14 14:34:00,W,Guyot,M,40,Declined to Identify,Orthopedics,False,5.0,60,0,1.0,0.5
541-10-2365,2024-04-04 06:37:00,D,Rammell,M,70,Declined to Identify,Orthopedics,False,0.0,41,0,0.6200000000000001,0.0
789-50-5483,2024-07-27 05:03:00,K,Wickstead,M,73,Declined to Identify,Orthopedics,False,0.0,35,0,0.5,0.0
644-62-8312,2024-08-09 00:34:00,O,Bille,M,60,Declined to Identify,Orthopedics,False,4.0,28,0,0.36000000000000004,0.4
374-08-6811,2024-01-05 20:36:00,Y,Broadis,M,9,Declined to Identify,Orthopedics,False,8.0,30,0,0.39999999999999997,0.8
606-25-1593,2023-06-11 19:38:00,K,Somerfield,M,69,Declined to Identify,Orthopedics,False,9.0,45,0,0.7,0.9
695-55-0089,2023-07-03 12:31:00,B,Grigaut,M,62,Declined to Identify,Physiotherapy,False,5.0,27,0,0.34,0.5
518-99-6870,2024-10-01 15:19:00,C,Bachelar,M,22,Declined to Identify,Physiotherapy,False,5.0,60,0,1.0,0.5
736-84-8737,2024-06-26 00:19:00,D,Spraging,M,42,Declined to Identify,Physiotherapy,False,5.0,41,0,0.6200000000000001,0.5
145-74-2366,2024-10-08 00:33:00,H,Opdenort,M,6,Declined to Identify,Physiotherapy,False,5.0,18,0,0.15999999999999998,0.5
548-86-6142,2024-03-09 09:01:00,L,Oleszczak,M,30,Declined to Identify,Physiotherapy,False,5.0,45,0,0.7,0.5
874-40-5379,2023-08-19 11:07:00,N,Bagworth,M,14,Declined to Identify,Physiotherapy,False,5.0,10,0,0.0,0.5
328-78-1549,2024-02-21 10:10:00,N,Kolodziej,M,72,Declined to Identify,Physiotherapy,False,5.0,49,0,0.78,0.5
401-62-1630,2023-08-02 11:01:00,W,Balassa,M,33,Declined to Identify,Physiotherapy,False,5.0,39,0,0.5800000000000001,0.5
414-23-6748,2023-06-22 03:56:00,Y,Wonham,M,49,Declined to Identify,Physiotherapy,False,5.0,49,0,0.78,0.5
802-04-8013,2023-12-16 01:56:00,Z,Trainor,M,21,Declined to Identify,Physiotherapy,False,8.0,46,0,0.72,0.8
514-92-4822,2024-02-13 20:36:00,A,Lichfield,M,70,Declined to Identify,Renal,False,5.0,23,0,0.26,0.5
136-91-3908,2023-05-29 05:34:00,O,D'Ambrogio,M,13,Declined to Identify,Renal,False,5.0,42,1,0.6399999999999999,0.5
524-01-4528,2024-06-13 07:17:00,R,Born,M,76,Declined to Identify,Renal,False,5.0,54,0,0.8800000000000001,0.5
595-99-4674,2023-12-13 02:44:00,Q,Medlen,M,31,Declined to Identify,Renal,False,9.0,14,0,0.08000000000000002,0.9
439-58-8398,2024-08-17 10:39:00,E,Wendover,M,72,Native American/Alaska Native,Cardiology,False,6.0,58,0,0.96,0.6000000000000001
277-32-2308,2024-04-08 00:55:00,G,Van der Mark,M,15,Native American/Alaska Native,Cardiology,False,10.0,18,0,0.15999999999999998,1.0
657-69-7469,2024-10-13 23:40:00,B,Kidd,M,60,Native American/Alaska Native,General Practice,False,5.0,17,0,0.14,0.5
283-41-9667,2023-11-12 05:06:00,B,Grunnell,M,49,Native American/Alaska Native,General Practice,False,5.0,59,0,0.98,0.5
758-75-2960,2024-10-07 07:08:00,G,Rickell,M,45,Native American/Alaska Native,General Practice,False,5.0,11,0,0.01999999999999999,0.5
733-79-4603,2024-05-03 17:59:00,H,Mcimmie,M,69,Native American/Alaska Native,General Practice,False,5.0,16,0,0.12,0.5
528-10-4398,2024-08-02 09:38:00,H,McQuin,M,12,Native American/Alaska Native,General Practice,False,5.0,37,0,0.54,0.5
213-83-0677,2023-06-03 00:07:00,O,Rundall,M,62,Native American/Alaska Native,General Practice,False,5.0,11,0,0.01999999999999999,0.5
693-24-9026,2024-06-13 18:18:00,Q,Sayers,M,27,Native American/Alaska Native,General Practice,False,5.0,32,0,0.44,0.5
218-44-6635,2023-04-30 04:41:00,R,Parsons,M,36,Native American/Alaska Native,General Practice,False,5.0,13,0,0.06,0.5
360-59-1270,2023-04-12 22:50:00,T,Coneley,M,30,Native American/Alaska Native,General Practice,False,5.0,59,0,0.98,0.5
241-39-9857,2023-04-11 05:14:00,U,Petett,M,23,Native American/Alaska Native,General Practice,False,5.0,57,0,0.9400000000000002,0.5
870-29-5321,2024-05-18 18:08:00,V,Aleksankin,M,56,Native American/Alaska Native,General Practice,False,5.0,32,0,0.44,0.5
663-84-5771,2023-07-15 15:06:00,W,Bucktrout,M,61,Native American/Alaska Native,General Practice,False,5.0,44,0,0.6799999999999999,0.5
573-53-7688,2023-09-26 07:45:00,X,Nolton,M,67,Native American/Alaska Native,General Practice,False,5.0,22,0,0.24,0.5
844-95-3112,2023-12-11 13:23:00,Y,Speechly,M,61,Native American/Alaska Native,General Practice,False,5.0,24,0,0.27999999999999997,0.5
196-64-2615,2024-06-07 09:41:00,Y,Kinnock,M,65,Native American/Alaska Native,General Practice,False,5.0,51,0,0.8200000000000001,0.5
393-87-9467,2023-07-12 20:36:00,V,Akam,M,2,Native American/Alaska Native,General Practice,False,0.0,26,0,0.32,0.0
866-64-8724,2023-07-23 10:21:00,I,Londer,M,49,Native American/Alaska Native,General Practice,False,2.0,42,0,0.6399999999999999,0.2
691-99-7802,2024-07-08 07:37:00,E,Abele,M,51,Native American/Alaska Native,General Practice,False,3.0,31,0,0.42,0.30000000000000004
866-27-9262,2023-05-18 17:11:00,T,Dureden,M,37,Native American/Alaska Native,General Practice,False,3.0,16,1,0.12,0.30000000000000004
319-44-8371,2023-10-30 00:20:00,C,Nangle,M,48,Native American/Alaska Native,General Practice,False,4.0,22,0,0.24,0.4
769-98-7974,2023-10-07 06:44:00,E,Garnett,M,9,Native American/Alaska Native,General Practice,False,5.0,48,0,0.76,0.5
661-01-7056,2023-11-03 08:54:00,F,Cowlas,M,42,Native American/Alaska Native,General Practice,False,8.0,60,0,1.0,0.8
328-03-8699,2024-02-06 06:31:00,Z,Brellin,M,45,Native American/Alaska Native,General Practice,False,9.0,37,0,0.54,0.9
783-31-4079,2024-07-23 23:29:00,A,Stirman,M,3,Native American/Alaska Native,General Practice,False,10.0,15,0,0.09999999999999998,1.0
835-43-3416,2023-05-31 17:24:00,G,MacClancey,M,74,Native American/Alaska Native,General Practice,False,10.0,60,1,1.0,1.0
585-33-1678,2023-06-06 11:53:00,N,Beamand,M,77,Native American/Alaska Native,Neurology,False,5.0,45,0,0.7,0.5
299-32-9018,2023-04-30 04:19:00,R,Kerins,M,4,Native American/Alaska Native,Neurology,False,5.0,27,0,0.34,0.5
850-07-0244,2024-08-12 12:40:00,B,Rudinger,M,59,Native American/Alaska Native,No Referral,False,0.0,22,0,0.24,0.0
126-18-1278,2024-01-14 16:30:00,C,Auger,M,70,Native American/Alaska Native,No Referral,False,0.0,22,0,0.24,0.0
131-10-7789,2023-05-08 00:58:00,E,Meldrum,M,41,Native American/Alaska Native,No Referral,False,1.0,36,1,0.52,0.1
543-86-2381,2024-02-23 06:42:00,J,Jamieson,M,59,Native American/Alaska Native,No Referral,False,2.0,43,0,0.6599999999999999,0.2
804-46-9415,2024-04-19 09:30:00,H,Puddifer,M,26,Native American/Alaska Native,No Referral,False,3.0,10,0,0.0,0.30000000000000004
498-68-8416,2024-05-09 01:59:00,S,Barrus,M,33,Native American/Alaska Native,No Referral,False,3.0,37,0,0.54,0.30000000000000004
261-13-3460,2023-09-07 12:24:00,F,Mingame,M,58,Native American/Alaska Native,No Referral,False,4.0,53,0,0.8600000000000001,0.4
334-92-1880,2023-07-24 23:30:00,O,Wesley,M,13,Native American/Alaska Native,No Referral,False,4.0,56,0,0.9200000000000002,0.4
322-73-8642,2024-10-22 16:34:00,F,Keogh,M,18,Native American/Alaska Native,No Referral,False,5.0,52,0,0.8400000000000001,0.5
501-82-7238,2024-06-09 08:51:00,I,Franciotti,M,70,Native American/Alaska Native,No Referral,False,5.0,33,0,0.46,0.5
410-70-9311,2023-04-14 18:21:00,Z,Mundee,M,12,Native American/Alaska Native,No Referral,False,5.0,33,0,0.46,0.5
308-11-1238,2023-11-19 04:51:00,I,Godlee,M,27,Native American/Alaska Native,No Referral,False,7.0,28,0,0.36000000000000004,0.7000000000000001
364-42-5620,2023-07-23 10:17:00,M,Bretelle,M,48,Native American/Alaska Native,No Referral,False,7.0,41,0,0.6200000000000001,0.7000000000000001
410-16-6184,2023-05-06 12:14:00,O,Danieli,M,4,Native American/Alaska Native,No Referral,False,8.0,32,1,0.44,0.8
805-29-5064,2023-08-23 15:30:00,V,Giorgielli,M,8,Native American/Alaska Native,No Referral,False,8.0,60,0,1.0,0.8
537-13-0339,2024-01-25 10:19:00,F,Giggs,M,35,Native American/Alaska Native,No Referral,False,9.0,51,0,0.8200000000000001,0.9
695-48-3258,2023-11-09 03:59:00,N,Jantot,M,62,Native American/Alaska Native,Orthopedics,False,5.0,57,0,0.9400000000000002,0.5
125-78-3248,2023-07-27 15:05:00,P,Babst,M,29,Native American/Alaska Native,Orthopedics,False,5.0,25,0,0.3,0.5
544-63-0784,2024-08-09 03:12:00,P,Cappleman,M,74,Native American/Alaska Native,Orthopedics,False,5.0,56,0,0.9200000000000002,0.5
330-45-2025,2024-03-06 07:40:00,U,Pitman,M,69,Native American/Alaska Native,Orthopedics,False,5.0,31,0,0.42,0.5
213-44-8981,2024-04-09 17:45:00,X,Lebang,M,60,Native American/Alaska Native,Orthopedics,False,5.0,49,0,0.78,0.5
299-16-0016,2024-01-03 04:38:00,Z,Boulder,M,16,Native American/Alaska Native,Orthopedics,False,5.0,20,0,0.2,0.5
323-73-5214,2024-01-04 03:07:00,Z,Andrelli,M,27,Native American/Alaska Native,Orthopedics,False,5.0,53,0,0.8600000000000001,0.5
398-53-4396,2024-08-04 19:52:00,E,Dunsford,M,28,Native American/Alaska Native,Orthopedics,False,0.0,40,0,0.6000000000000001,0.0
768-15-4619,2023-12-26 01:11:00,C,Newson,M,16,Native American/Alaska Native,Orthopedics,False,8.0,25,0,0.3,0.8
400-21-4570,2024-02-16 22:59:00,A,Gallegos,M,73,Native American/Alaska Native,Physiotherapy,False,5.0,45,0,0.7,0.5
219-14-6147,2024-01-10 09:15:00,Z,Girardengo,M,63,Native American/Alaska Native,Renal,False,5.0,10,0,0.0,0.5
646-41-6242,2024-04-24 23:12:00,F,Roget,M,70,Pacific Islander,Cardiology,False,5.0,47,0,0.74,0.5
230-64-7688,2023-08-12 21:30:00,K,Espinheira,M,74,Pacific Islander,Cardiology,False,5.0,18,0,0.15999999999999998,0.5
412-11-9829,2024-07-31 22:00:00,K,Wines,M,7,Pacific Islander,Cardiology,False,5.0,49,0,0.78,0.5
630-34-6448,2023-04-28 18:16:00,N,Causton,M,28,Pacific Islander,Cardiology,False,5.0,23,0,0.26,0.5
278-16-5571,2024-02-20 22:12:00,S,Sebert,M,6,Pacific Islander,Cardiology,False,5.0,53,0,0.8600000000000001,0.5
516-07-4192,2023-08-26 12:28:00,P,Lotte,M,6,Pacific Islander,Gastroenterology,False,5.0,48,0,0.76,0.5
402-93-4014,2023-05-27 06:41:00,H,Shuttell,M,38,Pacific Islander,Gastroenterology,False,10.0,49,1,0.78,1.0
122-57-7501,2024-05-08 08:30:00,L,Artz,M,19,Pacific Islander,Gastroenterology,False,10.0,47,0,0.74,1.0
550-70-0152,2023-05-09 09:39:00,A,Kuscha,M,76,Pacific Islander,General Practice,False,5.0,34,1,0.48000000000000004,0.5
497-73-0149,2024-01-06 19:29:00,D,Vigors,M,5,Pacific Islander,General Practice,False,5.0,16,0,0.12,0.5
866-87-1957,2023-10-03 21:44:00,J,Cressingham,M,42,Pacific Islander,General Practice,False,5.0,17,0,0.14,0.5
306-57-7978,2024-09-04 05:58:00,J,Burston,M,62,Pacific Islander,General Practice,False,5.0,28,0,0.36000000000000004,0.5
575-58-8181,2024-01-17 23:43:00,J,Rimington,M,55,Pacific Islander,General Practice,False,5.0,42,0,0.6399999999999999,0.5
437-92-3747,2024-09-11 16:41:00,K,Pedwell,M,38,Pacific Islander,General Practice,False,5.0,11,0,0.01999999999999999,0.5
307-92-3400,2023-04-16 01:52:00,K,Caslett,M,11,Pacific Islander,General Practice,False,5.0,38,0,0.56,0.5
112-29-0583,2023-09-17 07:06:00,K,Gynni,M,5,Pacific Islander,General Practice,False,5.0,59,0,0.98,0.5
149-06-7304,2023-11-17 22:34:00,M,Legen,M,19,Pacific Islander,General Practice,False,5.0,32,0,0.44,0.5
437-71-7777,2024-08-07 11:17:00,N,Byram,M,14,Pacific Islander,General Practice,False,5.0,10,0,0.0,0.5
238-23-8191,2023-12-04 01:08:00,N,Gatherer,M,73,Pacific Islander,General Practice,False,5.0,22,0,0.24,0.5
198-80-3135,2023-12-27 03:01:00,O,Alderwick,M,52,Pacific Islander,General Practice,False,5.0,40,0,0.6000000000000001,0.5
773-65-6904,2024-05-21 09:15:00,Q,Vila,M,57,Pacific Islander,General Practice,False,5.0,34,0,0.48000000000000004,0.5
500-37-6455,2023-08-31 16:32:00,Q,Parradine,M,44,Pacific Islander,General Practice,False,5.0,38,0,0.56,0.5
485-52-4633,2024-08-05 05:13:00,T,Burgane,M,18,Pacific Islander,General Practice,False,5.0,13,0,0.06,0.5
753-69-2921,2023-04-05 15:08:00,T,McInerney,M,76,Pacific Islander,General Practice,False,5.0,27,0,0.34,0.5
461-10-5835,2024-10-03 11:19:00,U,Rutty,M,42,Pacific Islander,General Practice,False,5.0,48,0,0.76,0.5
468-40-7586,2024-03-24 15:43:00,V,Ardron,M,13,Pacific Islander,General Practice,False,5.0,29,0,0.37999999999999995,0.5
183-34-1466,2023-12-21 13:57:00,V,Antoons,M,79,Pacific Islander,General Practice,False,5.0,40,0,0.6000000000000001,0.5
608-99-9818,2024-10-05 23:08:00,X,Olney,M,41,Pacific Islander,General Practice,False,5.0,50,0,0.8,0.5
389-57-3830,2023-11-14 13:59:00,Z,Kunzler,M,26,Pacific Islander,General Practice,False,5.0,50,0,0.8,0.5
209-24-5193,2023-12-23 07:56:00,V,Fitchett,M,31,Pacific Islander,General Practice,False,0.0,15,0,0.09999999999999998,0.0
200-47-4120,2023-07-19 10:30:00,N,Ricket,M,77,Pacific Islander,General Practice,False,3.0,29,0,0.37999999999999995,0.30000000000000004
408-93-7396,2023-09-12 18:36:00,R,Gunney,M,72,Pacific Islander,General Practice,False,3.0,44,0,0.6799999999999999,0.30000000000000004
611-62-1333,2024-03-02 03:50:00,T,Ianetti,M,51,Pacific Islander,General Practice,False,4.0,40,0,0.6000000000000001,0.4
846-33-1744,2024-02-18 23:33:00,S,Nutting,M,27,Pacific Islander,General Practice,False,6.0,25,0,0.3,0.6000000000000001
685-53-9518,2024-04-09 20:19:00,N,Dignall,M,64,Pacific Islander,General Practice,False,7.0,39,0,0.5800000000000001,0.7000000000000001
271-73-5806,2023-11-29 23:00:00,I,Teather,M,46,Pacific Islander,General Practice,False,9.0,46,0,0.72,0.9
337-97-5948,2024-08-01 00:25:00,V,Henric,M,78,Pacific Islander,General Practice,False,9.0,36,0,0.52,0.9
618-62-6094,2023-05-05 01:49:00,B,Shrigley,M,27,Pacific Islander,Neurology,False,5.0,24,1,0.27999999999999997,0.5
284-29-1399,2023-09-04 16:31:00,C,O'Cannon,M,13,Pacific Islander,Neurology,False,5.0,31,0,0.42,0.5
420-73-7015,2023-10-11 08:23:00,T,Stenner,M,79,Pacific Islander,Neurology,False,5.0,15,0,0.09999999999999998,0.5
227-23-5068,2024-03-01 22:27:00,F,Faherty,M,78,Pacific Islander,No Referral,False,1.0,60,0,1.0,0.1
542-43-2204,2024-02-29 20:47:00,Z,Cottage,M,67,Pacific Islander,No Referral,False,1.0,14,0,0.08000000000000002,0.1
541-60-5377,2024-02-17 03:34:00,V,Quye,M,5,Pacific Islander,No Referral,False,3.0,28,0,0.36000000000000004,0.30000000000000004
389-46-5464,2024-10-11 00:27:00,F,Gateman,M,9,Pacific Islander,No Referral,False,4.0,39,0,0.5800000000000001,0.4
626-10-0620,2023-08-29 15:45:00,I,Duffitt,M,20,Pacific Islander,No Referral,False,4.0,44,0,0.6799999999999999,0.4
119-84-9558,2024-01-28 09:56:00,T,Drache,M,12,Pacific Islander,No Referral,False,4.0,39,0,0.5800000000000001,0.4
167-15-7518,2024-02-13 17:36:00,H,Coppenhall,M,73,Pacific Islander,No Referral,False,5.0,55,0,0.9000000000000001,0.5
755-92-1392,2023-07-23 12:33:00,P,MacKomb,M,57,Pacific Islander,No Referral,False,5.0,15,0,0.09999999999999998,0.5
651-08-2231,2024-02-04 09:40:00,Y,Joret,M,63,Pacific Islander,No Referral,False,6.0,44,0,0.6799999999999999,0.6000000000000001
783-71-2901,2023-11-04 08:17:00,Y,Prandy,M,31,Pacific Islander,No Referral,False,6.0,56,0,0.9200000000000002,0.6000000000000001
847-95-6147,2023-08-06 07:42:00,F,Kilgallen,M,9,Pacific Islander,No Referral,False,7.0,19,0,0.18,0.7000000000000001
236-48-3172,2024-09-12 22:16:00,I,Rubica,M,39,Pacific Islander,No Referral,False,7.0,35,0,0.5,0.7000000000000001
225-87-5051,2024-08-03 04:37:00,G,Swinfen,M,47,Pacific Islander,No Referral,False,8.0,13,0,0.06,0.8
218-28-1324,2024-03-17 02:03:00,J,Saunton,M,36,Pacific Islander,No Referral,False,9.0,58,0,0.96,0.9
257-71-5722,2024-07-31 00:53:00,M,Chrystie,M,13,Pacific Islander,No Referral,False,9.0,48,0,0.76,0.9
451-55-0085,2024-05-15 02:55:00,U,Izard,M,72,Pacific Islander,No Referral,False,10.0,29,0,0.37999999999999995,1.0
128-30-7104,2023-11-30 00:21:00,A,Grafhom,M,58,Pacific Islander,Orthopedics,False,5.0,56,0,0.9200000000000002,0.5
796-12-3706,2023-10-16 20:17:00,C,Burr,M,78,Pacific Islander,Orthopedics,False,5.0,43,0,0.6599999999999999,0.5
651-52-1504,2024-09-21 02:11:00,E,Brockley,M,15,Pacific Islander,Orthopedics,False,5.0,45,0,0.7,0.5
290-26-2181,2023-09-23 23:08:00,G,Ablitt,M,23,Pacific Islander,Orthopedics,False,5.0,27,0,0.34,0.5
783-94-4066,2023-09-19 08:20:00,G,Malkin,M,13,Pacific Islander,Orthopedics,False,5.0,46,0,0.72,0.5
141-16-6774,2024-10-28 21:50:00,M,Bakewell,M,51,Pacific Islander,Orthopedics,False,5.0,18,0,0.15999999999999998,0.5
420-49-1092,2023-11-08 13:38:00,N,Rubroe,M,70,Pacific Islander,Orthopedics,False,5.0,18,0,0.15999999999999998,0.5
729-26-8869,2023-06-21 03:25:00,N,Spurge,M,33,Pacific Islander,Orthopedics,False,5.0,25,0,0.3,0.5
804-80-4289,2024-01-07 22:32:00,Q,Lomax,M,63,Pacific Islander,Orthopedics,False,5.0,41,0,0.6200000000000001,0.5
226-26-8565,2024-05-22 18:30:00,R,Broadhurst,M,40,Pacific Islander,Orthopedics,False,5.0,51,0,0.8200000000000001,0.5
341-94-2072,2024-10-17 20:55:00,F,Fashion,M,49,Pacific Islander,Orthopedics,False,0.0,30,0,0.39999999999999997,0.0
504-59-9776,2023-05-06 07:07:00,P,Chavez,M,67,Pacific Islander,Physiotherapy,False,5.0,25,1,0.3,0.5
474-93-8205,2024-10-28 07:18:00,Q,Konke,M,58,Pacific Islander,Physiotherapy,False,5.0,53,0,0.8600000000000001,0.5
752-34-8096,2023-11-11 14:28:00,W,Burnet,M,57,Pacific Islander,Physiotherapy,False,5.0,59,0,0.98,0.5
532-37-4005,2023-06-16 03:27:00,Y,Harly,M,67,Pacific Islander,Physiotherapy,False,5.0,29,0,0.37999999999999995,0.5
510-24-2831,2023-09-08 20:55:00,M,Polino,M,79,Pacific Islander,Physiotherapy,False,9.0,27,0,0.34,0.9
316-76-8097,2024-07-07 06:05:00,A,Tevelov,M,35,Two or More Races,Cardiology,False,5.0,33,0,0.46,0.5
637-52-8720,2024-07-12 04:16:00,F,Gitthouse,M,61,Two or More Races,Cardiology,False,5.0,27,0,0.34,0.5
644-72-8499,2024-09-30 15:36:00,I,Witten,M,68,Two or More Races,Cardiology,False,5.0,17,0,0.14,0.5
839-52-8308,2024-06-12 16:42:00,L,Scanderet,M,32,Two or More Races,Cardiology,False,5.0,49,0,0.78,0.5
639-72-8897,2024-04-10 09:03:00,Q,Haslum,M,10,Two or More Races,Cardiology,False,5.0,19,0,0.18,0.5
246-91-3426,2024-05-21 08:26:00,Q,Betz,M,65,Two or More Races,Cardiology,False,5.0,44,0,0.6799999999999999,0.5
889-96-0276,2023-04-01 22:10:00,Q,Purseglove,M,10,Two or More Races,Cardiology,False,5.0,45,0,0.7,0.5
583-68-4800,2024-10-13 07:36:00,Q,Way,M,15,Two or More Races,Cardiology,False,5.0,51,0,0.8200000000000001,0.5
471-10-2260,2023-12-31 05:06:00,T,Carey,M,30,Two or More Races,Cardiology,False,5.0,14,0,0.08000000000000002,0.5
728-50-2926,2024-03-24 11:47:00,T,Rashleigh,M,49,Two or More Races,Cardiology,False,5.0,43,0,0.6599999999999999,0.5
206-57-4155,2023-12-19 22:41:00,X,Belle,M,49,Two or More Races,Cardiology,False,5.0,29,0,0.37999999999999995,0.5
237-05-9734,2024-07-23 04:57:00,E,Forsdike,M,37,Two or More Races,Cardiology,False,3.0,12,0,0.03999999999999998,0.30000000000000004
506-63-9917,2023-11-19 02:39:00,S,Peniman,M,47,Two or More Races,Cardiology,False,6.0,51,0,0.8200000000000001,0.6000000000000001
269-42-7536,2024-02-29 23:12:00,S,Rate,M,15,Two or More Races,Cardiology,False,7.0,33,0,0.46,0.7000000000000001
729-22-1036,2023-05-18 04:06:00,R,Jozefczak,M,23,Two or More Races,Cardiology,False,8.0,16,1,0.12,0.8
311-54-5268,2024-05-13 14:30:00,T,Ware,M,45,Two or More Races,Cardiology,False,8.0,30,0,0.39999999999999997,0.8
567-79-4489,2024-10-29 18:51:00,S,Zelley,M,3,Two or More Races,Cardiology,False,9.0,40,0,0.6000000000000001,0.9
604-67-4072,2024-07-06 04:04:00,G,Comiam,M,55,Two or More Races,Gastroenterology,False,5.0,43,0,0.6599999999999999,0.5
327-39-0494,2024-09-03 03:52:00,H,Wharby,M,19,Two or More Races,Gastroenterology,False,5.0,17,0,0.14,0.5
571-03-9350,2024-09-15 04:41:00,O,Dounbare,M,66,Two or More Races,Gastroenterology,False,5.0,37,0,0.54,0.5
774-05-5714,2024-08-01 17:41:00,U,Mariette,M,31,Two or More Races,Gastroenterology,False,5.0,20,0,0.2,0.5
354-05-8896,2024-10-01 08:31:00,V,Gorrissen,M,36,Two or More Races,Gastroenterology,False,5.0,33,0,0.46,0.5
609-61-5196,2023-11-02 14:42:00,M,Knowlson,M,43,Two or More Races,Gastroenterology,False,9.0,39,0,0.5800000000000001,0.9
710-08-1839,2024-09-20 13:49:00,A,Hourstan,M,11,Two or More Races,General Practice,False,5.0,17,0,0.14,0.5
669-23-3949,2024-08-01 10:21:00,A,Gadsdon,M,7,Two or More Races,General Practice,False,5.0,32,0,0.44,0.5
127-74-5580,2024-05-27 04:02:00,B,Lambswood,M,17,Two or More Races,General Practice,False,5.0,10,0,0.0,0.5
534-18-3151,2023-12-03 01:48:00,B,Collibear,M,67,Two or More Races,General Practice,False,5.0,37,0,0.54,0.5
758-21-5102,2024-05-24 14:58:00,B,Schwandermann,M,33,Two or More Races,General Practice,False,5.0,39,0,0.5800000000000001,0.5
523-65-6493,2024-06-28 01:56:00,B,Hulk,M,26,Two or More Races,General Practice,False,5.0,40,0,0.6000000000000001,0.5
796-69-6311,2023-08-12 15:48:00,B,Heffer,M,62,Two or More Races,General Practice,False,5.0,44,0,0.6799999999999999,0.5
153-10-3389,2023-12-01 06:34:00,B,Ruzek,M,12,Two or More Races,General Practice,False,5.0,59,0,0.98,0.5
159-05-9428,2024-05-31 03:47:00,E,Bartolomieu,M,62,Two or More Races,General Practice,False,5.0,25,0,0.3,0.5
751-78-5779,2023-08-22 07:27:00,F,Orehead,M,71,Two or More Races,General Practice,False,5.0,60,0,1.0,0.5
648-17-3878,2024-06-26 18:51:00,G,Penkman,M,24,Two or More Races,General Practice,False,5.0,11,0,0.01999999999999999,0.5
109-22-5491,2024-06-26 13:41:00,G,Reisenstein,M,39,Two or More Races,General Practice,False,5.0,53,0,0.8600000000000001,0.5
781-15-8827,2023-09-29 02:51:00,H,Steptow,M,18,Two or More Races,General Practice,False,5.0,29,0,0.37999999999999995,0.5
308-38-1759,2024-06-13 20:52:00,I,Oliveira,M,79,Two or More Races,General Practice,False,5.0,18,0,0.15999999999999998,0.5
495-09-1764,2023-09-08 23:31:00,I,Bocken,M,4,Two or More Races,General Practice,False,5.0,21,0,0.21999999999999997,0.5
169-41-1872,2023-12-10 13:07:00,I,Ketchaside,M,61,Two or More Races,General Practice,False,5.0,23,0,0.26,0.5
536-91-2898,2023-04-29 11:29:00,I,Leathem,M,31,Two or More Races,General Practice,False,5.0,27,0,0.34,0.5
846-40-7635,2023-04-06 20:41:00,K,Fern,M,3,Two or More Races,General Practice,False,5.0,26,0,0.32,0.5
696-25-8164,2024-06-09 23:24:00,K,Evreux,M,22,Two or More Races,General Practice,False,5.0,35,0,0.5,0.5
455-86-5550,2023-08-30 02:31:00,K,Deveraux,M,41,Two or More Races,General Practice,False,5.0,55,0,0.9000000000000001,0.5
556-45-4348,2024-08-01 13:39:00,L,Curd,M,15,Two or More Races,General Practice,False,5.0,16,0,0.12,0.5
505-43-6760,2023-09-02 11:06:00,L,Ramelet,M,48,Two or More Races,General Practice,False,5.0,55,0,0.9000000000000001,0.5
334-42-8970,2023-12-20 05:06:00,M,Burnie,M,25,Two or More Races,General Practice,False,5.0,15,0,0.09999999999999998,0.5
620-35-3794,2023-11-07 00:21:00,M,Kubelka,M,35,Two or More Races,General Practice,False,5.0,37,0,0.54,0.5
291-90-1058,2023-10-01 05:38:00,M,Connell,M,8,Two or More Races,General Practice,False,5.0,55,0,0.9000000000000001,0.5
151-79-4805,2023-08-11 23:19:00,N,Monelle,M,48,Two or More Races,General Practice,False,5.0,26,0,0.32,0.5
468-54-8320,2024-05-01 23:12:00,N,Swindall,M,50,Two or More Races,General Practice,False,5.0,27,0,0.34,0.5
337-54-0640,2024-03-28 06:24:00,N,Skeech,M,64,Two or More Races,General Practice,False,5.0,52,0,0.8400000000000001,0.5
695-96-3968,2023-05-08 21:20:00,N,Jimson,M,62,Two or More Races,General Practice,False,5.0,54,1,0.8800000000000001,0.5
823-21-4024,2024-06-27 19:41:00,O,Lukasen,M,14,Two or More Races,General Practice,False,5.0,38,0,0.56,0.5
458-99-8740,2023-04-26 16:43:00,P,Fountain,M,61,Two or More Races,General Practice,False,5.0,28,0,0.36000000000000004,0.5
326-32-9009,2024-08-11 05:05:00,Q,Brechin,M,4,Two or More Races,General Practice,False,5.0,25,0,0.3,0.5
772-30-5939,2023-09-26 07:46:00,Q,Cluderay,M,22,Two or More Races,General Practice,False,5.0,37,0,0.54,0.5
327-01-6909,2024-09-01 06:32:00,R,Oldfield,M,77,Two or More Races,General Practice,False,5.0,38,0,0.56,0.5
586-06-0042,2024-05-01 04:50:00,S,Wickendon,M,21,Two or More Races,General Practice,False,5.0,22,0,0.24,0.5
633-24-7176,2023-12-05 00:08:00,S,Almon,M,57,Two or More Races,General Practice,False,5.0,28,0,0.36000000000000004,0.5
621-04-1236,2023-07-31 21:17:00,S,Shobbrook,M,35,Two or More Races,General Practice,False,5.0,54,0,0.8800000000000001,0.5
461-42-4480,2023-08-12 02:11:00,T,Jimmes,M,68,Two or More Races,General Practice,False,5.0,17,0,0.14,0.5
470-13-8720,2024-03-16 06:26:00,T,Fido,M,62,Two or More Races,General Practice,False,5.0,18,0,0.15999999999999998,0.5
730-82-2040,2024-02-05 19:18:00,T,Becconsall,M,70,Two or More Races,General Practice,False,5.0,28,0,0.36000000000000004,0.5
716-69-2537,2023-10-21 07:39:00,T,Reubens,M,33,Two or More Races,General Practice,False,5.0,32,0,0.44,0.5
784-23-5193,2023-08-07 03:22:00,T,Dalmon,M,18,Two or More Races,General Practice,False,5.0,38,0,0.56,0.5
575-35-1820,2024-07-02 20:27:00,T,Wyllcock,M,22,Two or More Races,General Practice,False,5.0,44,0,0.6799999999999999,0.5
322-21-8317,2024-09-07 23:19:00,T,Lile,M,23,Two or More Races,General Practice,False,5.0,58,0,0.96,0.5
891-04-3560,2023-09-29 04:58:00,V,Greaser,M,65,Two or More Races,General Practice,False,5.0,43,0,0.6599999999999999,0.5
248-90-1365,2023-11-21 04:42:00,V,Kobpal,M,65,Two or More Races,General Practice,False,5.0,45,0,0.7,0.5
687-78-6410,2024-10-24 18:17:00,V,Rodder,M,9,Two or More Races,General Practice,False,5.0,50,0,0.8,0.5
583-85-8092,2023-04-13 21:04:00,V,Nickerson,M,36,Two or More Races,General Practice,False,5.0,54,0,0.8800000000000001,0.5
442-15-0286,2024-10-22 23:07:00,W,Lyosik,M,71,Two or More Races,General Practice,False,5.0,34,0,0.48000000000000004,0.5
801-82-1101,2023-08-09 17:05:00,W,Pamment,M,5,Two or More Races,General Practice,False,5.0,46,0,0.72,0.5
577-99-1334,2024-02-26 04:24:00,W,Haslum,M,58,Two or More Races,General Practice,False,5.0,59,0,0.98,0.5
535-11-6082,2024-05-27 07:49:00,X,Grout,M,78,Two or More Races,General Practice,False,5.0,53,0,0.8600000000000001,0.5
547-68-7669,2023-04-12 05:06:00,Y,Hurn,M,6,Two or More Races,General Practice,False,5.0,45,0,0.7,0.5
808-37-0659,2023-09-10 00:59:00,Y,Anfusso,M,38,Two or More Races,General Practice,False,5.0,46,0,0.72,0.5
700-13-0524,2024-06-10 00:44:00,Z,Surphliss,M,74,Two or More Races,General Practice,False,5.0,26,0,0.32,0.5
625-15-3474,2024-02-05 08:54:00,Z,Kittles,M,11,Two or More Races,General Practice,False,5.0,32,0,0.44,0.5
723-21-0173,2023-08-17 17:15:00,Z,Dudny,M,26,Two or More Races,General Practice,False,5.0,52,0,0.8400000000000001,0.5
877-20-8814,2023-04-20 23:25:00,N,Miroy,M,4,Two or More Races,General Practice,False,0.0,60,0,1.0,0.0
684-69-6166,2023-12-20 05:27:00,R,Dacre,M,21,Two or More Races,General Practice,False,0.0,44,0,0.6799999999999999,0.0
722-95-5362,2023-08-04 01:09:00,Q,Ghirardi,M,45,Two or More Races,General Practice,False,1.0,43,0,0.6599999999999999,0.1
657-23-9149,2024-05-18 21:15:00,S,Brantl,M,75,Two or More Races,General Practice,False,1.0,34,0,0.48000000000000004,0.1
564-46-5874,2024-04-26 18:25:00,C,Reavey,M,72,Two or More Races,General Practice,False,2.0,55,0,0.9000000000000001,0.2
645-04-1339,2024-07-30 05:19:00,E,Whetnell,M,64,Two or More Races,General Practice,False,2.0,40,0,0.6000000000000001,0.2
351-19-3715,2023-10-21 20:42:00,F,Gregson,M,71,Two or More Races,General Practice,False,2.0,18,0,0.15999999999999998,0.2
826-96-7716,2024-06-09 02:18:00,B,Twiggs,M,78,Two or More Races,General Practice,False,3.0,60,0,1.0,0.30000000000000004
285-30-3138,2023-05-26 17:42:00,N,McKeney,M,32,Two or More Races,General Practice,False,3.0,17,1,0.14,0.30000000000000004
385-18-5423,2023-10-26 13:26:00,C,Naulty,M,14,Two or More Races,General Practice,False,4.0,59,0,0.98,0.4
494-79-9100,2023-12-10 19:27:00,U,Cator,M,64,Two or More Races,General Practice,False,4.0,53,0,0.8600000000000001,0.4
447-24-8349,2024-07-01 11:50:00,W,De Vuyst,M,29,Two or More Races,General Practice,False,4.0,18,0,0.15999999999999998,0.4
662-52-4940,2023-06-03 15:13:00,L,Hume,M,68,Two or More Races,General Practice,False,6.0,30,0,0.39999999999999997,0.6000000000000001
760-91-8824,2024-03-07 00:48:00,R,Toogood,M,46,Two or More Races,General Practice,False,6.0,57,0,0.9400000000000002,0.6000000000000001
431-88-1973,2024-09-03 22:06:00,A,Rowbottam,M,20,Two or More Races,General Practice,False,7.0,45,0,0.7,0.7000000000000001
667-17-4571,2024-03-15 13:34:00,X,Lantoph,M,69,Two or More Races,General Practice,False,7.0,11,0,0.01999999999999999,0.7000000000000001
145-60-1945,2024-01-16 23:26:00,A,Leedal,M,76,Two or More Races,General Practice,False,8.0,53,0,0.8600000000000001,0.8
676-41-8623,2023-11-26 07:30:00,C,Inder,M,52,Two or More Races,General Practice,False,9.0,37,0,0.54,0.9
304-19-1206,2023-04-27 10:32:00,C,Lilion,M,70,Two or More Races,General Practice,False,9.0,44,0,0.6799999999999999,0.9
136-49-6777,2023-06-29 09:04:00,P,Dmiterko,M,28,Two or More Races,General Practice,False,9.0,28,0,0.36000000000000004,0.9
370-89-4668,2023-08-24 02:47:00,P,Gingle,M,20,Two or More Races,General Practice,False,9.0,55,0,0.9000000000000001,0.9
770-53-0226,2024-04-14 08:35:00,A,Yaneev,M,57,Two or More Races,General Practice,False,10.0,25,0,0.3,1.0
602-51-2635,2023-06-11 13:35:00,H,Ruskin,M,29,Two or More Races,Neurology,False,5.0,57,0,0.9400000000000002,0.5
852-67-0616,2024-06-29 04:26:00,P,Le Blond,M,57,Two or More Races,Neurology,False,5.0,27,0,0.34,0.5
410-03-2700,2024-10-11 15:27:00,S,Hempshall,M,8,Two or More Races,Neurology,False,5.0,29,0,0.37999999999999995,0.5
825-31-1708,2024-08-28 12:11:00,V,Pleasance,M,46,Two or More Races,Neurology,False,5.0,58,0,0.96,0.5
352-97-4533,2023-05-22 18:06:00,X,Bedbury,M,46,Two or More Races,Neurology,False,1.0,20,1,0.2,0.1
555-84-6544,2024-02-24 10:32:00,B,Akett,M,71,Two or More Races,No Referral,False,0.0,53,0,0.8600000000000001,0.0
457-33-9645,2024-06-13 09:06:00,K,Paliser,M,11,Two or More Races,No Referral,False,0.0,21,0,0.21999999999999997,0.0
530-09-7689,2024-05-29 23:07:00,K,Osichev,M,24,Two or More Races,No Referral,False,0.0,40,0,0.6000000000000001,0.0
174-30-4861,2024-08-29 04:19:00,L,Pischel,M,45,Two or More Races,No Referral,False,0.0,11,0,0.01999999999999999,0.0
617-12-0398,2024-07-23 06:59:00,O,Malthouse,M,16,Two or More Races,No Referral,False,0.0,60,0,1.0,0.0
163-42-7259,2024-10-06 02:51:00,S,Jaimez,M,76,Two or More Races,No Referral,False,0.0,27,0,0.34,0.0
187-97-2013,2024-07-10 06:10:00,T,Gerault,M,65,Two or More Races,No Referral,False,0.0,47,0,0.74,0.0
431-43-7748,2024-09-23 04:42:00,B,Slocket,M,31,Two or More Races,No Referral,False,1.0,47,0,0.74,0.1
171-54-6595,2024-04-06 14:11:00,D,Dragon,M,77,Two or More Races,No Referral,False,1.0,39,0,0.5800000000000001,0.1
856-41-7474,2024-04-29 05:44:00,G,Olivas,M,51,Two or More Races,No Referral,False,1.0,56,0,0.9200000000000002,0.1
790-80-4467,2023-04-20 02:29:00,J,Kingsnoad,M,6,Two or More Races,No Referral,False,1.0,26,0,0.32,0.1
680-09-8962,2024-01-20 00:38:00,O,Stribling,M,13,Two or More Races,No Referral,False,1.0,60,0,1.0,0.1
431-94-9771,2024-09-21 21:29:00,P,McKnish,M,54,Two or More Races,No Referral,False,1.0,26,0,0.32,0.1
781-05-2472,2023-10-15 21:18:00,Q,Baird,M,32,Two or More Races,No Referral,False,1.0,41,0,0.6200000000000001,0.1
514-54-2083,2024-03-12 08:48:00,U,Pelerin,M,4,Two or More Races,No Referral,False,1.0,53,0,0.8600000000000001,0.1
539-78-6123,2024-06-25 10:03:00,H,Swine,M,72,Two or More Races,No Referral,False,2.0,52,0,0.8400000000000001,0.2
674-56-8811,2023-05-02 13:26:00,P,Predohl,M,55,Two or More Races,No Referral,False,2.0,55,1,0.9000000000000001,0.2
150-50-7478,2023-11-24 02:51:00,B,Garth,M,59,Two or More Races,No Referral,False,3.0,33,0,0.46,0.30000000000000004
715-04-2060,2023-10-29 16:14:00,C,Ogborn,M,3,Two or More Races,No Referral,False,3.0,30,0,0.39999999999999997,0.30000000000000004
492-48-0459,2023-04-16 00:48:00,D,Brandom,M,12,Two or More Races,No Referral,False,3.0,15,0,0.09999999999999998,0.30000000000000004
402-78-2438,2023-05-23 11:46:00,G,Doubleday,M,67,Two or More Races,No Referral,False,3.0,15,1,0.09999999999999998,0.30000000000000004
425-15-8705,2023-06-24 02:24:00,H,Van de Velde,M,47,Two or More Races,No Referral,False,3.0,51,0,0.8200000000000001,0.30000000000000004
496-65-4747,2024-03-25 07:49:00,U,Cowin,M,78,Two or More Races,No Referral,False,3.0,15,0,0.09999999999999998,0.30000000000000004
758-16-8254,2024-09-14 14:43:00,G,Angove,M,5,Two or More Races,No Referral,False,4.0,44,0,0.6799999999999999,0.4
861-79-7549,2024-07-14 12:51:00,H,MacHarg,M,71,Two or More Races,No Referral,False,4.0,58,0,0.96,0.4
630-69-5811,2023-05-23 21:13:00,I,Drewett,M,25,Two or More Races,No Referral,False,4.0,24,1,0.27999999999999997,0.4
724-10-8138,2023-10-29 04:25:00,N,Waple,M,45,Two or More Races,No Referral,False,4.0,50,0,0.8,0.4
112-60-3884,2024-08-27 19:53:00,X,Kelledy,M,57,Two or More Races,No Referral,False,4.0,50,0,0.8,0.4
296-05-6177,2023-06-05 00:27:00,H,Aylesbury,M,11,Two or More Races,No Referral,False,5.0,36,0,0.52,0.5
806-35-1624,2024-02-03 03:22:00,K,Thickins,M,18,Two or More Races,No Referral,False,5.0,23,0,0.26,0.5
683-75-7436,2023-10-26 23:20:00,Q,Zavattero,M,73,Two or More Races,No Referral,False,5.0,53,0,0.8600000000000001,0.5
793-82-0278,2024-05-22 22:46:00,T,Kettle,M,76,Two or More Races,No Referral,False,5.0,40,0,0.6000000000000001,0.5
543-31-9504,2024-01-21 13:11:00,X,Gleeton,M,69,Two or More Races,No Referral,False,5.0,15,0,0.09999999999999998,0.5
571-28-4395,2024-03-07 22:02:00,Z,Twatt,M,44,Two or More Races,No Referral,False,5.0,29,0,0.37999999999999995,0.5
251-44-9574,2024-08-15 22:13:00,E,Sprake,M,44,Two or More Races,No Referral,False,6.0,33,0,0.46,0.6000000000000001
776-02-2598,2024-09-30 16:57:00,E,Ogle,M,42,Two or More Races,No Referral,False,6.0,41,0,0.6200000000000001,0.6000000000000001
754-49-7731,2024-01-17 06:16:00,H,Tonbridge,M,32,Two or More Races,No Referral,False,6.0,28,0,0.36000000000000004,0.6000000000000001
512-19-6052,2023-09-17 17:21:00,H,Penrith,M,2,Two or More Races,No Referral,False,6.0,55,0,0.9000000000000001,0.6000000000000001
818-40-2922,2023-11-15 12:11:00,P,Queen,M,20,Two or More Races,No Referral,False,6.0,31,0,0.42,0.6000000000000001
460-51-5878,2024-05-14 13:25:00,B,Gilchrest,M,58,Two or More Races,No Referral,False,7.0,10,0,0.0,0.7000000000000001
493-10-1682,2024-02-01 16:41:00,M,Akroyd,M,15,Two or More Races,No Referral,False,7.0,37,0,0.54,0.7000000000000001
422-64-5062,2023-12-15 14:46:00,T,Deveraux,M,71,Two or More Races,No Referral,False,7.0,15,0,0.09999999999999998,0.7000000000000001
830-19-4776,2023-07-13 23:05:00,U,Spray,M,77,Two or More Races,No Referral,False,7.0,29,0,0.37999999999999995,0.7000000000000001
857-69-5508,2023-08-04 01:24:00,Z,Tiffney,M,15,Two or More Races,No Referral,False,7.0,55,0,0.9000000000000001,0.7000000000000001
476-55-5109,2024-01-06 08:25:00,Z,Broxholme,M,28,Two or More Races,No Referral,False,7.0,60,0,1.0,0.7000000000000001
757-23-1659,2024-01-10 15:24:00,E,Orpwood,M,17,Two or More Races,No Referral,False,8.0,47,0,0.74,0.8
880-55-7692,2024-03-29 16:19:00,J,Plumm,M,52,Two or More Races,No Referral,False,8.0,17,0,0.14,0.8
104-76-6945,2024-07-07 06:32:00,O,Brigden,M,56,Two or More Races,No Referral,False,8.0,13,0,0.06,0.8
419-53-5282,2023-04-10 04:38:00,R,Philippon,M,52,Two or More Races,No Referral,False,9.0,30,0,0.39999999999999997,0.9
283-50-3153,2023-06-26 15:44:00,G,Di Claudio,M,39,Two or More Races,No Referral,False,10.0,36,0,0.52,1.0
741-46-3329,2024-03-19 03:28:00,J,Knolles-Green,M,18,Two or More Races,No Referral,False,10.0,47,0,0.74,1.0
507-87-0166,2024-03-22 17:03:00,T,Plevin,M,2,Two or More Races,No Referral,False,10.0,14,0,0.08000000000000002,1.0
715-73-6259,2024-02-04 07:00:00,A,Mc Gorley,M,24,Two or More Races,Orthopedics,False,5.0,30,0,0.39999999999999997,0.5
536-83-0771,2023-08-10 13:08:00,D,Antley,M,16,Two or More Races,Orthopedics,False,5.0,55,0,0.9000000000000001,0.5
176-93-9459,2023-05-05 13:59:00,E,Portugal,M,54,Two or More Races,Orthopedics,False,5.0,29,1,0.37999999999999995,0.5
705-06-3874,2024-08-26 18:23:00,F,Schurcke,M,79,Two or More Races,Orthopedics,False,5.0,18,0,0.15999999999999998,0.5
848-51-5434,2024-01-14 11:35:00,F,Skilton,M,62,Two or More Races,Orthopedics,False,5.0,50,0,0.8,0.5
152-67-4247,2023-10-25 18:24:00,G,Domenichelli,M,15,Two or More Races,Orthopedics,False,5.0,19,0,0.18,0.5
871-56-7981,2023-04-12 23:13:00,H,Landy,M,33,Two or More Races,Orthopedics,False,5.0,43,0,0.6599999999999999,0.5
594-57-8538,2023-11-17 15:45:00,J,Daynter,M,36,Two or More Races,Orthopedics,False,5.0,30,0,0.39999999999999997,0.5
644-37-7174,2024-08-08 01:32:00,K,Hornig,M,25,Two or More Races,Orthopedics,False,5.0,44,0,0.6799999999999999,0.5
776-13-4447,2024-07-30 23:13:00,M,Curness,M,16,Two or More Races,Orthopedics,False,5.0,33,0,0.46,0.5
389-53-3260,2024-02-10 10:19:00,N,Dudliston,M,76,Two or More Races,Orthopedics,False,5.0,34,0,0.48000000000000004,0.5
542-46-7781,2023-06-26 13:04:00,P,Pringour,M,66,Two or More Races,Orthopedics,False,5.0,19,0,0.18,0.5
257-30-3026,2023-06-30 02:59:00,Q,Bonaire,M,62,Two or More Races,Orthopedics,False,5.0,47,0,0.74,0.5
427-28-6383,2024-05-12 07:12:00,S,Gallafant,M,73,Two or More Races,Orthopedics,False,5.0,15,0,0.09999999999999998,0.5
672-75-7086,2024-01-07 11:35:00,S,McCaughan,M,55,Two or More Races,Orthopedics,False,5.0,56,0,0.9200000000000002,0.5
433-77-2388,2024-03-03 02:03:00,T,Robottom,M,1,Two or More Races,Orthopedics,False,5.0,30,0,0.39999999999999997,0.5
319-25-3554,2023-09-19 21:04:00,T,Baelde,M,38,Two or More Races,Orthopedics,False,5.0,60,0,1.0,0.5
849-30-0675,2024-08-21 04:20:00,U,Fitzsimon,M,35,Two or More Races,Orthopedics,False,5.0,15,0,0.09999999999999998,0.5
488-61-3428,2024-01-08 14:12:00,U,Yegorchenkov,M,73,Two or More Races,Orthopedics,False,5.0,38,0,0.56,0.5
161-62-6037,2023-09-06 18:40:00,V,Nyles,M,38,Two or More Races,Orthopedics,False,5.0,48,0,0.76,0.5
204-94-7733,2023-04-11 22:55:00,V,Newband,M,50,Two or More Races,Orthopedics,False,5.0,51,0,0.8200000000000001,0.5
372-50-6699,2024-02-27 16:24:00,X,Lutas,M,41,Two or More Races,Orthopedics,False,5.0,48,0,0.76,0.5
209-23-9967,2023-05-04 16:37:00,P,Yoslowitz,M,66,Two or More Races,Orthopedics,False,0.0,16,1,0.12,0.0
652-27-0238,2023-09-06 22:49:00,A,Filisov,M,64,Two or More Races,Orthopedics,False,2.0,35,0,0.5,0.2
163-72-8040,2023-10-18 11:09:00,V,Blueman,M,54,Two or More Races,Orthopedics,False,3.0,47,0,0.74,0.30000000000000004
531-98-0661,2023-07-04 15:59:00,A,Punt,M,52,Two or More Races,Orthopedics,False,4.0,13,0,0.06,0.4
886-10-5724,2023-10-13 05:58:00,O,Wittering,M,13,Two or More Races,Orthopedics,False,4.0,24,0,0.27999999999999997,0.4
439-17-0103,2023-04-14 01:26:00,F,Cuseick,M,78,Two or More Races,Orthopedics,False,6.0,10,0,0.0,0.6000000000000001
722-78-9494,2024-05-04 23:27:00,S,Blackstone,M,51,Two or More Races,Orthopedics,False,6.0,60,0,1.0,0.6000000000000001
480-93-4605,2024-04-07 23:08:00,T,Monro,M,24,Two or More Races,Orthopedics,False,7.0,44,0,0.6799999999999999,0.7000000000000001
492-80-1890,2023-10-16 20:04:00,N,O'Teague,M,47,Two or More Races,Orthopedics,False,8.0,15,0,0.09999999999999998,0.8
896-38-1209,2024-03-20 18:30:00,C,Killiner,M,10,Two or More Races,Orthopedics,False,9.0,20,0,0.2,0.9
399-06-7105,2023-09-28 19:09:00,G,Merrigans,M,73,Two or More Races,Physiotherapy,False,5.0,44,0,0.6799999999999999,0.5
110-19-5907,2024-01-07 02:56:00,M,Lorentzen,M,7,Two or More Races,Physiotherapy,False,5.0,46,0,0.72,0.5
433-06-4961,2023-07-19 23:32:00,R,Grigorian,M,30,Two or More Races,Physiotherapy,False,5.0,32,0,0.44,0.5
547-05-3726,2023-06-04 03:07:00,V,Oakden,M,14,Two or More Races,Physiotherapy,False,5.0,43,0,0.6599999999999999,0.5
460-31-7684,2024-06-17 08:09:00,X,Stoffers,M,73,Two or More Races,Physiotherapy,False,5.0,29,0,0.37999999999999995,0.5
111-36-1435,2024-04-15 12:27:00,V,Giorgietto,M,6,Two or More Races,Physiotherapy,False,4.0,41,0,0.6200000000000001,0.4
877-36-0019,2024-04-29 18:23:00,W,Onions,M,41,Two or More Races,Physiotherapy,False,4.0,49,0,0.78,0.4
866-31-3592,2024-07-27 12:53:00,T,Colegate,M,19,Two or More Races,Physiotherapy,False,7.0,16,0,0.12,0.7000000000000001
625-05-0578,2023-07-29 21:54:00,O,McAree,M,63,Two or More Races,Physiotherapy,False,9.0,27,0,0.34,0.9
496-05-7135,2024-02-20 20:36:00,Q,Trayte,M,19,Two or More Races,Renal,False,5.0,24,0,0.27999999999999997,0.5
618-42-5655,2023-10-22 04:45:00,N,Guisby,M,37,Two or More Races,Renal,False,4.0,19,0,0.18,0.4
138-04-7377,2024-03-09 03:07:00,A,O'Dyvoy,M,61,White,Cardiology,False,5.0,45,0,0.7,0.5
195-51-1109,2024-06-30 18:39:00,D,Earpe,M,63,White,Cardiology,False,5.0,60,0,1.0,0.5
860-46-7659,2023-07-24 08:47:00,J,Keeves,M,56,White,Cardiology,False,5.0,37,0,0.54,0.5
176-32-3686,2023-04-08 21:43:00,N,Brimson,M,26,White,Cardiology,False,5.0,10,0,0.0,0.5
782-62-9612,2023-11-17 06:39:00,S,Frankcom,M,51,White,Cardiology,False,5.0,26,0,0.32,0.5
353-25-3957,2024-01-01 23:01:00,S,Levermore,M,19,White,Cardiology,False,5.0,34,0,0.48000000000000004,0.5
614-43-7853,2024-04-10 19:34:00,Y,Siggin,M,34,White,Cardiology,False,5.0,41,0,0.6200000000000001,0.5
214-94-6329,2023-11-21 13:59:00,K,Le feuvre,M,27,White,Cardiology,False,0.0,58,0,0.96,0.0
380-61-4131,2023-09-22 19:11:00,F,Alishoner,M,64,White,Cardiology,False,1.0,14,0,0.08000000000000002,0.1
773-71-6564,2023-07-06 23:07:00,M,Imorts,M,79,White,Cardiology,False,4.0,32,0,0.44,0.4
405-19-7318,2023-05-19 14:01:00,K,Jandl,M,53,White,Cardiology,False,6.0,35,1,0.5,0.6000000000000001
328-12-4206,2024-10-01 15:44:00,K,Bexon,M,1,White,Cardiology,False,7.0,11,0,0.01999999999999999,0.7000000000000001
572-35-3820,2024-07-22 18:15:00,L,Ferran,M,42,White,Cardiology,False,7.0,41,0,0.6200000000000001,0.7000000000000001
193-43-6202,2023-04-06 02:00:00,D,Jon,M,79,White,Gastroenterology,False,5.0,13,0,0.06,0.5
290-84-6074,2024-10-17 02:38:00,H,Parradice,M,79,White,Gastroenterology,False,5.0,50,0,0.8,0.5
228-33-1858,2024-06-25 18:20:00,K,Sharrier,M,46,White,Gastroenterology,False,5.0,60,0,1.0,0.5
476-98-6877,2023-11-16 10:13:00,L,Gonsalvo,M,20,White,Gastroenterology,False,5.0,32,0,0.44,0.5
791-80-0710,2023-08-08 22:39:00,P,Ailward,M,24,White,Gastroenterology,False,5.0,49,0,0.78,0.5
232-46-5874,2024-03-01 10:15:00,X,Wilse,M,39,White,Gastroenterology,False,5.0,37,0,0.54,0.5
472-84-3017,2024-05-27 00:33:00,Y,Pistol,M,18,White,Gastroenterology,False,5.0,45,0,0.7,0.5
156-79-3301,2024-09-14 18:45:00,I,Leadbitter,M,33,White,Gastroenterology,False,1.0,14,0,0.08000000000000002,0.1
393-93-3535,2023-12-25 16:28:00,G,Rechert,M,38,White,Gastroenterology,False,6.0,56,0,0.9200000000000002,0.6000000000000001
688-25-2615,2024-09-12 10:47:00,A,Birbeck,M,44,White,General Practice,False,5.0,33,0,0.46,0.5
820-83-9876,2024-03-10 22:11:00,A,Castelyn,M,62,White,General Practice,False,5.0,33,0,0.46,0.5
884-57-5845,2024-02-28 10:41:00,A,Milner,M,8,White,General Practice,False,5.0,39,0,0.5800000000000001,0.5
442-19-3458,2023-10-25 08:45:00,B,Passman,M,26,White,General Practice,False,5.0,16,0,0.12,0.5
679-06-4862,2023-07-09 10:33:00,B,Meas,M,39,White,General Practice,False,5.0,58,0,0.96,0.5
871-63-8322,2024-09-12 21:12:00,C,Lawlie,M,74,White,General Practice,False,5.0,10,0,0.0,0.5
192-73-1375,2024-04-19 15:15:00,C,Barensen,M,32,White,General Practice,False,5.0,15,0,0.09999999999999998,0.5
480-83-8725,2024-01-12 18:01:00,C,Colleck,M,1,White,General Practice,False,5.0,25,0,0.3,0.5
710-62-3265,2023-06-18 12:46:00,C,Alenikov,M,48,White,General Practice,False,5.0,26,0,0.32,0.5
873-71-0439,2024-02-14 04:32:00,C,Littefair,M,1,White,General Practice,False,5.0,54,0,0.8800000000000001,0.5
454-11-9188,2024-06-17 10:22:00,D,Ballin,M,73,White,General Practice,False,5.0,24,0,0.27999999999999997,0.5
737-43-6461,2024-03-04 01:40:00,D,McRuvie,M,19,White,General Practice,False,5.0,39,0,0.5800000000000001,0.5
744-75-4100,2024-07-05 02:15:00,E,Brumbie,M,25,White,General Practice,False,5.0,11,0,0.01999999999999999,0.5
730-17-0598,2024-06-19 11:20:00,E,Janas,M,15,White,General Practice,False,5.0,12,0,0.03999999999999998,0.5
789-85-5518,2024-07-20 08:32:00,E,McLagan,M,56,White,General Practice,False,5.0,14,0,0.08000000000000002,0.5
562-52-4808,2024-08-24 02:08:00,E,Ranfield,M,54,White,General Practice,False,5.0,21,0,0.21999999999999997,0.5
585-41-4703,2024-01-31 10:37:00,E,Videan,M,58,White,General Practice,False,5.0,25,0,0.3,0.5
506-64-0596,2024-07-12 02:58:00,F,Mussen,M,18,White,General Practice,False,5.0,48,0,0.76,0.5
625-63-4515,2023-12-21 20:26:00,F,Merriment,M,57,White,General Practice,False,5.0,52,0,0.8400000000000001,0.5
455-48-1591,2024-03-06 23:27:00,G,Adolfsen,M,78,White,General Practice,False,5.0,10,0,0.0,0.5
834-85-5897,2023-12-19 18:15:00,G,Jindracek,M,38,White,General Practice,False,5.0,20,0,0.2,0.5
759-80-0475,2024-05-11 21:50:00,G,Gould,M,51,White,General Practice,False,5.0,27,0,0.34,0.5
234-08-8186,2024-04-30 22:57:00,G,Gillaspy,M,14,White,General Practice,False,5.0,32,0,0.44,0.5
725-56-0226,2024-01-17 09:51:00,G,Zielinski,M,47,White,General Practice,False,5.0,35,0,0.5,0.5
605-04-8828,2024-04-04 21:48:00,G,Doole,M,41,White,General Practice,False,5.0,38,0,0.56,0.5
639-36-5043,2023-04-08 12:04:00,H,Rayne,M,68,White,General Practice,False,5.0,22,0,0.24,0.5
138-52-2171,2024-03-28 12:57:00,H,Banger,M,77,White,General Practice,False,5.0,31,0,0.42,0.5
293-76-2040,2024-04-11 01:26:00,I,Samet,M,26,White,General Practice,False,5.0,22,0,0.24,0.5
248-98-7235,2023-08-23 16:41:00,J,Shaplin,M,21,White,General Practice,False,5.0,15,0,0.09999999999999998,0.5
496-05-4044,2024-03-21 13:43:00,J,Sneesbie,M,64,White,General Practice,False,5.0,23,0,0.26,0.5
811-13-0849,2023-05-29 08:00:00,J,Hover,M,1,White,General Practice,False,5.0,25,1,0.3,0.5
335-09-3012,2024-04-28 18:22:00,J,Gidney,M,56,White,General Practice,False,5.0,53,0,0.8600000000000001,0.5
427-80-9934,2023-10-13 12:27:00,J,Howcroft,M,50,White,General Practice,False,5.0,58,0,0.96,0.5
844-39-7915,2024-04-11 05:42:00,K,Tilford,M,71,White,General Practice,False,5.0,39,0,0.5800000000000001,0.5
496-11-6286,2023-07-20 16:29:00,L,Ravel,M,15,White,General Practice,False,5.0,34,0,0.48000000000000004,0.5
571-85-3714,2024-09-09 00:14:00,M,Semerad,M,75,White,General Practice,False,5.0,16,0,0.12,0.5
533-29-8111,2023-04-18 23:12:00,M,Nassie,M,26,White,General Practice,False,5.0,29,0,0.37999999999999995,0.5
893-31-0684,2024-07-26 16:31:00,M,Birney,M,27,White,General Practice,False,5.0,48,0,0.76,0.5
413-75-7208,2023-06-02 20:09:00,N,Dumelow,M,21,White,General Practice,False,5.0,36,0,0.52,0.5
712-44-5959,2023-09-11 21:15:00,N,Reichert,M,5,White,General Practice,False,5.0,41,0,0.6200000000000001,0.5
659-98-9321,2024-09-01 23:34:00,N,Alwin,M,11,White,General Practice,False,5.0,47,0,0.74,0.5
177-46-1546,2023-10-25 22:08:00,N,Phippen,M,44,White,General Practice,False,5.0,50,0,0.8,0.5
785-28-4887,2023-04-25 23:01:00,O,Bolt,M,40,White,General Practice,False,5.0,12,0,0.03999999999999998,0.5
104-94-3544,2023-08-25 18:43:00,O,Risman,M,18,White,General Practice,False,5.0,47,0,0.74,0.5
548-40-3880,2024-09-02 20:36:00,O,Antos,M,45,White,General Practice,False,5.0,53,0,0.8600000000000001,0.5
641-33-6740,2024-01-21 16:52:00,P,Goch,M,54,White,General Practice,False,5.0,15,0,0.09999999999999998,0.5
727-93-0292,2024-04-07 00:32:00,P,Grigg,M,74,White,General Practice,False,5.0,32,0,0.44,0.5
699-89-5729,2024-07-31 19:34:00,P,Cardnell,M,62,White,General Practice,False,5.0,40,0,0.6000000000000001,0.5
201-34-0312,2023-08-03 00:37:00,P,Dugdale,M,34,White,General Practice,False,5.0,49,0,0.78,0.5
252-57-4638,2023-08-08 03:50:00,P,Wanka,M,41,White,General Practice,False,5.0,54,0,0.8800000000000001,0.5
618-82-3874,2024-09-16 03:12:00,P,Doley,M,31,White,General Practice,False,5.0,57,0,0.9400000000000002,0.5
661-74-3185,2023-09-22 18:46:00,Q,Steljes,M,75,White,General Practice,False,5.0,14,0,0.08000000000000002,0.5
509-72-7679,2024-06-16 07:48:00,Q,Barras,M,16,White,General Practice,False,5.0,17,0,0.14,0.5
763-23-4635,2024-04-05 18:13:00,Q,Occleshaw,M,5,White,General Practice,False,5.0,19,0,0.18,0.5
435-27-7132,2023-05-22 00:55:00,Q,Gonthier,M,61,White,General Practice,False,5.0,30,1,0.39999999999999997,0.5
625-57-1785,2023-12-07 13:36:00,Q,Surby,M,26,White,General Practice,False,5.0,40,0,0.6000000000000001,0.5
707-25-6349,2023-05-17 00:37:00,Q,Corre,M,40,White,General Practice,False,5.0,49,1,0.78,0.5
693-28-8846,2023-04-30 08:43:00,Q,Ragsdall,M,63,White,General Practice,False,5.0,53,0,0.8600000000000001,0.5
660-87-6404,2024-02-11 18:11:00,R,Nortcliffe,M,33,White,General Practice,False,5.0,24,0,0.27999999999999997,0.5
227-50-8036,2024-09-01 16:58:00,R,McAne,M,58,White,General Practice,False,5.0,56,0,0.9200000000000002,0.5
853-54-6536,2023-06-03 05:32:00,S,Mattaus,M,74,White,General Practice,False,5.0,14,0,0.08000000000000002,0.5
127-97-8438,2023-04-22 02:07:00,S,Caney,M,72,White,General Practice,False,5.0,21,0,0.21999999999999997,0.5
590-93-6696,2023-10-28 23:37:00,S,Guislin,M,24,White,General Practice,False,5.0,27,0,0.34,0.5
213-89-6553,2024-08-25 16:05:00,S,Fountain,M,1,White,General Practice,False,5.0,38,0,0.56,0.5
846-85-3469,2024-07-26 07:16:00,S,Garrity,M,4,White,General Practice,False,5.0,53,0,0.8600000000000001,0.5
782-31-2439,2024-05-23 14:01:00,T,Goodchild,M,71,White,General Practice,False,5.0,22,0,0.24,0.5
473-69-8282,2024-04-25 15:36:00,T,Leyburn,M,63,White,General Practice,False,5.0,29,0,0.37999999999999995,0.5
844-04-7131,2024-01-29 13:00:00,T,Petrillo,M,47,White,General Practice,False,5.0,47,0,0.74,0.5
597-69-6388,2023-12-05 21:59:00,U,Madner,M,53,White,General Practice,False,5.0,15,0,0.09999999999999998,0.5
587-94-0306,2023-06-23 21:11:00,U,Telling,M,76,White,General Practice,False,5.0,31,0,0.42,0.5
353-99-9075,2023-06-20 02:18:00,U,Hemms,M,75,White,General Practice,False,5.0,50,0,0.8,0.5
694-38-9846,2023-10-20 11:30:00,V,Borley,M,68,White,General Practice,False,5.0,10,0,0.0,0.5
735-56-2510,2023-08-04 11:55:00,V,Guiton,M,9,White,General Practice,False,5.0,39,0,0.5800000000000001,0.5
774-89-5184,2024-01-11 10:34:00,V,Bourdice,M,6,White,General Practice,False,5.0,44,0,0.6799999999999999,0.5
868-57-6762,2023-11-12 16:31:00,V,Goodfellow,M,65,White,General Practice,False,5.0,56,0,0.9200000000000002,0.5
629-68-4241,2023-06-15 08:30:00,W,Roach,M,49,White,General Practice,False,5.0,13,0,0.06,0.5
851-72-1676,2024-07-12 12:30:00,W,Crossgrove,M,74,White,General Practice,False,5.0,14,0,0.08000000000000002,0.5
767-63-9719,2024-01-21 03:35:00,W,Dixie,M,7,White,General Practice,False,5.0,33,0,0.46,0.5
769-72-8314,2024-10-14 12:22:00,W,Lambarton,M,43,White,General Practice,False,5.0,36,0,0.52,0.5
433-35-8228,2023-12-03 01:22:00,W,Gebb,M,38,White,General Practice,False,5.0,39,0,0.5800000000000001,0.5
230-72-4802,2023-10-09 08:31:00,X,Beniesh,M,27,White,General Practice,False,5.0,14,0,0.08000000000000002,0.5
728-26-6726,2024-06-14 19:31:00,Y,Buten,M,66,White,General Practice,False,5.0,21,0,0.21999999999999997,0.5
530-19-6308,2023-05-27 11:08:00,Y,Clausen-Thue,M,24,White,General Practice,False,5.0,27,1,0.34,0.5
624-24-6189,2024-09-13 18:07:00,Y,Jennemann,M,41,White,General Practice,False,5.0,27,0,0.34,0.5
141-51-5635,2023-07-17 15:23:00,Y,Camerati,M,63,White,General Practice,False,5.0,31,0,0.42,0.5
505-95-5668,2023-04-22 22:42:00,Y,Joannidi,M,74,White,General Practice,False,5.0,58,0,0.96,0.5
608-49-9277,2024-10-08 04:36:00,Z,Cordon,M,32,White,General Practice,False,5.0,20,0,0.2,0.5
573-40-2464,2023-10-24 23:16:00,Z,Elmar,M,77,White,General Practice,False,5.0,21,0,0.21999999999999997,0.5
411-18-9512,2023-12-23 08:03:00,Z,Stockley,M,66,White,General Practice,False,5.0,23,0,0.26,0.5
732-12-0603,2023-04-17 22:50:00,Z,Sarfatti,M,18,White,General Practice,False,5.0,48,0,0.76,0.5
595-86-7693,2023-06-11 15:12:00,Z,Panter,M,74,White,General Practice,False,5.0,57,0,0.9400000000000002,0.5
588-72-2524,2024-07-16 10:26:00,Z,Skerm,M,1,White,General Practice,False,5.0,58,0,0.96,0.5
658-71-6172,2023-08-23 23:21:00,G,Absolem,M,32,White,General Practice,False,0.0,33,0,0.46,0.0
340-71-1290,2024-01-02 20:14:00,T,Jaquemar,M,43,White,General Practice,False,0.0,41,0,0.6200000000000001,0.0
170-60-7747,2023-04-01 13:25:00,T,Snowdon,M,31,White,General Practice,False,0.0,56,0,0.9200000000000002,0.0
146-77-1591,2024-02-15 22:04:00,K,Dorian,M,46,White,General Practice,False,1.0,31,0,0.42,0.1
203-04-2783,2023-10-21 21:51:00,L,Deverson,M,50,White,General Practice,False,1.0,42,0,0.6399999999999999,0.1
883-68-7233,2024-05-02 13:01:00,T,Hugueville,M,55,White,General Practice,False,1.0,25,0,0.3,0.1
470-99-9429,2023-05-04 06:38:00,A,Nevill,M,68,White,General Practice,False,3.0,25,1,0.3,0.30000000000000004
204-42-0922,2024-10-01 18:46:00,C,Pallin,M,68,White,General Practice,False,3.0,56,0,0.9200000000000002,0.30000000000000004
702-24-7897,2024-01-29 12:11:00,O,Dougliss,M,73,White,General Practice,False,3.0,28,0,0.36000000000000004,0.30000000000000004
323-59-6278,2023-11-20 20:09:00,U,Condie,M,13,White,General Practice,False,5.0,53,0,0.8600000000000001,0.5
760-71-3160,2023-09-11 09:53:00,W,Wray,M,18,White,General Practice,False,5.0,20,0,0.2,0.5
267-31-9051,2024-08-17 12:51:00,A,Verrechia,M,73,White,General Practice,False,6.0,53,0,0.8600000000000001,0.6000000000000001
898-96-3786,2023-06-24 05:05:00,E,Bossom,M,14,White,General Practice,False,6.0,57,0,0.9400000000000002,0.6000000000000001
430-78-4586,2023-04-14 13:00:00,Q,Lamputt,M,3,White,General Practice,False,6.0,54,0,0.8800000000000001,0.6000000000000001
135-61-7666,2024-02-07 22:20:00,S,Dagon,M,78,White,General Practice,False,6.0,59,0,0.98,0.6000000000000001
571-52-7559,2024-01-14 23:05:00,V,Farthin,M,22,White,General Practice,False,6.0,32,0,0.44,0.6000000000000001
203-83-9332,2023-09-03 12:21:00,G,Bending,M,24,White,General Practice,False,7.0,57,0,0.9400000000000002,0.7000000000000001
276-56-0604,2024-02-10 23:28:00,R,McMurray,M,34,White,General Practice,False,7.0,55,0,0.9000000000000001,0.7000000000000001
570-69-8864,2023-08-12 05:29:00,F,Kettles,M,39,White,General Practice,False,8.0,29,0,0.37999999999999995,0.8
325-33-5772,2024-10-27 21:57:00,H,Bolgar,M,45,White,General Practice,False,8.0,12,0,0.03999999999999998,0.8
679-54-4775,2024-07-08 10:06:00,J,Treamayne,M,78,White,General Practice,False,8.0,35,0,0.5,0.8
848-12-7424,2023-05-26 23:23:00,C,Crannach,M,11,White,General Practice,False,10.0,23,1,0.26,1.0
894-88-8079,2023-10-24 10:13:00,N,Handaside,M,29,White,General Practice,False,10.0,39,0,0.5800000000000001,1.0
681-33-8999,2023-11-27 21:22:00,R,Emtage,M,71,White,General Practice,False,10.0,51,0,0.8200000000000001,1.0
285-78-6419,2024-03-31 20:09:00,W,Orys,M,69,White,General Practice,False,10.0,17,0,0.14,1.0
160-05-9410,2023-08-02 06:38:00,E,Merricks,M,7,White,Neurology,False,5.0,44,0,0.6799999999999999,0.5
621-27-7002,2023-11-07 04:52:00,G,Spindler,M,59,White,Neurology,False,5.0,31,0,0.42,0.5
350-75-4511,2023-07-10 13:28:00,J,Hillhouse,M,10,White,Neurology,False,5.0,52,0,0.8400000000000001,0.5
222-85-6440,2023-04-10 09:45:00,S,Petrolli,M,35,White,Neurology,False,5.0,34,0,0.48000000000000004,0.5
367-62-9249,2024-09-06 23:22:00,Z,Swigger,M,18,White,Neurology,False,3.0,53,0,0.8600000000000001,0.30000000000000004
140-55-8447,2024-05-18 10:22:00,H,Valasek,M,3,White,Neurology,False,4.0,53,0,0.8600000000000001,0.4
707-68-7512,2024-08-22 15:34:00,J,Topham,M,33,White,Neurology,False,6.0,18,0,0.15999999999999998,0.6000000000000001
393-06-6114,2024-06-12 05:09:00,E,Labrenz,M,40,White,Neurology,False,9.0,39,0,0.5800000000000001,0.9
678-19-2895,2024-05-02 17:51:00,Q,Heale,M,39,White,Neurology,False,9.0,15,0,0.09999999999999998,0.9
428-04-4880,2024-02-01 06:20:00,L,Masdin,M,78,White,No Referral,False,0.0,13,0,0.06,0.0
336-21-6476,2024-06-05 21:24:00,L,Benduhn,M,8,White,No Referral,False,0.0,35,0,0.5,0.0
686-80-7797,2023-04-20 17:18:00,P,Kibard,M,49,White,No Referral,False,0.0,38,0,0.56,0.0
871-94-3138,2024-06-15 19:40:00,Q,Duckers,M,48,White,No Referral,False,0.0,37,0,0.54,0.0
754-35-8800,2024-02-23 19:51:00,S,Lankham,M,72,White,No Referral,False,0.0,10,0,0.0,0.0
249-35-1997,2023-10-01 07:03:00,S,Waldie,M,78,White,No Referral,False,0.0,42,0,0.6399999999999999,0.0
503-41-0754,2023-11-15 02:02:00,U,Devote,M,15,White,No Referral,False,0.0,51,0,0.8200000000000001,0.0
825-41-8889,2024-05-28 22:51:00,X,Regnard,M,32,White,No Referral,False,0.0,30,0,0.39999999999999997,0.0
814-97-4775,2024-03-29 10:41:00,Y,Burgiss,M,53,White,No Referral,False,0.0,43,0,0.6599999999999999,0.0
532-39-4090,2024-08-26 15:49:00,B,Peskin,M,54,White,No Referral,False,1.0,17,0,0.14,0.1
583-55-9151,2023-11-05 11:20:00,B,Jacquemet,M,27,White,No Referral,False,1.0,38,0,0.56,0.1
290-54-9915,2023-08-03 10:47:00,D,Grinvalds,M,30,White,No Referral,False,1.0,42,0,0.6399999999999999,0.1
695-94-7928,2024-02-15 15:03:00,G,Harmeston,M,28,White,No Referral,False,1.0,35,0,0.5,0.1
427-87-9237,2023-08-21 05:30:00,H,Cotelard,M,19,White,No Referral,False,1.0,20,0,0.2,0.1
593-14-3392,2024-04-08 04:16:00,I,Summerlad,M,66,White,No Referral,False,1.0,28,0,0.36000000000000004,0.1
884-99-1419,2024-07-25 23:15:00,N,Harmston,M,77,White,No Referral,False,1.0,39,0,0.5800000000000001,0.1
115-63-3012,2024-04-22 04:05:00,P,Grigoriscu,M,52,White,No Referral,False,1.0,57,0,0.9400000000000002,0.1
682-37-1367,2024-07-03 21:23:00,R,Clayworth,M,24,White,No Referral,False,1.0,30,0,0.39999999999999997,0.1
727-99-6666,2024-04-03 12:42:00,S,Ions,M,54,White,No Referral,False,1.0,45,0,0.7,0.1
867-51-1001,2024-06-16 00:32:00,Z,Kimbrough,M,74,White,No Referral,False,1.0,14,0,0.08000000000000002,0.1
639-66-6888,2023-05-09 14:55:00,A,Tweedle,M,75,White,No Referral,False,2.0,55,1,0.9000000000000001,0.2
577-20-8465,2023-09-27 11:34:00,E,Burtwell,M,35,White,No Referral,False,2.0,58,0,0.96,0.2
446-34-2838,2023-06-02 16:07:00,G,Uttley,M,71,White,No Referral,False,2.0,42,0,0.6399999999999999,0.2
823-91-0073,2023-07-12 13:34:00,G,Goodfellowe,M,23,White,No Referral,False,2.0,54,0,0.8800000000000001,0.2
535-53-1709,2024-03-15 19:54:00,H,Corneil,M,26,White,No Referral,False,2.0,27,0,0.34,0.2
170-53-5117,2024-04-05 14:26:00,O,Wenzel,M,2,White,No Referral,False,2.0,34,0,0.48000000000000004,0.2
694-52-7798,2024-02-08 19:08:00,U,Witherow,M,27,White,No Referral,False,2.0,44,0,0.6799999999999999,0.2
261-82-9019,2023-04-18 17:34:00,W,Rembrant,M,40,White,No Referral,False,2.0,51,0,0.8200000000000001,0.2
782-54-1080,2024-04-15 15:21:00,Y,Royall,M,56,White,No Referral,False,2.0,38,0,0.56,0.2
222-34-9656,2023-07-23 01:13:00,Z,Kellick,M,16,White,No Referral,False,2.0,54,0,0.8800000000000001,0.2
194-99-7484,2024-03-16 03:34:00,A,Smyth,M,42,White,No Referral,False,3.0,36,0,0.52,0.30000000000000004
334-77-7420,2023-09-30 03:01:00,G,Hill,M,1,White,No Referral,False,3.0,14,0,0.08000000000000002,0.30000000000000004
498-09-0568,2024-05-19 09:52:00,G,Fazackerley,M,6,White,No Referral,False,3.0,45,0,0.7,0.30000000000000004
410-44-5767,2024-08-01 12:00:00,M,Bembrigg,M,60,White,No Referral,False,3.0,23,0,0.26,0.30000000000000004
157-82-8955,2024-10-08 15:52:00,S,Maddin,M,63,White,No Referral,False,3.0,23,0,0.26,0.30000000000000004
227-87-1629,2024-02-12 15:08:00,S,Gainsburgh,M,8,White,No Referral,False,3.0,37,0,0.54,0.30000000000000004
838-56-1331,2024-06-08 09:06:00,T,Nettles,M,32,White,No Referral,False,3.0,30,0,0.39999999999999997,0.30000000000000004
511-67-6488,2024-05-29 07:02:00,X,Coyish,M,63,White,No Referral,False,3.0,30,0,0.39999999999999997,0.30000000000000004
281-25-4387,2024-05-28 07:41:00,Z,Gritten,M,2,White,No Referral,False,3.0,23,0,0.26,0.30000000000000004
799-90-2475,2023-07-07 00:43:00,E,Crose,M,58,White,No Referral,False,4.0,18,0,0.15999999999999998,0.4
478-05-6128,2023-04-29 12:44:00,H,Satterly,M,33,White,No Referral,False,4.0,48,0,0.76,0.4
569-39-0856,2023-08-15 03:29:00,K,Rontsch,M,63,White,No Referral,False,4.0,26,0,0.32,0.4
546-84-1188,2024-01-31 09:34:00,L,Caramuscia,M,2,White,No Referral,False,4.0,41,0,0.6200000000000001,0.4
771-07-1890,2023-11-23 00:20:00,L,Kiwitz,M,72,White,No Referral,False,4.0,48,0,0.76,0.4
171-69-2921,2024-02-29 03:03:00,M,Kernley,M,32,White,No Referral,False,4.0,36,0,0.52,0.4
110-75-4741,2024-10-22 07:22:00,N,Corbet,M,45,White,No Referral,False,4.0,37,0,0.54,0.4
339-22-8496,2024-01-30 04:12:00,P,Gehrels,M,22,White,No Referral,False,4.0,49,0,0.78,0.4
689-97-9515,2023-05-04 15:59:00,T,Freezer,M,13,White,No Referral,False,4.0,32,1,0.44,0.4
278-40-9371,2024-03-17 02:47:00,Z,Rittmeyer,M,8,White,No Referral,False,4.0,27,0,0.34,0.4
217-57-5300,2024-06-30 23:28:00,J,Godson,M,43,White,No Referral,False,5.0,54,0,0.8800000000000001,0.5
791-52-9087,2023-08-28 12:41:00,M,Brasher,M,34,White,No Referral,False,5.0,17,0,0.14,0.5
737-62-8031,2024-06-09 03:14:00,V,Ponton,M,4,White,No Referral,False,5.0,49,0,0.78,0.5
615-73-2112,2023-06-18 21:44:00,C,Parvin,M,77,White,No Referral,False,6.0,24,0,0.27999999999999997,0.6000000000000001
686-15-3149,2023-08-27 21:50:00,D,Van't Hoff,M,57,White,No Referral,False,6.0,56,0,0.9200000000000002,0.6000000000000001
543-72-2686,2024-05-01 03:02:00,F,Heddy,M,56,White,No Referral,False,6.0,38,0,0.56,0.6000000000000001
164-09-6339,2024-04-24 00:10:00,G,Reedyhough,M,49,White,No Referral,False,6.0,29,0,0.37999999999999995,0.6000000000000001
632-27-3299,2024-10-16 23:46:00,I,Magenny,M,56,White,No Referral,False,6.0,27,0,0.34,0.6000000000000001
363-13-7370,2024-04-28 22:18:00,L,Patria,M,23,White,No Referral,False,6.0,19,0,0.18,0.6000000000000001
627-66-0665,2023-05-22 16:23:00,N,Sibbert,M,56,White,No Referral,False,6.0,24,1,0.27999999999999997,0.6000000000000001
549-63-6821,2024-05-02 03:14:00,O,Wonfar,M,50,White,No Referral,False,6.0,40,0,0.6000000000000001,0.6000000000000001
527-01-5968,2023-04-27 14:20:00,O,Stryde,M,9,White,No Referral,False,6.0,45,0,0.7,0.6000000000000001
621-38-5039,2023-11-18 20:42:00,Q,Cuthbert,M,28,White,No Referral,False,6.0,47,0,0.74,0.6000000000000001
735-88-2026,2024-10-19 10:31:00,S,Learmonth,M,45,White,No Referral,False,6.0,34,0,0.48000000000000004,0.6000000000000001
366-77-5942,2023-08-20 13:58:00,V,Barniss,M,75,White,No Referral,False,6.0,39,0,0.5800000000000001,0.6000000000000001
352-85-0161,2023-04-20 08:38:00,Y,Canet,M,65,White,No Referral,False,6.0,50,0,0.8,0.6000000000000001
135-28-3714,2023-06-02 08:07:00,A,Mulheron,M,15,White,No Referral,False,7.0,53,0,0.8600000000000001,0.7000000000000001
227-46-4395,2024-10-18 03:57:00,B,Casoni,M,37,White,No Referral,False,7.0,52,0,0.8400000000000001,0.7000000000000001
779-16-6027,2023-09-26 07:23:00,C,Fardo,M,10,White,No Referral,False,7.0,26,0,0.32,0.7000000000000001
716-81-0777,2024-05-03 16:06:00,F,Itzakovitz,M,38,White,No Referral,False,7.0,43,0,0.6599999999999999,0.7000000000000001
133-43-4724,2024-06-29 05:58:00,K,Parr,M,62,White,No Referral,False,7.0,53,0,0.8600000000000001,0.7000000000000001
338-32-5533,2023-05-28 02:00:00,N,Kiefer,M,48,White,No Referral,False,7.0,51,1,0.8200000000000001,0.7000000000000001
771-56-2704,2024-09-17 12:09:00,O,Munns,M,3,White,No Referral,False,7.0,20,0,0.2,0.7000000000000001
169-76-5874,2024-02-21 20:56:00,U,Graith,M,7,White,No Referral,False,7.0,22,0,0.24,0.7000000000000001
152-47-3239,2023-07-11 02:57:00,Y,Reinger,M,50,White,No Referral,False,7.0,14,0,0.08000000000000002,0.7000000000000001
745-53-1981,2024-05-09 02:39:00,Z,McTerlagh,M,62,White,No Referral,False,7.0,36,0,0.52,0.7000000000000001
203-58-4811,2024-01-28 05:31:00,Z,Fortey,M,29,White,No Referral,False,7.0,48,0,0.76,0.7000000000000001
274-32-2971,2023-05-16 08:15:00,E,Belison,M,74,White,No Referral,False,8.0,45,1,0.7,0.8
330-72-1327,2024-03-31 14:07:00,L,Birkenhead,M,34,White,No Referral,False,8.0,59,0,0.98,0.8
691-39-6392,2023-12-10 12:11:00,T,Regorz,M,2,White,No Referral,False,8.0,34,0,0.48000000000000004,0.8
489-19-3938,2024-07-20 09:16:00,T,Yes,M,32,White,No Referral,False,8.0,44,0,0.6799999999999999,0.8
388-62-0454,2024-05-04 04:21:00,U,Jeavon,M,14,White,No Referral,False,8.0,37,0,0.54,0.8
221-14-1687,2024-10-04 14:36:00,U,Campion,M,30,White,No Referral,False,8.0,54,0,0.8800000000000001,0.8
357-52-0985,2023-05-17 17:19:00,W,Trippett,M,6,White,No Referral,False,8.0,29,1,0.37999999999999995,0.8
444-75-2039,2024-09-14 13:25:00,B,Cheves,M,44,White,No Referral,False,9.0,39,0,0.5800000000000001,0.9
703-87-8026,2023-12-09 04:01:00,M,Tomaskov,M,33,White,No Referral,False,9.0,35,0,0.5,0.9
126-47-9260,2023-09-07 14:54:00,O,Roly,M,64,White,No Referral,False,9.0,12,0,0.03999999999999998,0.9
108-99-6116,2024-05-02 14:06:00,P,Baddeley,M,44,White,No Referral,False,9.0,13,0,0.06,0.9
559-57-4367,2023-06-28 22:52:00,S,Galilee,M,57,White,No Referral,False,9.0,28,0,0.36000000000000004,0.9
361-78-8393,2024-04-18 15:50:00,S,Ridgway,M,26,White,No Referral,False,9.0,33,0,0.46,0.9
752-78-6839,2023-09-27 13:32:00,S,Gosnoll,M,19,White,No Referral,False,9.0,45,0,0.7,0.9
278-96-4501,2024-02-05 21:59:00,U,Djokic,M,33,White,No Referral,False,9.0,39,0,0.5800000000000001,0.9
322-58-0100,2024-04-12 13:05:00,U,Statefield,M,39,White,No Referral,False,9.0,55,0,0.9000000000000001,0.9
840-12-2681,2023-11-08 17:56:00,V,Besemer,M,22,White,No Referral,False,9.0,10,0,0.0,0.9
210-67-0041,2024-01-12 18:19:00,D,Persent,M,8,White,No Referral,False,10.0,49,0,0.78,1.0
538-18-1640,2024-05-23 14:23:00,L,Lambourne,M,72,White,No Referral,False,10.0,10,0,0.0,1.0
256-38-2449,2024-02-14 13:07:00,Q,Copplestone,M,23,White,No Referral,False,10.0,21,0,0.21999999999999997,1.0
747-20-4937,2023-04-03 20:16:00,W,Fydo,M,65,White,No Referral,False,10.0,38,0,0.56,1.0
395-80-7937,2024-08-12 07:57:00,A,Knagges,M,24,White,Orthopedics,False,5.0,46,0,0.72,0.5
522-11-6573,2024-09-18 15:26:00,B,Koba,M,48,White,Orthopedics,False,5.0,29,0,0.37999999999999995,0.5
691-30-0132,2023-07-03 02:52:00,B,McComb,M,13,White,Orthopedics,False,5.0,57,0,0.9400000000000002,0.5
765-95-5555,2024-03-25 14:00:00,B,Gasken,M,15,White,Orthopedics,False,5.0,59,0,0.98,0.5
159-84-9480,2023-04-18 05:34:00,C,Chappelle,M,38,White,Orthopedics,False,5.0,12,0,0.03999999999999998,0.5
774-50-3865,2024-06-16 18:11:00,C,Tilson,M,7,White,Orthopedics,False,5.0,22,0,0.24,0.5
743-91-6945,2023-09-16 21:40:00,C,Filimore,M,71,White,Orthopedics,False,5.0,28,0,0.36000000000000004,0.5
445-83-2204,2023-08-16 03:30:00,C,Broyd,M,71,White,Orthopedics,False,5.0,51,0,0.8200000000000001,0.5
225-49-2583,2024-08-07 15:37:00,E,Vinsen,M,4,White,Orthopedics,False,5.0,40,0,0.6000000000000001,0.5
437-30-1210,2024-10-12 10:39:00,F,Derle,M,60,White,Orthopedics,False,5.0,12,0,0.03999999999999998,0.5
639-97-8705,2023-06-06 05:39:00,F,Kainz,M,56,White,Orthopedics,False,5.0,54,0,0.8800000000000001,0.5
523-16-7292,2023-08-29 09:27:00,G,Batiste,M,53,White,Orthopedics,False,5.0,21,0,0.21999999999999997,0.5
407-40-5782,2023-07-22 22:19:00,G,Farron,M,26,White,Orthopedics,False,5.0,23,0,0.26,0.5
555-46-4291,2023-09-19 13:44:00,H,Pidgley,M,5,White,Orthopedics,False,5.0,21,0,0.21999999999999997,0.5
682-86-8226,2023-06-24 17:19:00,I,McCaughey,M,12,White,Orthopedics,False,5.0,36,0,0.52,0.5
227-34-5910,2023-07-31 23:37:00,J,Tomovic,M,47,White,Orthopedics,False,5.0,21,0,0.21999999999999997,0.5
663-14-4225,2023-12-24 12:55:00,J,Becerro,M,23,White,Orthopedics,False,5.0,41,0,0.6200000000000001,0.5
535-66-6021,2024-02-26 18:50:00,K,Knotton,M,43,White,Orthopedics,False,5.0,11,0,0.01999999999999999,0.5
142-78-7156,2024-10-07 08:06:00,K,Peller,M,15,White,Orthopedics,False,5.0,36,0,0.52,0.5
330-51-8943,2023-09-17 04:07:00,L,Yair,M,58,White,Orthopedics,False,5.0,13,0,0.06,0.5
472-69-7533,2023-11-17 15:45:00,M,Grimmett,M,40,White,Orthopedics,False,5.0,54,0,0.8800000000000001,0.5
293-33-5200,2023-12-23 23:03:00,N,Mattheeuw,M,66,White,Orthopedics,False,5.0,45,0,0.7,0.5
524-53-6024,2023-06-08 09:46:00,O,Stenson,M,8,White,Orthopedics,False,5.0,15,0,0.09999999999999998,0.5
497-90-2670,2023-08-17 04:27:00,O,Wrightem,M,17,White,Orthopedics,False,5.0,30,0,0.39999999999999997,0.5
562-95-1851,2024-02-11 01:22:00,O,Daber,M,74,White,Orthopedics,False,5.0,53,0,0.8600000000000001,0.5
233-08-7548,2023-07-16 20:12:00,P,McKeever,M,20,White,Orthopedics,False,5.0,30,0,0.39999999999999997,0.5
153-26-1570,2023-08-13 14:52:00,Q,Mulvany,M,62,White,Orthopedics,False,5.0,16,0,0.12,0.5
124-28-5022,2024-09-06 03:13:00,Q,Lomasna,M,8,White,Orthopedics,False,5.0,56,0,0.9200000000000002,0.5
232-89-7136,2024-02-12 20:04:00,R,Silverthorne,M,65,White,Orthopedics,False,5.0,14,0,0.08000000000000002,0.5
364-07-8056,2024-03-17 16:05:00,R,Sidsaff,M,69,White,Orthopedics,False,5.0,43,0,0.6599999999999999,0.5
213-37-6807,2023-08-16 05:54:00,S,Douce,M,79,White,Orthopedics,False,5.0,48,0,0.76,0.5
780-83-2349,2023-05-03 21:30:00,S,Sketch,M,32,White,Orthopedics,False,5.0,55,1,0.9000000000000001,0.5
168-64-3036,2024-04-22 23:21:00,T,Casarini,M,78,White,Orthopedics,False,5.0,49,0,0.78,0.5
152-63-8112,2023-12-28 07:25:00,U,Panichelli,M,71,White,Orthopedics,False,5.0,15,0,0.09999999999999998,0.5
644-56-6799,2024-03-31 01:49:00,V,Kingzeth,M,43,White,Orthopedics,False,5.0,13,0,0.06,0.5
353-41-7612,2023-11-27 12:15:00,V,Leyland,M,58,White,Orthopedics,False,5.0,37,0,0.54,0.5
483-56-5234,2024-08-25 18:04:00,W,Pash,M,7,White,Orthopedics,False,5.0,34,0,0.48000000000000004,0.5
858-85-6744,2023-04-23 00:43:00,W,Quiddington,M,34,White,Orthopedics,False,5.0,48,0,0.76,0.5
619-81-7587,2023-12-12 23:33:00,X,Probbing,M,9,White,Orthopedics,False,5.0,15,0,0.09999999999999998,0.5
374-49-5410,2024-04-17 22:02:00,X,Morgen,M,49,White,Orthopedics,False,5.0,21,0,0.21999999999999997,0.5
413-18-5206,2023-10-08 19:41:00,Y,Sakins,M,57,White,Orthopedics,False,5.0,30,0,0.39999999999999997,0.5
318-18-6578,2023-07-26 09:59:00,Y,Chilver,M,41,White,Orthopedics,False,5.0,58,0,0.96,0.5
287-34-1507,2023-07-31 13:43:00,Z,Garwill,M,19,White,Orthopedics,False,5.0,15,0,0.09999999999999998,0.5
835-45-5469,2024-06-01 00:40:00,B,Jorat,M,71,White,Orthopedics,False,0.0,53,0,0.8600000000000001,0.0
318-50-0134,2024-07-21 14:09:00,C,Gutowska,M,48,White,Orthopedics,False,0.0,44,0,0.6799999999999999,0.0
588-32-8125,2023-12-18 06:54:00,H,Jacobssen,M,26,White,Orthopedics,False,0.0,11,0,0.01999999999999999,0.0
330-70-2830,2023-12-21 19:58:00,M,Eneas,M,44,White,Orthopedics,False,0.0,26,0,0.32,0.0
427-61-4630,2024-08-02 16:14:00,M,MacFarland,M,27,White,Orthopedics,False,0.0,37,0,0.54,0.0
688-21-4474,2023-06-09 15:59:00,Y,Utley,M,64,White,Orthopedics,False,0.0,19,0,0.18,0.0
386-99-7261,2023-12-15 12:02:00,P,MacTrustrie,M,60,White,Orthopedics,False,1.0,31,0,0.42,0.1
710-28-6576,2023-11-02 13:57:00,A,Levens,M,36,White,Orthopedics,False,2.0,19,0,0.18,0.2
764-69-8400,2024-09-30 03:31:00,K,Osorio,M,79,White,Orthopedics,False,2.0,21,0,0.21999999999999997,0.2
225-76-9368,2023-06-04 09:07:00,W,Biggar,M,56,White,Orthopedics,False,2.0,21,0,0.21999999999999997,0.2
414-43-5287,2023-08-25 16:25:00,G,Fuzzard,M,48,White,Orthopedics,False,3.0,24,0,0.27999999999999997,0.30000000000000004
531-11-9597,2023-07-21 01:30:00,M,Aubert,M,39,White,Orthopedics,False,3.0,50,0,0.8,0.30000000000000004
715-62-6956,2024-07-18 07:11:00,M,Iltchev,M,9,White,Orthopedics,False,3.0,58,0,0.96,0.30000000000000004
873-33-0832,2023-12-03 20:16:00,P,Giffon,M,29,White,Orthopedics,False,3.0,39,0,0.5800000000000001,0.30000000000000004
647-52-7688,2024-07-13 09:49:00,H,Worham,M,32,White,Orthopedics,False,4.0,51,0,0.8200000000000001,0.4
283-07-6389,2024-08-01 17:18:00,A,Kildea,M,46,White,Orthopedics,False,5.0,51,0,0.8200000000000001,0.5
423-15-5984,2023-07-25 11:59:00,D,Matterface,M,31,White,Orthopedics,False,5.0,53,0,0.8600000000000001,0.5
845-27-3580,2023-09-26 01:51:00,G,Glidden,M,39,White,Orthopedics,False,5.0,22,0,0.24,0.5
800-66-2051,2024-07-27 13:05:00,I,Plastow,M,28,White,Orthopedics,False,5.0,60,0,1.0,0.5
612-96-3788,2024-02-03 06:56:00,R,Mann,M,46,White,Orthopedics,False,5.0,32,0,0.44,0.5
670-45-6492,2023-12-22 18:51:00,A,Geillier,M,64,White,Orthopedics,False,6.0,40,0,0.6000000000000001,0.6000000000000001
354-50-5854,2023-07-10 17:00:00,P,Llewellin,M,31,White,Orthopedics,False,6.0,18,0,0.15999999999999998,0.6000000000000001
483-70-4436,2024-05-21 01:57:00,S,Roark,M,4,White,Orthopedics,False,6.0,13,0,0.06,0.6000000000000001
425-90-5163,2024-10-22 09:59:00,M,Hawtrey,M,63,White,Orthopedics,False,7.0,37,0,0.54,0.7000000000000001
180-56-0276,2023-04-28 23:23:00,A,Platts,M,42,White,Orthopedics,False,8.0,22,0,0.24,0.8
516-30-4919,2023-04-02 21:59:00,S,Nyland,M,16,White,Orthopedics,False,9.0,21,0,0.21999999999999997,0.9
102-43-8026,2023-08-07 08:01:00,W,Parker,M,27,White,Orthopedics,False,9.0,13,0,0.06,0.9
345-46-3519,2023-06-14 14:35:00,X,O'Fergus,M,37,White,Orthopedics,False,9.0,27,0,0.34,0.9
203-70-6564,2024-05-30 03:07:00,X,McGarvey,M,16,White,Orthopedics,False,9.0,60,0,1.0,0.9
385-79-2506,2024-10-11 08:23:00,K,Haile,M,57,White,Orthopedics,False,10.0,15,0,0.09999999999999998,1.0
547-48-9466,2023-12-22 23:40:00,W,Swatton,M,56,White,Orthopedics,False,10.0,45,0,0.7,1.0
633-30-1877,2023-12-26 16:42:00,B,Flag,M,72,White,Physiotherapy,False,5.0,57,0,0.9400000000000002,0.5
810-65-3273,2023-05-22 08:32:00,D,Philbrook,M,79,White,Physiotherapy,False,5.0,57,1,0.9400000000000002,0.5
835-50-8973,2024-10-19 17:26:00,F,Dabbs,M,18,White,Physiotherapy,False,5.0,11,0,0.01999999999999999,0.5
340-51-9084,2023-12-19 15:32:00,F,Fullylove,M,79,White,Physiotherapy,False,5.0,39,0,0.5800000000000001,0.5
653-56-1789,2023-10-08 10:13:00,H,Leefe,M,43,White,Physiotherapy,False,5.0,43,0,0.6599999999999999,0.5
670-79-1251,2023-11-05 00:43:00,N,Gregolotti,M,60,White,Physiotherapy,False,5.0,14,0,0.08000000000000002,0.5
467-83-9328,2023-09-22 02:09:00,S,Binley,M,43,White,Physiotherapy,False,5.0,20,0,0.2,0.5
352-37-6251,2023-12-19 22:13:00,U,Ockendon,M,17,White,Physiotherapy,False,5.0,52,0,0.8400000000000001,0.5
190-02-7429,2024-05-05 20:55:00,X,Semrad,M,30,White,Physiotherapy,False,5.0,27,0,0.34,0.5
538-39-7442,2024-06-26 04:02:00,K,Durrand,M,9,White,Physiotherapy,False,0.0,45,0,0.7,0.0
581-71-7643,2024-08-31 09:34:00,W,Baxill,M,67,White,Physiotherapy,False,2.0,47,0,0.74,0.2
439-58-8420,2024-08-11 01:44:00,D,Giron,M,73,White,Physiotherapy,False,3.0,34,0,0.48000000000000004,0.30000000000000004
334-96-4072,2023-05-28 07:00:00,S,Forseith,M,63,White,Physiotherapy,False,4.0,50,1,0.8,0.4
466-97-4081,2024-07-27 06:30:00,B,Fillimore,M,43,White,Physiotherapy,False,9.0,41,0,0.6200000000000001,0.9
398-19-1977,2024-09-23 00:03:00,M,Regus,M,63,White,Renal,False,5.0,15,0,0.09999999999999998,0.5
670-56-9740,2023-09-06 17:12:00,W,Anfossi,M,38,White,Renal,False,5.0,53,0,0.8600000000000001,0.5
196-41-1005,2023-04-19 03:14:00,X,Battin,M,2,White,Renal,False,4.0,52,0,0.8400000000000001,0.4
110-34-1005,2023-12-28 02:19:00,V,Butting,NC,5,African American,Orthopedics,False,5.0,31,0,0.42,0.5
695-90-6476,2023-04-26 21:49:00,A,Paget,NC,58,African American,Orthopedics,False,4.0,41,0,0.6200000000000001,0.4
481-55-5602,2023-05-15 04:11:00,V,Hassett,NC,53,Declined to Identify,General Practice,False,5.0,39,1,0.5800000000000001,0.5
384-24-5300,2024-06-12 23:28:00,C,Dempster,NC,46,Two or More Races,General Practice,False,5.0,26,0,0.32,0.5
200-98-7030,2024-06-27 07:46:00,Y,Gerckens,NC,65,White,Gastroenterology,False,5.0,10,0,0.0,0.5
542-12-4124,2024-05-10 11:28:00,J,Breslau,NC,2,White,No Referral,False,0.0,38,0,0.56,0.0
549-88-7719,2024-08-20 08:06:00,H,Figurski,NC,11,White,No Referral,False,7.0,34,0,0.48000000000000004,0.7000000000000001
888-31-9974,2024-03-23 07:45:00,N,Hatherley,NC,67,White,Orthopedics,False,5.0,18,0,0.15999999999999998,0.5
375-77-7547,2024-10-19 21:21:00,A,Haine,F,48,African American,Cardiology,True,5.0,55,0,0.9000000000000001,0.5
401-54-5114,2024-08-16 12:23:00,C,Fabler,F,52,African American,Cardiology,True,5.0,44,0,0.6799999999999999,0.5
152-63-9780,2024-10-09 09:27:00,D,MacNeil,F,54,African American,Cardiology,True,5.0,13,0,0.06,0.5
441-46-8707,2023-06-30 02:45:00,D,Filochov,F,7,African American,Cardiology,True,5.0,37,0,0.54,0.5
774-96-3514,2023-07-14 18:42:00,E,Sarfass,F,53,African American,Cardiology,True,5.0,44,0,0.6799999999999999,0.5
125-71-2639,2023-10-21 10:19:00,G,O'Neill,F,51,African American,Cardiology,True,5.0,33,0,0.46,0.5
885-62-7905,2024-03-28 17:26:00,O,Southwood,F,21,African American,Cardiology,True,5.0,32,0,0.44,0.5
690-60-3044,2023-08-22 22:25:00,U,Clew,F,2,African American,Cardiology,True,5.0,55,0,0.9000000000000001,0.5
145-40-1045,2023-06-05 13:19:00,V,Prangle,F,12,African American,Cardiology,True,5.0,44,0,0.6799999999999999,0.5
857-03-3289,2023-05-09 12:32:00,X,Palfrey,F,59,African American,Cardiology,True,5.0,10,1,0.0,0.5
578-18-1747,2024-01-12 23:02:00,M,Scambler,F,63,African American,Cardiology,True,1.0,45,0,0.7,0.1
865-91-1513,2023-12-08 06:01:00,M,Ianittello,F,7,African American,Cardiology,True,4.0,57,0,0.9400000000000002,0.4
159-55-1671,2024-04-26 19:57:00,T,Merryfield,F,50,African American,Cardiology,True,6.0,26,0,0.32,0.6000000000000001
476-45-3645,2023-11-18 04:34:00,B,Gres,F,60,African American,Gastroenterology,True,5.0,13,0,0.06,0.5
489-73-9085,2023-04-26 20:35:00,G,Hattersley,F,9,African American,Gastroenterology,True,5.0,56,0,0.9200000000000002,0.5
753-59-2860,2023-10-18 18:17:00,K,Heaps,F,25,African American,Gastroenterology,True,5.0,48,0,0.76,0.5
676-76-4936,2023-05-05 09:05:00,N,Spino,F,3,African American,Gastroenterology,True,5.0,43,1,0.6599999999999999,0.5
393-40-5807,2023-09-18 16:08:00,R,Vossing,F,7,African American,Gastroenterology,True,5.0,32,0,0.44,0.5
540-88-7623,2023-08-05 16:03:00,T,Champney,F,5,African American,Gastroenterology,True,5.0,34,0,0.48000000000000004,0.5
724-35-7305,2024-03-02 05:26:00,U,Margery,F,67,African American,Gastroenterology,True,5.0,34,0,0.48000000000000004,0.5
548-85-7423,2023-05-03 14:51:00,X,Mcsarry,F,59,African American,Gastroenterology,True,5.0,45,1,0.7,0.5
366-28-5083,2023-09-24 15:49:00,Z,Cazalet,F,67,African American,Gastroenterology,True,5.0,14,0,0.08000000000000002,0.5
407-25-2841,2024-10-09 22:29:00,R,Thulborn,F,73,African American,Gastroenterology,True,3.0,16,0,0.12,0.30000000000000004
548-38-0350,2023-10-12 17:05:00,H,Pettiford,F,48,African American,Gastroenterology,True,4.0,35,0,0.5,0.4
250-28-2501,2023-10-06 21:18:00,W,Morch,F,70,African American,Gastroenterology,True,5.0,19,0,0.18,0.5
711-46-8034,2023-05-20 13:03:00,H,Miner,F,41,African American,Gastroenterology,True,10.0,53,1,0.8600000000000001,1.0
660-57-0260,2024-04-07 17:34:00,A,Douthwaite,F,8,African American,General Practice,True,5.0,11,0,0.01999999999999999,0.5
302-70-1794,2024-06-24 17:01:00,A,Arden,F,73,African American,General Practice,True,5.0,19,0,0.18,0.5
324-66-5621,2023-12-29 15:02:00,A,Ornillos,F,39,African American,General Practice,True,5.0,37,0,0.54,0.5
661-26-1636,2024-10-23 05:33:00,A,Williment,F,27,African American,General Practice,True,5.0,47,0,0.74,0.5
786-88-7335,2023-05-01 17:01:00,B,Normansell,F,7,African American,General Practice,True,5.0,19,1,0.18,0.5
803-38-7077,2024-07-14 09:21:00,B,Atton,F,18,African American,General Practice,True,5.0,24,0,0.27999999999999997,0.5
623-89-0066,2024-08-08 07:57:00,C,McGarahan,F,3,African American,General Practice,True,5.0,34,0,0.48000000000000004,0.5
325-83-3354,2023-09-25 05:41:00,D,Eastmead,F,24,African American,General Practice,True,5.0,28,0,0.36000000000000004,0.5
158-99-3168,2023-11-13 04:21:00,D,Benjamin,F,73,African American,General Practice,True,5.0,36,0,0.52,0.5
791-95-5994,2024-08-25 15:55:00,F,Steinson,F,33,African American,General Practice,True,5.0,40,0,0.6000000000000001,0.5
382-23-5205,2023-09-01 20:41:00,G,Cyples,F,25,African American,General Practice,True,5.0,11,0,0.01999999999999999,0.5
642-29-3297,2023-12-04 22:37:00,G,Geraldez,F,4,African American,General Practice,True,5.0,35,0,0.5,0.5
889-12-3929,2023-05-25 04:03:00,G,Ragate,F,8,African American,General Practice,True,5.0,35,1,0.5,0.5
852-89-5200,2024-09-15 03:37:00,G,Lope,F,7,African American,General Practice,True,5.0,43,0,0.6599999999999999,0.5
531-97-4128,2024-07-01 00:36:00,H,Bullier,F,49,African American,General Practice,True,5.0,21,0,0.21999999999999997,0.5
463-21-7365,2023-11-16 04:52:00,H,Starcks,F,17,African American,General Practice,True,5.0,45,0,0.7,0.5
367-01-0029,2024-10-15 17:31:00,I,Basili,F,10,African American,General Practice,True,5.0,40,0,0.6000000000000001,0.5
397-28-4915,2023-09-19 12:56:00,J,Paddington,F,2,African American,General Practice,True,5.0,56,0,0.9200000000000002,0.5
763-60-6360,2024-07-12 04:53:00,K,Scini,F,70,African American,General Practice,True,5.0,18,0,0.15999999999999998,0.5
396-78-3849,2023-07-28 19:26:00,K,Kiefer,F,29,African American,General Practice,True,5.0,38,0,0.56,0.5
284-11-1573,2024-06-15 19:32:00,K,Franzman,F,28,African American,General Practice,True,5.0,50,0,0.8,0.5
791-29-5321,2024-01-04 18:19:00,L,Stonbridge,F,64,African American,General Practice,True,5.0,55,0,0.9000000000000001,0.5
202-96-9613,2023-07-20 08:13:00,M,Abriani,F,5,African American,General Practice,True,5.0,21,0,0.21999999999999997,0.5
186-26-5228,2024-08-28 05:55:00,M,Spiring,F,29,African American,General Practice,True,5.0,26,0,0.32,0.5
852-91-2788,2023-12-15 00:17:00,M,Abele,F,66,African American,General Practice,True,5.0,60,0,1.0,0.5
706-76-0191,2024-07-25 15:08:00,O,Gallafant,F,29,African American,General Practice,True,5.0,53,0,0.8600000000000001,0.5
464-29-2369,2023-07-05 06:43:00,O,Mettrick,F,29,African American,General Practice,True,5.0,56,0,0.9200000000000002,0.5
384-90-4175,2024-05-20 18:52:00,P,Quickfall,F,37,African American,General Practice,True,5.0,15,0,0.09999999999999998,0.5
263-72-7906,2024-07-22 18:50:00,P,Yegorkin,F,58,African American,General Practice,True,5.0,26,0,0.32,0.5
399-26-0442,2023-12-22 17:46:00,P,Mattiazzo,F,49,African American,General Practice,True,5.0,27,0,0.34,0.5
164-11-5953,2024-09-10 21:29:00,P,Vardie,F,41,African American,General Practice,True,5.0,51,0,0.8200000000000001,0.5
430-99-6185,2023-05-06 12:21:00,Q,Jubert,F,12,African American,General Practice,True,5.0,12,1,0.03999999999999998,0.5
550-61-7079,2024-09-13 18:54:00,Q,Shark,F,4,African American,General Practice,True,5.0,14,0,0.08000000000000002,0.5
899-16-2971,2023-12-06 03:08:00,S,Lebel,F,17,African American,General Practice,True,5.0,48,0,0.76,0.5
877-31-9427,2023-09-05 22:20:00,S,Prazer,F,63,African American,General Practice,True,5.0,51,0,0.8200000000000001,0.5
178-16-4162,2023-10-31 01:37:00,T,Gueinn,F,56,African American,General Practice,True,5.0,22,0,0.24,0.5
283-02-9366,2024-09-02 19:02:00,U,Doulton,F,70,African American,General Practice,True,5.0,13,0,0.06,0.5
152-23-4004,2024-08-02 02:38:00,U,Radnage,F,62,African American,General Practice,True,5.0,31,0,0.42,0.5
174-15-0807,2023-10-12 02:15:00,U,Walsh,F,43,African American,General Practice,True,5.0,52,0,0.8400000000000001,0.5
180-98-5818,2024-10-11 05:32:00,V,Southall,F,18,African American,General Practice,True,5.0,59,0,0.98,0.5
273-01-8560,2024-06-17 16:20:00,W,Fewless,F,17,African American,General Practice,True,5.0,43,0,0.6599999999999999,0.5
730-64-2077,2023-09-24 14:00:00,X,Rankin,F,8,African American,General Practice,True,5.0,24,0,0.27999999999999997,0.5
624-82-6885,2023-06-18 06:17:00,X,Crofts,F,47,African American,General Practice,True,5.0,50,0,0.8,0.5
477-35-3889,2024-08-04 20:10:00,Y,Ticic,F,15,African American,General Practice,True,5.0,31,0,0.42,0.5
899-48-1776,2023-05-30 18:23:00,Y,Klemt,F,23,African American,General Practice,True,5.0,31,1,0.42,0.5
552-08-9390,2023-04-14 03:43:00,Y,Stobbie,F,66,African American,General Practice,True,5.0,41,0,0.6200000000000001,0.5
551-86-5733,2024-05-17 07:19:00,Y,Marklew,F,40,African American,General Practice,True,5.0,44,0,0.6799999999999999,0.5
842-59-0940,2024-09-18 09:37:00,Z,McDuffie,F,30,African American,General Practice,True,5.0,41,0,0.6200000000000001,0.5
468-44-0145,2023-07-08 01:02:00,C,Balma,F,37,African American,General Practice,True,1.0,58,0,0.96,0.1
519-49-3038,2023-07-14 07:42:00,N,Henrionot,F,50,African American,General Practice,True,3.0,13,0,0.06,0.30000000000000004
377-64-6766,2024-01-29 04:48:00,T,Ingreda,F,67,African American,General Practice,True,4.0,17,0,0.14,0.4
816-12-1573,2024-08-05 19:01:00,W,Fee,F,77,African American,General Practice,True,4.0,22,0,0.24,0.4
251-98-9445,2024-05-12 17:55:00,L,Treffry,F,71,African American,General Practice,True,5.0,54,0,0.8800000000000001,0.5
442-88-8033,2023-11-01 15:41:00,O,Winny,F,68,African American,General Practice,True,5.0,19,0,0.18,0.5
884-07-5896,2023-11-16 18:13:00,O,Stanyon,F,43,African American,General Practice,True,5.0,46,0,0.72,0.5
750-23-6816,2023-12-05 16:01:00,O,Knocker,F,11,African American,General Practice,True,5.0,54,0,0.8800000000000001,0.5
238-61-7262,2024-07-05 19:30:00,M,Bennedsen,F,6,African American,General Practice,True,6.0,17,0,0.14,0.6000000000000001
536-68-0475,2024-09-09 13:14:00,T,Shillaker,F,25,African American,General Practice,True,6.0,14,0,0.08000000000000002,0.6000000000000001
818-18-4773,2024-04-23 10:00:00,G,Faucett,F,64,African American,General Practice,True,7.0,41,0,0.6200000000000001,0.7000000000000001
549-91-5573,2024-04-15 02:23:00,M,Schaffel,F,47,African American,General Practice,True,8.0,30,0,0.39999999999999997,0.8
624-52-0442,2023-04-15 18:22:00,N,Stansby,F,52,African American,General Practice,True,8.0,58,0,0.96,0.8
199-42-7548,2023-04-21 12:54:00,F,Divell,F,47,African American,General Practice,True,9.0,50,0,0.8,0.9
815-67-5217,2024-07-28 21:57:00,K,Edlin,F,59,African American,General Practice,True,9.0,41,0,0.6200000000000001,0.9
297-21-1996,2024-05-03 15:50:00,N,Beat,F,11,African American,General Practice,True,9.0,53,0,0.8600000000000001,0.9
321-09-0448,2023-11-07 03:08:00,C,Skade,F,2,African American,General Practice,True,10.0,13,0,0.06,1.0
310-87-0319,2023-08-06 03:52:00,E,Abdee,F,65,African American,General Practice,True,10.0,19,0,0.18,1.0
737-16-3422,2023-05-21 08:35:00,E,Fellos,F,45,African American,General Practice,True,10.0,23,1,0.26,1.0
206-29-8584,2024-01-08 21:24:00,S,Fearnsides,F,17,African American,General Practice,True,10.0,58,0,0.96,1.0
359-09-1937,2024-09-16 16:36:00,A,Garioch,F,60,African American,Neurology,True,5.0,18,0,0.15999999999999998,0.5
783-39-5247,2023-12-15 13:03:00,B,Everingham,F,60,African American,Neurology,True,5.0,17,0,0.14,0.5
879-93-8813,2023-10-23 19:15:00,B,Waddell,F,12,African American,Neurology,True,5.0,55,0,0.9000000000000001,0.5
547-84-9622,2024-07-14 10:58:00,F,Torrance,F,10,African American,Neurology,True,5.0,15,0,0.09999999999999998,0.5
188-23-0231,2023-12-04 18:33:00,N,Greensite,F,58,African American,Neurology,True,5.0,55,0,0.9000000000000001,0.5
433-82-5158,2024-01-30 16:00:00,S,Broughton,F,35,African American,Neurology,True,5.0,16,0,0.12,0.5
154-31-5563,2023-10-31 00:52:00,U,Luca,F,55,African American,Neurology,True,5.0,34,0,0.48000000000000004,0.5
613-57-6485,2023-04-25 07:51:00,U,Dadswell,F,10,African American,Neurology,True,5.0,41,0,0.6200000000000001,0.5
422-80-2579,2024-06-10 23:30:00,Y,Hamments,F,31,African American,Neurology,True,5.0,36,0,0.52,0.5
250-66-4495,2024-02-05 17:34:00,V,Nabbs,F,38,African American,Neurology,True,2.0,38,0,0.56,0.2
431-70-7977,2023-06-27 00:30:00,A,Eatock,F,15,African American,Neurology,True,5.0,27,0,0.34,0.5
657-56-7706,2023-07-28 17:37:00,M,Manginot,F,75,African American,Neurology,True,5.0,59,0,0.98,0.5
668-87-0275,2024-10-24 22:42:00,E,Roiz,F,15,African American,Neurology,True,9.0,58,0,0.96,0.9
771-36-1122,2023-07-20 12:01:00,N,Itzhaiek,F,29,African American,No Referral,True,0.0,56,0,0.9200000000000002,0.0
209-61-6925,2024-10-01 21:49:00,S,Brumpton,F,68,African American,No Referral,True,0.0,56,0,0.9200000000000002,0.0
646-01-7174,2024-07-17 09:48:00,W,Grimster,F,24,African American,No Referral,True,0.0,47,0,0.74,0.0
168-26-7298,2024-06-09 06:16:00,X,Nann,F,21,African American,No Referral,True,0.0,40,0,0.6000000000000001,0.0
243-12-6070,2023-07-29 15:49:00,A,Flanner,F,76,African American,No Referral,True,1.0,32,0,0.44,0.1
778-27-1739,2024-07-12 15:52:00,C,Freathy,F,39,African American,No Referral,True,1.0,42,0,0.6399999999999999,0.1
456-85-7685,2024-06-10 00:10:00,P,Boyson,F,30,African American,No Referral,True,1.0,32,0,0.44,0.1
840-02-8126,2023-06-22 14:28:00,D,Parnby,F,45,African American,No Referral,True,2.0,12,0,0.03999999999999998,0.2
406-91-8582,2023-10-20 11:55:00,M,Romei,F,41,African American,No Referral,True,2.0,57,0,0.9400000000000002,0.2
302-30-5447,2024-06-26 09:31:00,Q,McAllester,F,77,African American,No Referral,True,2.0,44,0,0.6799999999999999,0.2
185-09-2897,2024-08-08 21:11:00,S,Prewer,F,78,African American,No Referral,True,2.0,21,0,0.21999999999999997,0.2
290-98-3369,2023-08-06 00:10:00,U,Shearman,F,79,African American,No Referral,True,2.0,28,0,0.36000000000000004,0.2
512-12-3157,2024-05-20 04:02:00,V,Stroud,F,21,African American,No Referral,True,2.0,18,0,0.15999999999999998,0.2
291-97-4031,2024-01-14 02:48:00,D,Churches,F,75,African American,No Referral,True,3.0,26,0,0.32,0.30000000000000004
752-27-1468,2023-04-13 22:43:00,D,Dedon,F,68,African American,No Referral,True,3.0,53,0,0.8600000000000001,0.30000000000000004
197-31-7419,2023-05-30 13:54:00,I,Zecchinelli,F,39,African American,No Referral,True,3.0,53,1,0.8600000000000001,0.30000000000000004
487-49-2870,2024-05-18 12:22:00,K,Adnam,F,61,African American,No Referral,True,3.0,15,0,0.09999999999999998,0.30000000000000004
680-23-3462,2023-08-12 19:48:00,L,Loseby,F,76,African American,No Referral,True,3.0,29,0,0.37999999999999995,0.30000000000000004
262-62-7521,2024-01-06 11:26:00,S,Daniau,F,22,African American,No Referral,True,3.0,50,0,0.8,0.30000000000000004
192-40-2024,2023-10-29 08:17:00,U,Pickworth,F,42,African American,No Referral,True,3.0,27,0,0.34,0.30000000000000004
801-12-2935,2024-05-10 00:55:00,Y,Sambrok,F,74,African American,No Referral,True,3.0,33,0,0.46,0.30000000000000004
825-59-4709,2023-12-27 10:34:00,Z,Primett,F,71,African American,No Referral,True,3.0,48,0,0.76,0.30000000000000004
675-90-7843,2023-06-27 17:11:00,A,Dykins,F,51,African American,No Referral,True,4.0,17,0,0.14,0.4
575-57-1946,2023-10-18 03:51:00,A,Pietrzak,F,41,African American,No Referral,True,4.0,21,0,0.21999999999999997,0.4
456-83-3428,2024-05-08 18:10:00,E,Keattch,F,1,African American,No Referral,True,4.0,17,0,0.14,0.4
838-47-2404,2024-04-13 04:31:00,J,Palphreyman,F,77,African American,No Referral,True,4.0,23,0,0.26,0.4
731-16-0726,2024-02-09 04:03:00,N,Le Fevre,F,77,African American,No Referral,True,4.0,36,0,0.52,0.4
890-17-4503,2023-04-29 01:15:00,Q,Kinsley,F,10,African American,No Referral,True,4.0,36,0,0.52,0.4
776-83-0168,2024-07-14 23:59:00,S,Bridgnell,F,24,African American,No Referral,True,4.0,28,0,0.36000000000000004,0.4
729-06-6771,2024-07-20 20:19:00,X,Woolrich,F,56,African American,No Referral,True,4.0,48,0,0.76,0.4
206-38-8998,2024-10-19 22:03:00,B,Gotmann,F,6,African American,No Referral,True,5.0,43,0,0.6599999999999999,0.5
547-80-7704,2024-10-14 05:02:00,M,Walster,F,17,African American,No Referral,True,5.0,47,0,0.74,0.5
595-17-3646,2023-10-28 16:27:00,N,Walasik,F,56,African American,No Referral,True,5.0,45,0,0.7,0.5
126-06-1498,2024-10-29 23:33:00,P,Yell,F,70,African American,No Referral,True,5.0,42,0,0.6399999999999999,0.5
713-45-4927,2024-05-10 05:01:00,Q,Looby,F,63,African American,No Referral,True,5.0,21,0,0.21999999999999997,0.5
639-41-9990,2024-01-15 21:39:00,Q,Baudy,F,18,African American,No Referral,True,5.0,60,0,1.0,0.5
507-70-6534,2023-09-13 12:51:00,U,Perch,F,48,African American,No Referral,True,5.0,52,0,0.8400000000000001,0.5
820-75-0266,2023-11-06 07:41:00,V,Hardeman,F,67,African American,No Referral,True,5.0,59,0,0.98,0.5
232-87-0576,2023-10-04 05:00:00,Y,Shurville,F,75,African American,No Referral,True,5.0,58,0,0.96,0.5
166-14-0422,2024-06-11 18:03:00,L,Cawte,F,50,African American,No Referral,True,6.0,21,0,0.21999999999999997,0.6000000000000001
569-52-7198,2024-05-28 11:40:00,T,Fiddymont,F,42,African American,No Referral,True,6.0,14,0,0.08000000000000002,0.6000000000000001
245-50-6682,2024-06-05 20:56:00,T,Mityukov,F,39,African American,No Referral,True,6.0,57,0,0.9400000000000002,0.6000000000000001
779-70-5458,2024-08-02 23:30:00,G,Faircloth,F,53,African American,No Referral,True,7.0,41,0,0.6200000000000001,0.7000000000000001
678-99-7710,2024-03-08 12:30:00,K,Sperry,F,3,African American,No Referral,True,7.0,27,0,0.34,0.7000000000000001
170-27-6532,2023-10-26 09:57:00,M,Barabich,F,37,African American,No Referral,True,7.0,24,0,0.27999999999999997,0.7000000000000001
377-36-2473,2024-06-25 06:17:00,T,Gilhooly,F,38,African American,No Referral,True,7.0,58,0,0.96,0.7000000000000001
488-25-3285,2023-07-09 02:42:00,E,Garroway,F,6,African American,No Referral,True,8.0,30,0,0.39999999999999997,0.8
591-74-8687,2023-04-08 08:12:00,W,Fargher,F,77,African American,No Referral,True,8.0,32,0,0.44,0.8
195-62-9243,2024-06-28 07:53:00,Y,De Bischop,F,12,African American,No Referral,True,8.0,54,0,0.8800000000000001,0.8
381-17-0498,2023-11-24 15:03:00,E,Haslum,F,15,African American,No Referral,True,9.0,24,0,0.27999999999999997,0.9
713-04-2906,2024-04-22 07:26:00,N,McClymont,F,45,African American,No Referral,True,9.0,41,0,0.6200000000000001,0.9
499-82-8133,2023-10-19 18:20:00,N,Clewer,F,49,African American,No Referral,True,9.0,58,0,0.96,0.9
853-74-7180,2023-11-19 00:35:00,Q,Tretwell,F,72,African American,No Referral,True,9.0,14,0,0.08000000000000002,0.9
215-82-5429,2023-10-19 14:46:00,Q,Goodread,F,50,African American,No Referral,True,9.0,57,0,0.9400000000000002,0.9
588-82-3045,2024-01-14 09:34:00,F,Hastin,F,44,African American,No Referral,True,10.0,21,0,0.21999999999999997,1.0
490-46-3294,2024-07-31 16:48:00,J,Drinkhall,F,48,African American,No Referral,True,10.0,37,0,0.54,1.0
845-71-7210,2023-09-16 22:41:00,Y,Wherrit,F,50,African American,No Referral,True,10.0,45,0,0.7,1.0
712-08-8150,2023-05-04 12:21:00,Z,Howton,F,30,African American,No Referral,True,10.0,36,1,0.52,1.0
727-44-0682,2024-02-26 15:57:00,B,Gealy,F,1,African American,Orthopedics,True,5.0,27,0,0.34,0.5
272-21-3976,2023-06-26 08:59:00,B,Coldicott,F,28,African American,Orthopedics,True,5.0,30,0,0.39999999999999997,0.5
176-25-2920,2024-05-22 01:05:00,B,Shanklin,F,1,African American,Orthopedics,True,5.0,39,0,0.5800000000000001,0.5
874-78-5105,2023-11-24 23:23:00,B,Marlin,F,43,African American,Orthopedics,True,5.0,50,0,0.8,0.5
302-92-2947,2023-05-08 02:11:00,D,Skatcher,F,66,African American,Orthopedics,True,5.0,31,1,0.42,0.5
778-27-5802,2024-06-30 09:07:00,D,Collymore,F,14,African American,Orthopedics,True,5.0,60,0,1.0,0.5
332-58-2941,2023-09-13 07:14:00,F,Helm,F,49,African American,Orthopedics,True,5.0,25,0,0.3,0.5
264-85-2192,2023-07-04 21:12:00,F,Rashleigh,F,50,African American,Orthopedics,True,5.0,25,0,0.3,0.5
852-08-4548,2023-10-11 17:26:00,F,Hardisty,F,76,African American,Orthopedics,True,5.0,40,0,0.6000000000000001,0.5
398-45-7125,2024-07-15 21:07:00,G,Butler,F,11,African American,Orthopedics,True,5.0,11,0,0.01999999999999999,0.5
120-35-8220,2023-11-26 14:18:00,G,Cromack,F,69,African American,Orthopedics,True,5.0,30,0,0.39999999999999997,0.5
868-66-3389,2023-10-31 16:40:00,G,Trunchion,F,2,African American,Orthopedics,True,5.0,47,0,0.74,0.5
450-76-1418,2023-10-13 13:08:00,H,Staff,F,27,African American,Orthopedics,True,5.0,13,0,0.06,0.5
648-42-6604,2023-07-11 15:15:00,H,Cherm,F,14,African American,Orthopedics,True,5.0,51,0,0.8200000000000001,0.5
612-81-7718,2023-10-26 06:22:00,I,Issacoff,F,18,African American,Orthopedics,True,5.0,36,0,0.52,0.5
432-18-6164,2024-07-29 21:43:00,J,Thouless,F,11,African American,Orthopedics,True,5.0,23,0,0.26,0.5
688-49-8033,2024-09-19 14:14:00,J,Prandin,F,17,African American,Orthopedics,True,5.0,51,0,0.8200000000000001,0.5
254-14-1466,2023-04-25 09:46:00,L,Robichon,F,35,African American,Orthopedics,True,5.0,21,0,0.21999999999999997,0.5
842-01-2749,2024-05-25 00:52:00,L,Latore,F,18,African American,Orthopedics,True,5.0,44,0,0.6799999999999999,0.5
597-02-5455,2024-09-10 06:36:00,M,Schleicher,F,5,African American,Orthopedics,True,5.0,30,0,0.39999999999999997,0.5
212-19-0545,2023-06-02 03:42:00,N,Barmadier,F,41,African American,Orthopedics,True,5.0,12,0,0.03999999999999998,0.5
593-38-7471,2023-12-27 22:28:00,N,Netherwood,F,62,African American,Orthopedics,True,5.0,32,0,0.44,0.5
333-09-7490,2024-05-25 21:28:00,O,Cawthery,F,72,African American,Orthopedics,True,5.0,24,0,0.27999999999999997,0.5
229-98-0118,2024-01-17 07:25:00,R,Dugmore,F,62,African American,Orthopedics,True,5.0,33,0,0.46,0.5
731-75-7101,2024-10-21 11:48:00,S,Simkovitz,F,64,African American,Orthopedics,True,5.0,30,0,0.39999999999999997,0.5
103-94-9474,2024-09-03 04:30:00,S,Ronald,F,68,African American,Orthopedics,True,5.0,30,0,0.39999999999999997,0.5
617-41-0266,2023-09-14 10:42:00,S,Dabourne,F,33,African American,Orthopedics,True,5.0,43,0,0.6599999999999999,0.5
171-02-6921,2023-04-23 18:31:00,S,Eustanch,F,3,African American,Orthopedics,True,5.0,50,0,0.8,0.5
421-79-3102,2023-10-23 04:06:00,T,Alway,F,56,African American,Orthopedics,True,5.0,19,0,0.18,0.5
723-91-6052,2024-09-12 08:50:00,V,Alday,F,43,African American,Orthopedics,True,5.0,25,0,0.3,0.5
327-18-9666,2023-11-12 20:18:00,V,Brakespear,F,17,African American,Orthopedics,True,5.0,60,0,1.0,0.5
465-96-7433,2024-07-19 04:21:00,W,Willshee,F,57,African American,Orthopedics,True,5.0,30,0,0.39999999999999997,0.5
734-01-2423,2024-07-13 19:48:00,W,Oleshunin,F,1,African American,Orthopedics,True,5.0,40,0,0.6000000000000001,0.5
504-30-7957,2024-06-17 19:15:00,X,Cutbirth,F,77,African American,Orthopedics,True,5.0,23,0,0.26,0.5
126-09-0081,2023-06-09 19:44:00,Y,Waiting,F,67,African American,Orthopedics,True,5.0,10,0,0.0,0.5
423-67-7757,2024-01-11 14:14:00,Y,Seagrave,F,66,African American,Orthopedics,True,5.0,60,0,1.0,0.5
796-98-4459,2024-10-12 16:16:00,Y,Outram,F,68,African American,Orthopedics,True,5.0,60,0,1.0,0.5
144-51-9050,2023-12-24 17:19:00,Z,Forber,F,39,African American,Orthopedics,True,5.0,51,0,0.8200000000000001,0.5
225-66-0995,2024-08-09 08:03:00,Z,Verden,F,46,African American,Orthopedics,True,5.0,53,0,0.8600000000000001,0.5
674-79-1988,2023-06-25 17:17:00,Z,Souter,F,9,African American,Orthopedics,True,5.0,56,0,0.9200000000000002,0.5
878-59-3101,2024-10-22 17:21:00,N,Lawful,F,38,African American,Orthopedics,True,0.0,39,0,0.5800000000000001,0.0
216-16-4089,2023-09-28 03:50:00,H,Rohloff,F,13,African American,Orthopedics,True,2.0,42,0,0.6399999999999999,0.2
482-47-8887,2024-05-05 07:56:00,C,Fibbit,F,23,African American,Orthopedics,True,3.0,58,0,0.96,0.30000000000000004
323-99-0794,2024-01-04 14:54:00,I,Ruselin,F,6,African American,Orthopedics,True,6.0,42,0,0.6399999999999999,0.6000000000000001
680-97-7540,2024-04-19 23:33:00,J,Ost,F,4,African American,Orthopedics,True,7.0,15,0,0.09999999999999998,0.7000000000000001
528-27-9854,2023-11-20 02:36:00,B,Brilon,F,69,African American,Orthopedics,True,8.0,48,0,0.76,0.8
596-74-9395,2024-10-03 05:15:00,B,Pridgeon,F,72,African American,Physiotherapy,True,5.0,27,0,0.34,0.5
684-49-5005,2024-08-06 09:02:00,E,Dimitriades,F,20,African American,Physiotherapy,True,5.0,44,0,0.6799999999999999,0.5
771-58-1297,2024-03-01 11:39:00,G,Chesney,F,33,African American,Physiotherapy,True,5.0,17,0,0.14,0.5
623-43-0277,2023-05-24 23:17:00,H,Gilford,F,28,African American,Physiotherapy,True,5.0,40,1,0.6000000000000001,0.5
121-38-6162,2023-08-29 14:15:00,T,Andrusyak,F,67,African American,Physiotherapy,True,5.0,30,0,0.39999999999999997,0.5
790-47-5011,2024-02-29 18:50:00,R,Cockle,F,31,African American,Physiotherapy,True,0.0,47,0,0.74,0.0
528-14-7644,2024-06-14 04:56:00,Z,Huntingdon,F,79,African American,Physiotherapy,True,10.0,43,0,0.6599999999999999,1.0
439-49-1454,2023-12-19 18:57:00,A,McKag,F,70,African American,Renal,True,5.0,56,0,0.9200000000000002,0.5
418-93-9376,2023-07-07 16:30:00,K,Beagles,F,53,African American,Renal,True,5.0,37,0,0.54,0.5
509-37-4729,2023-04-08 16:43:00,M,Bencher,F,25,African American,Renal,True,5.0,50,0,0.8,0.5
277-46-7550,2023-05-22 01:08:00,Y,Cleverly,F,46,African American,Renal,True,5.0,11,1,0.01999999999999999,0.5
509-82-3979,2023-06-08 00:40:00,J,Gamlen,F,37,Asian,Cardiology,True,5.0,34,0,0.48000000000000004,0.5
151-12-1817,2024-03-19 03:00:00,R,Murrhaupt,F,17,Asian,Cardiology,True,5.0,58,0,0.96,0.5
389-37-7548,2024-10-16 19:12:00,T,McGiffin,F,2,Asian,Cardiology,True,5.0,18,0,0.15999999999999998,0.5
436-34-8687,2023-05-22 15:25:00,U,Armytage,F,22,Asian,Cardiology,True,5.0,56,1,0.9200000000000002,0.5
359-65-8965,2023-04-29 02:43:00,N,Breyt,F,66,Asian,Cardiology,True,10.0,18,0,0.15999999999999998,1.0
441-37-7166,2023-07-30 03:29:00,G,Semor,F,58,Asian,Gastroenterology,True,5.0,48,0,0.76,0.5
592-43-3478,2023-11-27 03:18:00,I,Tschiersch,F,68,Asian,Gastroenterology,True,5.0,34,0,0.48000000000000004,0.5
381-25-6871,2024-07-04 13:46:00,N,Happer,F,41,Asian,Gastroenterology,True,5.0,22,0,0.24,0.5
184-86-0569,2023-10-21 10:11:00,V,Kilcullen,F,41,Asian,Gastroenterology,True,1.0,10,0,0.0,0.1
146-21-5418,2023-09-02 09:32:00,U,Stickles,F,22,Asian,Gastroenterology,True,7.0,18,0,0.15999999999999998,0.7000000000000001
719-53-4693,2023-10-10 11:02:00,C,Drinkhill,F,57,Asian,General Practice,True,5.0,58,0,0.96,0.5
464-32-0501,2024-07-15 21:14:00,D,Venners,F,15,Asian,General Practice,True,5.0,41,0,0.6200000000000001,0.5
418-42-2687,2023-12-05 01:52:00,E,Yendall,F,62,Asian,General Practice,True,5.0,45,0,0.7,0.5
863-62-1034,2024-05-21 18:59:00,F,Gamlen,F,33,Asian,General Practice,True,5.0,22,0,0.24,0.5
219-71-9644,2023-04-09 15:36:00,F,Paradin,F,19,Asian,General Practice,True,5.0,30,0,0.39999999999999997,0.5
601-70-5406,2024-09-20 23:32:00,F,Pena,F,22,Asian,General Practice,True,5.0,51,0,0.8200000000000001,0.5
797-42-0238,2024-06-04 23:32:00,H,Kuhl,F,21,Asian,General Practice,True,5.0,13,0,0.06,0.5
845-97-2213,2024-01-20 06:17:00,H,Willcot,F,42,Asian,General Practice,True,5.0,23,0,0.26,0.5
366-08-8943,2023-04-11 10:55:00,H,Bubeer,F,36,Asian,General Practice,True,5.0,40,0,0.6000000000000001,0.5
605-89-6750,2024-10-21 04:12:00,H,Scryne,F,55,Asian,General Practice,True,5.0,55,0,0.9000000000000001,0.5
385-81-2614,2023-11-17 08:59:00,H,Charpling,F,37,Asian,General Practice,True,5.0,58,0,0.96,0.5
413-17-8936,2024-05-21 21:13:00,H,Miere,F,61,Asian,General Practice,True,5.0,58,0,0.96,0.5
752-74-9026,2023-10-24 15:50:00,J,Madgett,F,42,Asian,General Practice,True,5.0,38,0,0.56,0.5
817-91-1171,2024-03-07 06:31:00,J,Leere,F,34,Asian,General Practice,True,5.0,51,0,0.8200000000000001,0.5
374-55-2198,2023-09-26 02:24:00,K,Barrim,F,62,Asian,General Practice,True,5.0,30,0,0.39999999999999997,0.5
438-63-2567,2024-05-02 20:26:00,L,Rex,F,15,Asian,General Practice,True,5.0,20,0,0.2,0.5
142-78-0838,2023-04-12 09:12:00,L,Mattusov,F,3,Asian,General Practice,True,5.0,29,0,0.37999999999999995,0.5
588-34-9582,2023-09-25 05:34:00,L,McGriffin,F,61,Asian,General Practice,True,5.0,44,0,0.6799999999999999,0.5
259-94-8763,2024-08-30 06:51:00,L,Belasco,F,51,Asian,General Practice,True,5.0,48,0,0.76,0.5
272-14-3969,2023-11-15 07:05:00,M,Bleby,F,32,Asian,General Practice,True,5.0,11,0,0.01999999999999999,0.5
166-24-3928,2024-09-21 05:12:00,M,Popham,F,70,Asian,General Practice,True,5.0,13,0,0.06,0.5
152-15-6583,2024-04-25 07:20:00,N,Stratley,F,34,Asian,General Practice,True,5.0,24,0,0.27999999999999997,0.5
457-08-7699,2023-12-05 01:33:00,N,Shills,F,32,Asian,General Practice,True,5.0,39,0,0.5800000000000001,0.5
595-49-5401,2024-07-02 15:16:00,O,Kench,F,72,Asian,General Practice,True,5.0,12,0,0.03999999999999998,0.5
424-98-4798,2023-11-15 19:44:00,P,Longshaw,F,15,Asian,General Practice,True,5.0,48,0,0.76,0.5
502-22-3736,2024-08-06 16:09:00,P,Di Franceshci,F,12,Asian,General Practice,True,5.0,49,0,0.78,0.5
519-85-8257,2024-02-07 05:37:00,Q,Asif,F,60,Asian,General Practice,True,5.0,21,0,0.21999999999999997,0.5
810-56-7934,2023-09-03 21:33:00,Q,Perton,F,27,Asian,General Practice,True,5.0,23,0,0.26,0.5
277-46-8394,2024-09-26 09:37:00,R,Farney,F,58,Asian,General Practice,True,5.0,10,0,0.0,0.5
222-81-0128,2023-04-10 01:20:00,S,Ricardin,F,55,Asian,General Practice,True,5.0,20,0,0.2,0.5
655-78-5772,2024-04-24 14:08:00,U,Korda,F,59,Asian,General Practice,True,5.0,54,0,0.8800000000000001,0.5
658-77-0611,2024-08-11 21:39:00,V,Gittens,F,49,Asian,General Practice,True,5.0,58,0,0.96,0.5
150-06-3104,2024-05-14 17:00:00,W,Melland,F,20,Asian,General Practice,True,5.0,10,0,0.0,0.5
632-73-1326,2023-05-25 12:17:00,W,Coltman,F,52,Asian,General Practice,True,5.0,26,1,0.32,0.5
354-85-6127,2024-09-26 07:45:00,X,Askham,F,21,Asian,General Practice,True,5.0,50,0,0.8,0.5
444-76-3586,2024-06-27 11:43:00,X,Butchers,F,33,Asian,General Practice,True,5.0,58,0,0.96,0.5
547-37-9917,2024-06-15 14:00:00,Y,Dayborne,F,13,Asian,General Practice,True,5.0,37,0,0.54,0.5
811-63-4808,2023-11-12 06:24:00,Y,Dolohunty,F,73,Asian,General Practice,True,5.0,40,0,0.6000000000000001,0.5
835-53-2620,2024-05-13 09:36:00,Z,Beatson,F,44,Asian,General Practice,True,5.0,11,0,0.01999999999999999,0.5
377-52-6375,2024-08-12 01:13:00,Z,Gabe,F,78,Asian,General Practice,True,5.0,38,0,0.56,0.5
534-94-9959,2023-12-24 07:15:00,Y,Fitt,F,60,Asian,General Practice,True,0.0,10,0,0.0,0.0
524-48-9686,2024-10-20 12:24:00,M,Ollerhad,F,79,Asian,General Practice,True,1.0,44,0,0.6799999999999999,0.1
867-05-4344,2023-04-16 02:26:00,S,Gimlet,F,31,Asian,General Practice,True,1.0,27,0,0.34,0.1
826-35-4257,2023-08-28 07:47:00,J,Delhay,F,25,Asian,General Practice,True,2.0,35,0,0.5,0.2
344-07-4253,2024-10-01 07:50:00,Q,Pinshon,F,39,Asian,General Practice,True,2.0,44,0,0.6799999999999999,0.2
422-17-9207,2024-09-08 01:45:00,R,Drewe,F,54,Asian,General Practice,True,3.0,44,0,0.6799999999999999,0.30000000000000004
881-28-1862,2024-07-30 14:42:00,J,Deniso,F,63,Asian,General Practice,True,5.0,23,0,0.26,0.5
356-20-1445,2023-12-13 04:51:00,T,O' Hern,F,56,Asian,General Practice,True,5.0,10,0,0.0,0.5
758-69-7526,2023-10-01 14:19:00,Y,Durning,F,13,Asian,General Practice,True,7.0,48,0,0.76,0.7000000000000001
152-64-9915,2024-03-16 16:13:00,Y,Brimm,F,70,Asian,General Practice,True,7.0,57,0,0.9400000000000002,0.7000000000000001
562-51-2259,2023-06-27 13:10:00,L,Longhorn,F,22,Asian,General Practice,True,8.0,34,0,0.48000000000000004,0.8
679-45-5128,2023-08-20 19:50:00,C,Wake,F,33,Asian,General Practice,True,9.0,25,0,0.3,0.9
542-01-8930,2024-01-20 23:57:00,J,Arnecke,F,23,Asian,General Practice,True,10.0,42,0,0.6399999999999999,1.0
546-46-2582,2024-05-06 23:46:00,U,Makiver,F,6,Asian,Neurology,True,5.0,31,0,0.42,0.5
272-77-4899,2023-06-07 22:59:00,Y,Cheltnam,F,12,Asian,Neurology,True,5.0,28,0,0.36000000000000004,0.5
887-12-8505,2024-10-15 23:29:00,J,Blais,F,41,Asian,Neurology,True,1.0,58,0,0.96,0.1
863-35-4422,2024-04-19 18:33:00,E,Grzes,F,10,Asian,No Referral,True,0.0,58,0,0.96,0.0
692-09-6269,2024-03-29 13:09:00,K,Bussons,F,71,Asian,No Referral,True,0.0,53,0,0.8600000000000001,0.0
594-59-0732,2024-09-27 07:00:00,U,Tuckley,F,32,Asian,No Referral,True,0.0,47,0,0.74,0.0
758-79-5456,2023-08-03 23:19:00,W,MacKilroe,F,38,Asian,No Referral,True,0.0,46,0,0.72,0.0
539-79-7693,2023-10-14 05:07:00,Z,Burtenshaw,F,32,Asian,No Referral,True,0.0,32,0,0.44,0.0
180-22-8491,2023-05-02 19:46:00,A,Gadsdon,F,42,Asian,No Referral,True,1.0,37,1,0.54,0.1
424-09-2525,2024-04-18 22:59:00,C,Beadel,F,33,Asian,No Referral,True,1.0,39,0,0.5800000000000001,0.1
508-60-4216,2023-06-10 02:05:00,F,Geffe,F,78,Asian,No Referral,True,1.0,12,0,0.03999999999999998,0.1
861-97-8016,2024-01-27 09:41:00,L,Edgington,F,41,Asian,No Referral,True,1.0,14,0,0.08000000000000002,0.1
696-37-4637,2023-10-23 18:29:00,G,Farres,F,17,Asian,No Referral,True,2.0,60,0,1.0,0.2
411-87-1178,2024-10-14 01:27:00,I,Maleham,F,33,Asian,No Referral,True,2.0,33,0,0.46,0.2
737-27-3803,2023-10-27 16:48:00,M,Blown,F,23,Asian,No Referral,True,2.0,24,0,0.27999999999999997,0.2
324-66-3926,2023-04-18 12:05:00,S,Aleso,F,34,Asian,No Referral,True,2.0,60,0,1.0,0.2
199-06-1284,2024-04-06 08:16:00,G,Tibb,F,32,Asian,No Referral,True,3.0,30,0,0.39999999999999997,0.30000000000000004
170-66-2703,2024-08-02 12:42:00,N,Casely,F,11,Asian,No Referral,True,3.0,22,0,0.24,0.30000000000000004
713-58-6734,2024-03-06 18:16:00,O,Riccione,F,42,Asian,No Referral,True,3.0,28,0,0.36000000000000004,0.30000000000000004
225-50-9516,2023-11-24 15:56:00,S,Broadfield,F,71,Asian,No Referral,True,3.0,14,0,0.08000000000000002,0.30000000000000004
338-57-1208,2024-01-01 23:48:00,S,Samwayes,F,5,Asian,No Referral,True,3.0,47,0,0.74,0.30000000000000004
738-87-2087,2024-06-19 13:47:00,Y,Jiroudek,F,3,Asian,No Referral,True,3.0,18,0,0.15999999999999998,0.30000000000000004
502-63-7645,2024-03-25 20:18:00,K,Breacher,F,74,Asian,No Referral,True,4.0,26,0,0.32,0.4
299-88-9041,2024-02-14 12:57:00,M,Franzel,F,29,Asian,No Referral,True,4.0,43,0,0.6599999999999999,0.4
445-98-3362,2023-11-03 18:04:00,N,Ebertz,F,65,Asian,No Referral,True,4.0,21,0,0.21999999999999997,0.4
752-09-3325,2023-07-22 22:47:00,U,Godsmark,F,29,Asian,No Referral,True,4.0,40,0,0.6000000000000001,0.4
560-18-9530,2024-07-29 22:47:00,I,Patsall,F,43,Asian,No Referral,True,5.0,48,0,0.76,0.5
380-93-9949,2023-04-18 00:05:00,A,Dorie,F,2,Asian,No Referral,True,6.0,39,0,0.5800000000000001,0.6000000000000001
756-50-0652,2024-05-25 21:07:00,P,Tainton,F,50,Asian,No Referral,True,6.0,48,0,0.76,0.6000000000000001
439-06-2525,2024-04-16 03:39:00,A,Nyssens,F,64,Asian,No Referral,True,7.0,10,0,0.0,0.7000000000000001
581-49-3932,2023-05-04 02:39:00,B,Boller,F,26,Asian,No Referral,True,7.0,29,1,0.37999999999999995,0.7000000000000001
704-29-6937,2024-05-04 18:36:00,C,Johnsee,F,39,Asian,No Referral,True,7.0,17,0,0.14,0.7000000000000001
743-80-6642,2024-09-04 19:59:00,D,McMichael,F,47,Asian,No Referral,True,7.0,32,0,0.44,0.7000000000000001
313-31-2353,2023-08-03 00:27:00,F,Wellington,F,30,Asian,No Referral,True,7.0,40,0,0.6000000000000001,0.7000000000000001
574-42-7411,2023-09-11 15:13:00,K,Sharpless,F,21,Asian,No Referral,True,7.0,31,0,0.42,0.7000000000000001
618-49-0866,2023-11-27 00:32:00,N,Dunseath,F,1,Asian,No Referral,True,8.0,14,0,0.08000000000000002,0.8
519-82-9080,2023-10-22 15:09:00,W,D'Angeli,F,23,Asian,No Referral,True,8.0,53,0,0.8600000000000001,0.8
645-75-6454,2023-05-26 22:54:00,C,Mouser,F,60,Asian,No Referral,True,9.0,24,1,0.27999999999999997,0.9
845-28-0750,2023-04-10 03:49:00,D,Sikorsky,F,18,Asian,No Referral,True,9.0,50,0,0.8,0.9
747-67-5371,2024-10-15 12:17:00,L,Dracey,F,2,Asian,No Referral,True,9.0,54,0,0.8800000000000001,0.9
244-72-1639,2023-12-01 23:57:00,N,Howood,F,27,Asian,No Referral,True,9.0,59,0,0.98,0.9
222-04-8858,2024-02-18 05:38:00,U,Geram,F,64,Asian,No Referral,True,9.0,42,0,0.6399999999999999,0.9
321-88-9571,2024-06-10 19:04:00,J,Steade,F,53,Asian,No Referral,True,10.0,33,0,0.46,1.0
605-85-1839,2023-08-18 10:59:00,K,Vanshin,F,20,Asian,No Referral,True,10.0,56,0,0.9200000000000002,1.0
621-66-7813,2024-02-25 15:05:00,V,Hawick,F,40,Asian,No Referral,True,10.0,36,0,0.52,1.0
732-68-6339,2023-09-30 01:30:00,X,Gianni,F,29,Asian,No Referral,True,10.0,53,0,0.8600000000000001,1.0
887-69-1907,2024-10-11 12:33:00,A,Dowker,F,35,Asian,Orthopedics,True,5.0,27,0,0.34,0.5
845-69-9025,2024-04-16 20:07:00,A,Duffield,F,49,Asian,Orthopedics,True,5.0,58,0,0.96,0.5
343-23-0272,2024-04-21 19:45:00,B,Mordan,F,65,Asian,Orthopedics,True,5.0,14,0,0.08000000000000002,0.5
507-75-5145,2024-04-03 08:19:00,C,Guite,F,22,Asian,Orthopedics,True,5.0,52,0,0.8400000000000001,0.5
703-94-1485,2024-07-16 13:29:00,D,Morey,F,68,Asian,Orthopedics,True,5.0,15,0,0.09999999999999998,0.5
312-94-8735,2023-12-02 19:36:00,D,Coutthart,F,69,Asian,Orthopedics,True,5.0,37,0,0.54,0.5
694-75-1010,2024-05-31 13:47:00,E,Daspar,F,4,Asian,Orthopedics,True,5.0,15,0,0.09999999999999998,0.5
208-42-8204,2024-02-02 00:27:00,E,Andrichuk,F,52,Asian,Orthopedics,True,5.0,58,0,0.96,0.5
342-20-9295,2024-01-28 03:02:00,E,Revey,F,16,Asian,Orthopedics,True,5.0,59,0,0.98,0.5
133-65-2351,2023-05-03 04:59:00,H,de la Valette Parisot,F,76,Asian,Orthopedics,True,5.0,57,1,0.9400000000000002,0.5
452-46-7406,2024-04-26 09:04:00,I,Kenworthey,F,40,Asian,Orthopedics,True,5.0,42,0,0.6399999999999999,0.5
553-53-6240,2023-06-27 11:21:00,K,Loade,F,17,Asian,Orthopedics,True,5.0,13,0,0.06,0.5
455-54-8491,2024-02-10 05:02:00,K,Yeskin,F,71,Asian,Orthopedics,True,5.0,29,0,0.37999999999999995,0.5
139-06-1169,2024-06-01 18:17:00,P,Swann,F,24,Asian,Orthopedics,True,5.0,48,0,0.76,0.5
384-72-1340,2024-09-10 12:18:00,P,Duester,F,15,Asian,Orthopedics,True,5.0,55,0,0.9000000000000001,0.5
740-27-0503,2024-01-12 09:37:00,Q,Lodwick,F,30,Asian,Orthopedics,True,5.0,49,0,0.78,0.5
757-65-1358,2023-09-25 21:52:00,T,Sparkwill,F,12,Asian,Orthopedics,True,5.0,11,0,0.01999999999999999,0.5
411-44-1446,2024-01-25 19:12:00,U,Stamper,F,65,Asian,Orthopedics,True,5.0,11,0,0.01999999999999999,0.5
477-84-3629,2023-04-14 14:31:00,Z,Body,F,28,Asian,Orthopedics,True,5.0,55,0,0.9000000000000001,0.5
267-77-7081,2024-10-12 12:53:00,V,Heavy,F,46,Asian,Orthopedics,True,3.0,38,0,0.56,0.30000000000000004
256-75-5796,2023-10-22 21:29:00,F,Trinke,F,75,Asian,Orthopedics,True,4.0,30,0,0.39999999999999997,0.4
425-64-6539,2023-09-30 09:33:00,T,Evason,F,10,Asian,Orthopedics,True,5.0,32,0,0.44,0.5
517-10-4550,2023-06-17 10:43:00,J,Spearett,F,47,Asian,Orthopedics,True,10.0,58,0,0.96,1.0
151-30-1903,2023-12-31 02:51:00,E,Stannis,F,50,Asian,Physiotherapy,True,5.0,55,0,0.9000000000000001,0.5
638-04-9364,2023-05-13 02:11:00,G,Maps,F,14,Asian,Physiotherapy,True,5.0,24,1,0.27999999999999997,0.5
710-54-8702,2023-12-04 23:50:00,O,Quayle,F,75,Asian,Physiotherapy,True,5.0,58,0,0.96,0.5
409-18-9979,2024-08-09 10:55:00,S,Wayvill,F,52,Asian,Physiotherapy,True,5.0,18,0,0.15999999999999998,0.5
107-94-1465,2024-10-05 18:48:00,A,Flintoft,F,65,Asian,Physiotherapy,True,0.0,11,0,0.01999999999999999,0.0
577-71-3589,2024-07-25 04:07:00,X,Nutbeem,F,49,Asian,Physiotherapy,True,4.0,15,0,0.09999999999999998,0.4
156-93-3447,2023-08-05 05:52:00,I,Shakespear,F,5,Asian,Physiotherapy,True,6.0,23,0,0.26,0.6000000000000001
865-43-3940,2023-07-15 10:03:00,H,Hallitt,F,71,Asian,Physiotherapy,True,8.0,42,0,0.6399999999999999,0.8
529-80-3128,2024-02-18 20:22:00,J,Meaking,F,13,Asian,Renal,True,5.0,27,0,0.34,0.5
753-03-6126,2024-02-24 05:05:00,X,Gibke,F,43,Asian,Renal,True,5.0,14,0,0.08000000000000002,0.5
203-07-9453,2024-02-27 20:55:00,X,Ghiriardelli,F,36,Asian,Renal,True,5.0,42,0,0.6399999999999999,0.5
109-71-9959,2024-07-07 05:34:00,J,Ripon,F,13,Asian,Renal,True,6.0,59,0,0.98,0.6000000000000001
214-01-2199,2023-10-19 09:13:00,A,Dundendale,F,3,Declined to Identify,Cardiology,True,5.0,12,0,0.03999999999999998,0.5
598-54-0367,2023-09-22 02:55:00,G,Lattin,F,74,Declined to Identify,Cardiology,True,5.0,50,0,0.8,0.5
208-59-6965,2024-01-25 03:24:00,K,Di Franceshci,F,15,Declined to Identify,Cardiology,True,5.0,24,0,0.27999999999999997,0.5
166-10-4126,2024-03-12 10:41:00,M,Nockalls,F,71,Declined to Identify,Cardiology,True,5.0,28,0,0.36000000000000004,0.5
388-09-3917,2024-01-21 22:23:00,N,Ambrosch,F,69,Declined to Identify,Cardiology,True,5.0,37,0,0.54,0.5
113-42-6171,2023-08-21 03:43:00,Q,Karadzas,F,10,Declined to Identify,Cardiology,True,5.0,52,0,0.8400000000000001,0.5
668-36-4442,2024-09-02 08:43:00,G,Godly,F,16,Declined to Identify,Gastroenterology,True,5.0,54,0,0.8800000000000001,0.5
265-77-1242,2024-08-22 08:12:00,M,Fawlo,F,49,Declined to Identify,Gastroenterology,True,5.0,55,0,0.9000000000000001,0.5
536-86-9352,2024-07-06 16:26:00,Y,Moult,F,63,Declined to Identify,Gastroenterology,True,5.0,33,0,0.46,0.5
875-18-8746,2023-06-01 10:55:00,A,Renzini,F,63,Declined to Identify,General Practice,True,5.0,41,0,0.6200000000000001,0.5
739-88-4514,2023-05-07 17:58:00,A,Repp,F,51,Declined to Identify,General Practice,True,5.0,51,1,0.8200000000000001,0.5
689-39-0776,2023-05-29 15:49:00,B,Housbey,F,62,Declined to Identify,General Practice,True,5.0,17,1,0.14,0.5
243-21-3862,2024-07-07 19:38:00,D,Livick,F,9,Declined to Identify,General Practice,True,5.0,15,0,0.09999999999999998,0.5
663-28-2643,2024-09-25 20:49:00,D,Enrietto,F,61,Declined to Identify,General Practice,True,5.0,33,0,0.46,0.5
124-82-5230,2024-01-18 17:38:00,D,Coster,F,74,Declined to Identify,General Practice,True,5.0,44,0,0.6799999999999999,0.5
302-08-4790,2023-07-09 21:13:00,F,Trahear,F,3,Declined to Identify,General Practice,True,5.0,10,0,0.0,0.5
420-78-7513,2023-04-09 12:10:00,F,MacInerney,F,78,Declined to Identify,General Practice,True,5.0,27,0,0.34,0.5
709-58-4115,2023-11-05 06:26:00,G,Freak,F,2,Declined to Identify,General Practice,True,5.0,19,0,0.18,0.5
658-42-0940,2023-12-20 23:50:00,H,Sturley,F,6,Declined to Identify,General Practice,True,5.0,19,0,0.18,0.5
412-75-8243,2023-04-17 21:17:00,H,Mansour,F,78,Declined to Identify,General Practice,True,5.0,30,0,0.39999999999999997,0.5
522-95-4823,2023-09-07 14:12:00,H,Gerardet,F,18,Declined to Identify,General Practice,True,5.0,33,0,0.46,0.5
291-35-7777,2024-01-12 17:44:00,H,Tangye,F,75,Declined to Identify,General Practice,True,5.0,41,0,0.6200000000000001,0.5
717-55-4547,2024-02-05 15:53:00,H,Abelwhite,F,3,Declined to Identify,General Practice,True,5.0,42,0,0.6399999999999999,0.5
863-58-2563,2024-01-04 01:09:00,I,Baynton,F,52,Declined to Identify,General Practice,True,5.0,14,0,0.08000000000000002,0.5
372-25-7518,2023-04-02 15:52:00,K,Hambly,F,67,Declined to Identify,General Practice,True,5.0,22,0,0.24,0.5
709-74-1500,2024-01-24 19:29:00,L,Barson,F,32,Declined to Identify,General Practice,True,5.0,15,0,0.09999999999999998,0.5
342-63-6565,2023-12-18 05:47:00,L,Sleany,F,3,Declined to Identify,General Practice,True,5.0,16,0,0.12,0.5
740-24-2394,2023-08-29 12:41:00,M,Grinvalds,F,37,Declined to Identify,General Practice,True,5.0,57,0,0.9400000000000002,0.5
574-16-1174,2024-05-31 07:16:00,O,Cutchie,F,66,Declined to Identify,General Practice,True,5.0,31,0,0.42,0.5
678-15-3957,2023-05-02 16:55:00,Q,Lukasik,F,45,Declined to Identify,General Practice,True,5.0,19,1,0.18,0.5
483-85-8123,2024-08-03 20:56:00,Q,Flamank,F,5,Declined to Identify,General Practice,True,5.0,34,0,0.48000000000000004,0.5
398-80-1558,2024-10-10 18:30:00,R,Eliassen,F,76,Declined to Identify,General Practice,True,5.0,10,0,0.0,0.5
280-55-2076,2024-09-07 14:46:00,S,Goldine,F,6,Declined to Identify,General Practice,True,5.0,21,0,0.21999999999999997,0.5
312-76-7073,2023-12-16 03:43:00,T,Karpenya,F,24,Declined to Identify,General Practice,True,5.0,44,0,0.6799999999999999,0.5
188-21-0592,2024-08-20 01:57:00,U,Shoveller,F,65,Declined to Identify,General Practice,True,5.0,24,0,0.27999999999999997,0.5
303-52-1484,2023-04-25 15:33:00,U,Milam,F,16,Declined to Identify,General Practice,True,5.0,41,0,0.6200000000000001,0.5
741-39-0715,2023-08-08 05:07:00,V,Wimpenny,F,61,Declined to Identify,General Practice,True,5.0,32,0,0.44,0.5
669-67-1385,2024-08-26 20:54:00,V,D'Agostino,F,3,Declined to Identify,General Practice,True,5.0,58,0,0.96,0.5
196-82-1441,2024-09-20 14:31:00,X,Kos,F,14,Declined to Identify,General Practice,True,5.0,17,0,0.14,0.5
418-06-2956,2023-08-19 16:28:00,X,Tarver,F,6,Declined to Identify,General Practice,True,5.0,60,0,1.0,0.5
739-19-5155,2023-10-13 10:23:00,A,Baudichon,F,73,Declined to Identify,General Practice,True,0.0,30,0,0.39999999999999997,0.0
677-14-1863,2024-05-24 09:35:00,B,Carvilla,F,17,Declined to Identify,General Practice,True,1.0,57,0,0.9400000000000002,0.1
885-77-1156,2023-06-12 04:13:00,Q,Dun,F,34,Declined to Identify,General Practice,True,2.0,23,0,0.26,0.2
898-29-8913,2023-04-19 08:32:00,B,Champneys,F,54,Declined to Identify,General Practice,True,4.0,19,0,0.18,0.4
589-45-6897,2024-07-29 03:03:00,K,Burhill,F,56,Declined to Identify,General Practice,True,4.0,49,0,0.78,0.4
156-95-7483,2023-09-06 01:37:00,A,Barmadier,F,27,Declined to Identify,General Practice,True,6.0,49,0,0.78,0.6000000000000001
215-81-1749,2024-06-15 04:32:00,N,Pidgeon,F,18,Declined to Identify,General Practice,True,7.0,57,0,0.9400000000000002,0.7000000000000001
676-68-0533,2023-11-10 11:43:00,O,Kinzett,F,14,Declined to Identify,General Practice,True,7.0,53,0,0.8600000000000001,0.7000000000000001
182-57-2436,2024-08-27 07:11:00,H,Stannas,F,34,Declined to Identify,General Practice,True,8.0,11,0,0.01999999999999999,0.8
218-35-3191,2024-05-29 14:39:00,K,Jiroutka,F,60,Declined to Identify,General Practice,True,9.0,57,0,0.9400000000000002,0.9
319-81-9733,2023-05-03 09:15:00,L,Bilton,F,58,Declined to Identify,General Practice,True,9.0,33,1,0.46,0.9
447-04-3850,2024-07-28 02:11:00,F,Lukianov,F,37,Declined to Identify,General Practice,True,10.0,49,0,0.78,1.0
157-79-9833,2023-07-15 11:06:00,X,Daubeny,F,68,Declined to Identify,General Practice,True,10.0,22,0,0.24,1.0
771-87-6088,2024-08-24 06:24:00,F,Biskup,F,14,Declined to Identify,Neurology,True,5.0,22,0,0.24,0.5
332-35-8330,2024-05-10 04:55:00,O,Dolbey,F,14,Declined to Identify,Neurology,True,5.0,19,0,0.18,0.5
870-81-2711,2024-09-05 12:39:00,O,Gally,F,42,Declined to Identify,Neurology,True,5.0,60,0,1.0,0.5
846-18-6745,2023-12-16 19:33:00,R,Sellman,F,68,Declined to Identify,Neurology,True,5.0,12,0,0.03999999999999998,0.5
409-76-4070,2024-08-20 05:49:00,T,Urpeth,F,39,Declined to Identify,Neurology,True,5.0,46,0,0.72,0.5
836-04-7358,2024-06-29 23:34:00,X,Proschek,F,61,Declined to Identify,Neurology,True,8.0,27,0,0.34,0.8
133-48-6468,2023-05-25 19:16:00,D,Bohlmann,F,32,Declined to Identify,No Referral,True,0.0,30,1,0.39999999999999997,0.0
182-88-7190,2024-01-17 17:08:00,X,Favill,F,47,Declined to Identify,No Referral,True,0.0,52,0,0.8400000000000001,0.0
365-46-9248,2023-11-19 11:56:00,J,Jenyns,F,77,Declined to Identify,No Referral,True,1.0,56,0,0.9200000000000002,0.1
669-58-8180,2023-04-20 16:36:00,L,Moynham,F,56,Declined to Identify,No Referral,True,1.0,15,0,0.09999999999999998,0.1
611-46-9532,2024-09-15 17:18:00,T,Comini,F,37,Declined to Identify,No Referral,True,1.0,35,0,0.5,0.1
891-94-6941,2023-07-13 04:44:00,Y,Sanpher,F,25,Declined to Identify,No Referral,True,1.0,20,0,0.2,0.1
357-17-7158,2023-05-16 20:32:00,Y,Keys,F,79,Declined to Identify,No Referral,True,1.0,45,1,0.7,0.1
713-14-9027,2024-06-12 12:38:00,X,Kearsley,F,1,Declined to Identify,No Referral,True,2.0,41,0,0.6200000000000001,0.2
397-07-5239,2023-11-12 13:01:00,E,Haliday,F,11,Declined to Identify,No Referral,True,3.0,57,0,0.9400000000000002,0.30000000000000004
353-90-2932,2023-06-01 04:32:00,P,Sangwin,F,19,Declined to Identify,No Referral,True,3.0,10,0,0.0,0.30000000000000004
766-41-7394,2023-11-29 21:32:00,S,Ogborne,F,32,Declined to Identify,No Referral,True,3.0,34,0,0.48000000000000004,0.30000000000000004
101-13-4808,2023-04-25 01:36:00,V,Gowdridge,F,30,Declined to Identify,No Referral,True,3.0,30,0,0.39999999999999997,0.30000000000000004
821-49-1763,2023-08-11 09:51:00,V,Bullent,F,68,Declined to Identify,No Referral,True,3.0,34,0,0.48000000000000004,0.30000000000000004
633-10-2308,2023-04-21 10:20:00,F,Ruff,F,19,Declined to Identify,No Referral,True,4.0,15,0,0.09999999999999998,0.4
883-57-5626,2024-06-17 16:05:00,F,Roon,F,41,Declined to Identify,No Referral,True,4.0,22,0,0.24,0.4
270-22-3564,2023-06-05 05:07:00,V,Swindall,F,21,Declined to Identify,No Referral,True,4.0,26,0,0.32,0.4
561-60-1178,2023-12-11 14:23:00,C,Speedin,F,72,Declined to Identify,No Referral,True,5.0,12,0,0.03999999999999998,0.5
527-55-8690,2024-03-13 10:11:00,N,Chazier,F,27,Declined to Identify,No Referral,True,5.0,48,0,0.76,0.5
320-82-5563,2024-01-01 08:57:00,S,Rubel,F,5,Declined to Identify,No Referral,True,5.0,14,0,0.08000000000000002,0.5
446-49-0800,2023-08-12 13:25:00,D,Thomazin,F,65,Declined to Identify,No Referral,True,6.0,56,0,0.9200000000000002,0.6000000000000001
551-28-9613,2024-01-18 13:07:00,E,Yancey,F,10,Declined to Identify,No Referral,True,6.0,18,0,0.15999999999999998,0.6000000000000001
370-96-9793,2023-09-29 14:54:00,L,Vernazza,F,59,Declined to Identify,No Referral,True,7.0,25,0,0.3,0.7000000000000001
756-61-8835,2023-12-24 23:11:00,Q,Emney,F,72,Declined to Identify,No Referral,True,7.0,44,0,0.6799999999999999,0.7000000000000001
885-91-3054,2024-02-03 10:51:00,C,Bernhard,F,23,Declined to Identify,No Referral,True,8.0,42,0,0.6399999999999999,0.8
814-54-8172,2023-04-16 00:20:00,G,Younie,F,31,Declined to Identify,No Referral,True,8.0,20,0,0.2,0.8
145-63-3518,2023-07-13 02:26:00,H,Devonald,F,78,Declined to Identify,No Referral,True,8.0,38,0,0.56,0.8
292-38-8567,2024-07-12 06:29:00,K,Gianilli,F,59,Declined to Identify,No Referral,True,8.0,32,0,0.44,0.8
614-78-5353,2023-05-20 08:48:00,R,Juza,F,46,Declined to Identify,No Referral,True,9.0,31,1,0.42,0.9
800-88-0642,2024-05-31 04:27:00,Y,Sorel,F,56,Declined to Identify,No Referral,True,9.0,12,0,0.03999999999999998,0.9
433-91-7582,2024-10-20 14:29:00,C,Legge,F,57,Declined to Identify,No Referral,True,10.0,15,0,0.09999999999999998,1.0
516-29-6967,2023-11-27 10:29:00,O,Southey,F,68,Declined to Identify,No Referral,True,10.0,49,0,0.78,1.0
789-52-9572,2024-09-12 12:47:00,Q,Wartonby,F,32,Declined to Identify,No Referral,True,10.0,42,0,0.6399999999999999,1.0
440-67-5765,2023-10-31 09:06:00,A,Pycock,F,64,Declined to Identify,Orthopedics,True,5.0,10,0,0.0,0.5
849-21-8932,2023-11-14 13:13:00,A,Guido,F,32,Declined to Identify,Orthopedics,True,5.0,17,0,0.14,0.5
845-19-4922,2023-04-23 18:00:00,A,Geffinger,F,46,Declined to Identify,Orthopedics,True,5.0,47,0,0.74,0.5
727-18-5807,2023-12-29 03:34:00,C,Oluwatoyin,F,53,Declined to Identify,Orthopedics,True,5.0,15,0,0.09999999999999998,0.5
824-52-5925,2024-05-07 05:30:00,D,Sinnatt,F,20,Declined to Identify,Orthopedics,True,5.0,24,0,0.27999999999999997,0.5
393-79-0056,2024-09-17 16:26:00,G,Murkin,F,75,Declined to Identify,Orthopedics,True,5.0,21,0,0.21999999999999997,0.5
427-16-0688,2024-04-06 09:59:00,H,Snalum,F,61,Declined to Identify,Orthopedics,True,5.0,29,0,0.37999999999999995,0.5
758-91-1303,2023-06-13 01:22:00,H,Bailie,F,77,Declined to Identify,Orthopedics,True,5.0,54,0,0.8800000000000001,0.5
705-51-2537,2024-01-04 16:54:00,I,Olyet,F,20,Declined to Identify,Orthopedics,True,5.0,43,0,0.6599999999999999,0.5
671-57-3564,2023-07-23 04:14:00,K,Kelso,F,40,Declined to Identify,Orthopedics,True,5.0,39,0,0.5800000000000001,0.5
120-38-6188,2023-05-16 00:01:00,Q,Downage,F,37,Declined to Identify,Orthopedics,True,5.0,23,1,0.26,0.5
235-32-0067,2024-03-08 09:06:00,X,Durrant,F,69,Declined to Identify,Orthopedics,True,5.0,26,0,0.32,0.5
502-96-5841,2023-11-27 06:48:00,K,Blei,F,8,Declined to Identify,Orthopedics,True,0.0,31,0,0.42,0.0
501-24-3434,2023-09-15 19:24:00,K,Nelane,F,60,Declined to Identify,Orthopedics,True,2.0,28,0,0.36000000000000004,0.2
386-77-8317,2024-05-18 09:32:00,Z,Mumbray,F,55,Declined to Identify,Orthopedics,True,3.0,57,0,0.9400000000000002,0.30000000000000004
370-63-5659,2023-09-19 22:33:00,R,Duce,F,63,Declined to Identify,Orthopedics,True,9.0,25,0,0.3,0.9
389-26-8766,2023-11-23 18:31:00,J,Peatt,F,25,Declined to Identify,Orthopedics,True,10.0,34,0,0.48000000000000004,1.0
419-51-8905,2023-11-13 00:15:00,B,Correa,F,10,Declined to Identify,Physiotherapy,True,5.0,49,0,0.78,0.5
505-82-8258,2023-10-18 08:51:00,K,Dewer,F,27,Declined to Identify,Physiotherapy,True,5.0,48,0,0.76,0.5
351-90-2714,2023-06-21 07:08:00,N,Lambourne,F,24,Declined to Identify,Physiotherapy,True,5.0,24,0,0.27999999999999997,0.5
425-47-5893,2023-10-19 15:22:00,O,Scotson,F,7,Declined to Identify,Physiotherapy,True,5.0,52,0,0.8400000000000001,0.5
854-03-3896,2023-08-18 05:17:00,R,Housiaux,F,30,Declined to Identify,Physiotherapy,True,0.0,40,0,0.6000000000000001,0.0
208-33-2877,2024-05-19 13:41:00,P,Chomicki,F,1,Declined to Identify,Physiotherapy,True,5.0,36,0,0.52,0.5
822-51-9844,2024-09-06 02:02:00,B,Pauletti,F,11,Declined to Identify,Physiotherapy,True,9.0,11,0,0.01999999999999999,0.9
809-70-6273,2024-10-08 04:44:00,Y,Duddin,F,73,Declined to Identify,Physiotherapy,True,9.0,13,0,0.06,0.9
271-63-4659,2023-09-12 16:47:00,G,Wilshere,F,13,Declined to Identify,Renal,True,5.0,40,0,0.6000000000000001,0.5
622-03-5279,2023-09-01 06:31:00,B,Rouse,F,24,Native American/Alaska Native,Cardiology,True,5.0,10,0,0.0,0.5
274-50-2717,2023-12-09 15:36:00,P,Nono,F,17,Native American/Alaska Native,Cardiology,True,4.0,16,0,0.12,0.4
779-02-5999,2023-11-17 12:08:00,W,Piatek,F,68,Native American/Alaska Native,Cardiology,True,9.0,38,0,0.56,0.9
185-10-7325,2024-07-11 21:22:00,I,Sibery,F,59,Native American/Alaska Native,Cardiology,True,10.0,21,0,0.21999999999999997,1.0
714-75-9917,2024-08-26 18:12:00,Q,Denyukhin,F,23,Native American/Alaska Native,Gastroenterology,True,5.0,34,0,0.48000000000000004,0.5
869-79-1999,2023-04-17 16:43:00,Z,Headingham,F,54,Native American/Alaska Native,Gastroenterology,True,5.0,49,0,0.78,0.5
652-16-1081,2023-07-07 13:02:00,Z,Perotti,F,59,Native American/Alaska Native,Gastroenterology,True,9.0,38,0,0.56,0.9
735-07-3139,2024-08-19 01:54:00,D,Kroll,F,29,Native American/Alaska Native,General Practice,True,5.0,20,0,0.2,0.5
480-81-1461,2024-03-07 21:41:00,D,McKim,F,30,Native American/Alaska Native,General Practice,True,5.0,22,0,0.24,0.5
437-24-0212,2024-05-02 14:20:00,J,Embery,F,56,Native American/Alaska Native,General Practice,True,5.0,15,0,0.09999999999999998,0.5
339-15-9922,2023-06-08 11:06:00,J,Jina,F,36,Native American/Alaska Native,General Practice,True,5.0,42,0,0.6399999999999999,0.5
334-71-3297,2023-09-05 20:05:00,N,Cavolini,F,44,Native American/Alaska Native,General Practice,True,5.0,27,0,0.34,0.5
374-34-0979,2023-07-01 10:03:00,N,Bodman,F,5,Native American/Alaska Native,General Practice,True,5.0,57,0,0.9400000000000002,0.5
222-40-5966,2023-10-04 20:48:00,Q,Parkins,F,54,Native American/Alaska Native,General Practice,True,5.0,60,0,1.0,0.5
567-42-0057,2023-10-22 03:10:00,U,Champerlen,F,24,Native American/Alaska Native,General Practice,True,5.0,41,0,0.6200000000000001,0.5
173-93-6685,2024-05-07 02:18:00,V,Brimacombe,F,39,Native American/Alaska Native,General Practice,True,5.0,36,0,0.52,0.5
544-61-3704,2024-08-10 22:50:00,V,Jennery,F,28,Native American/Alaska Native,General Practice,True,5.0,55,0,0.9000000000000001,0.5
441-49-3611,2024-04-16 12:36:00,X,Brymner,F,49,Native American/Alaska Native,General Practice,True,5.0,14,0,0.08000000000000002,0.5
357-79-8153,2024-03-05 23:52:00,Z,Gabbatt,F,2,Native American/Alaska Native,General Practice,True,5.0,29,0,0.37999999999999995,0.5
671-01-8634,2024-01-15 05:30:00,G,Corneille,F,49,Native American/Alaska Native,General Practice,True,1.0,11,0,0.01999999999999999,0.1
640-23-3968,2024-03-24 18:05:00,C,Adiscot,F,38,Native American/Alaska Native,General Practice,True,2.0,60,0,1.0,0.2
692-57-0575,2023-07-11 18:44:00,X,Skillington,F,60,Native American/Alaska Native,General Practice,True,3.0,13,0,0.06,0.30000000000000004
778-04-2774,2023-05-02 18:54:00,I,McCrohon,F,50,Native American/Alaska Native,General Practice,True,10.0,38,1,0.56,1.0
272-51-8307,2024-05-12 03:41:00,E,MacManus,F,30,Native American/Alaska Native,Neurology,True,5.0,45,0,0.7,0.5
403-08-7603,2024-05-30 07:53:00,J,Horley,F,40,Native American/Alaska Native,Neurology,True,5.0,39,0,0.5800000000000001,0.5
507-25-2094,2023-12-15 11:02:00,O,Ruusa,F,63,Native American/Alaska Native,Neurology,True,5.0,45,0,0.7,0.5
688-14-6386,2024-03-03 04:23:00,Z,Kondratenya,F,53,Native American/Alaska Native,Neurology,True,5.0,29,0,0.37999999999999995,0.5
696-30-0533,2023-04-25 23:33:00,T,Ervine,F,22,Native American/Alaska Native,No Referral,True,0.0,51,0,0.8200000000000001,0.0
684-50-5707,2024-06-11 20:06:00,H,Delort,F,60,Native American/Alaska Native,No Referral,True,1.0,46,0,0.72,0.1
710-15-9516,2024-06-24 15:48:00,N,Cardow,F,79,Native American/Alaska Native,No Referral,True,1.0,23,0,0.26,0.1
503-41-1563,2024-01-14 04:06:00,H,Sims,F,34,Native American/Alaska Native,No Referral,True,2.0,20,0,0.2,0.2
779-47-3338,2024-04-08 02:52:00,J,Hinge,F,39,Native American/Alaska Native,No Referral,True,2.0,54,0,0.8800000000000001,0.2
718-85-1686,2023-10-09 23:47:00,K,Aleixo,F,61,Native American/Alaska Native,No Referral,True,3.0,31,0,0.42,0.30000000000000004
234-89-6647,2024-02-21 15:42:00,P,Sapey,F,47,Native American/Alaska Native,No Referral,True,3.0,29,0,0.37999999999999995,0.30000000000000004
541-24-1870,2024-05-19 08:27:00,Q,Hedney,F,32,Native American/Alaska Native,No Referral,True,3.0,60,0,1.0,0.30000000000000004
173-94-4958,2023-11-03 06:18:00,A,Bevan,F,51,Native American/Alaska Native,No Referral,True,4.0,27,0,0.34,0.4
628-49-9090,2024-05-11 19:28:00,N,Quantrill,F,29,Native American/Alaska Native,No Referral,True,5.0,30,0,0.39999999999999997,0.5
172-05-6912,2023-06-07 13:38:00,N,Birtwell,F,65,Native American/Alaska Native,No Referral,True,6.0,43,0,0.6599999999999999,0.6000000000000001
842-24-1245,2024-07-09 01:18:00,S,Toothill,F,33,Native American/Alaska Native,No Referral,True,6.0,59,0,0.98,0.6000000000000001
644-58-3446,2023-09-15 07:18:00,G,Felton,F,3,Native American/Alaska Native,No Referral,True,7.0,36,0,0.52,0.7000000000000001
171-05-8116,2023-05-16 13:14:00,L,Pietzker,F,12,Native American/Alaska Native,No Referral,True,7.0,39,1,0.5800000000000001,0.7000000000000001
346-70-4846,2023-08-24 13:39:00,M,Paris,F,68,Native American/Alaska Native,No Referral,True,7.0,33,0,0.46,0.7000000000000001
563-07-4845,2024-06-21 05:18:00,S,MacFaul,F,17,Native American/Alaska Native,No Referral,True,7.0,11,0,0.01999999999999999,0.7000000000000001
551-01-4099,2023-09-11 06:23:00,G,Meconi,F,5,Native American/Alaska Native,No Referral,True,9.0,51,0,0.8200000000000001,0.9
791-19-6812,2023-08-05 13:54:00,F,Passfield,F,77,Native American/Alaska Native,Orthopedics,True,5.0,39,0,0.5800000000000001,0.5
585-31-9711,2024-05-20 23:42:00,H,Dagger,F,3,Native American/Alaska Native,Orthopedics,True,5.0,37,0,0.54,0.5
236-90-6692,2023-09-13 20:52:00,I,Stentiford,F,62,Native American/Alaska Native,Orthopedics,True,5.0,29,0,0.37999999999999995,0.5
778-77-6945,2023-07-10 13:52:00,M,Bradnick,F,30,Native American/Alaska Native,Orthopedics,True,5.0,56,0,0.9200000000000002,0.5
718-51-6818,2024-02-19 03:55:00,R,Cadalleder,F,54,Native American/Alaska Native,Orthopedics,True,5.0,15,0,0.09999999999999998,0.5
685-14-2682,2024-04-01 16:44:00,V,Mityakov,F,37,Native American/Alaska Native,Orthopedics,True,5.0,20,0,0.2,0.5
331-79-8648,2024-10-30 00:29:00,W,Ayerst,F,36,Native American/Alaska Native,Orthopedics,True,5.0,47,0,0.74,0.5
176-79-9558,2024-01-22 09:16:00,X,Woolmington,F,43,Native American/Alaska Native,Orthopedics,True,5.0,24,0,0.27999999999999997,0.5
236-71-7697,2024-01-15 09:16:00,Y,Battabee,F,36,Native American/Alaska Native,Orthopedics,True,5.0,34,0,0.48000000000000004,0.5
557-52-3003,2024-06-23 15:36:00,K,Dupree,F,9,Native American/Alaska Native,Orthopedics,True,3.0,38,0,0.56,0.30000000000000004
240-88-0226,2024-04-22 17:34:00,P,Christofides,F,34,Native American/Alaska Native,Orthopedics,True,10.0,12,0,0.03999999999999998,1.0
765-08-2861,2023-11-30 01:48:00,S,Origan,F,34,Native American/Alaska Native,Physiotherapy,True,5.0,15,0,0.09999999999999998,0.5
575-96-8201,2023-06-20 23:37:00,S,Windows,F,10,Native American/Alaska Native,Physiotherapy,True,5.0,43,0,0.6599999999999999,0.5
438-37-8380,2024-10-13 18:07:00,K,Grotty,F,15,Native American/Alaska Native,Physiotherapy,True,2.0,31,0,0.42,0.2
772-41-7899,2023-08-22 06:50:00,L,McKiernan,F,74,Native American/Alaska Native,Renal,True,5.0,30,0,0.39999999999999997,0.5
175-49-8550,2024-01-01 21:00:00,B,Nisot,F,63,Pacific Islander,Cardiology,True,5.0,36,0,0.52,0.5
796-12-8821,2023-11-21 12:08:00,I,Laval,F,4,Pacific Islander,Cardiology,True,5.0,25,0,0.3,0.5
382-86-3011,2024-06-18 21:25:00,I,Shrigley,F,56,Pacific Islander,Cardiology,True,5.0,55,0,0.9000000000000001,0.5
543-41-5786,2024-04-11 07:05:00,I,Delooze,F,36,Pacific Islander,Cardiology,True,4.0,50,0,0.8,0.4
566-28-9444,2023-07-18 21:58:00,H,Steed,F,31,Pacific Islander,Gastroenterology,True,5.0,40,0,0.6000000000000001,0.5
636-98-7660,2023-05-08 14:50:00,L,Huddlestone,F,8,Pacific Islander,Gastroenterology,True,5.0,19,1,0.18,0.5
412-01-5770,2023-06-05 00:51:00,Z,Dummett,F,48,Pacific Islander,Gastroenterology,True,5.0,41,0,0.6200000000000001,0.5
453-74-7317,2023-04-15 21:33:00,P,Bielfelt,F,35,Pacific Islander,Gastroenterology,True,1.0,52,0,0.8400000000000001,0.1
347-80-9765,2023-12-16 02:40:00,G,Such,F,77,Pacific Islander,Gastroenterology,True,9.0,33,0,0.46,0.9
660-37-9784,2023-12-12 19:13:00,A,Childe,F,64,Pacific Islander,General Practice,True,5.0,12,0,0.03999999999999998,0.5
206-36-2849,2024-08-29 14:31:00,B,Downgate,F,37,Pacific Islander,General Practice,True,5.0,25,0,0.3,0.5
771-83-1882,2024-04-15 03:55:00,B,Salazar,F,79,Pacific Islander,General Practice,True,5.0,49,0,0.78,0.5
876-08-4748,2024-06-27 16:47:00,C,Stonier,F,72,Pacific Islander,General Practice,True,5.0,39,0,0.5800000000000001,0.5
119-60-4337,2024-03-05 21:27:00,D,Tenaunt,F,30,Pacific Islander,General Practice,True,5.0,57,0,0.9400000000000002,0.5
320-34-9500,2023-10-01 16:23:00,E,Spavon,F,57,Pacific Islander,General Practice,True,5.0,30,0,0.39999999999999997,0.5
386-71-7116,2023-08-05 11:32:00,F,Meere,F,15,Pacific Islander,General Practice,True,5.0,57,0,0.9400000000000002,0.5
484-88-1995,2024-10-19 13:14:00,G,Eyree,F,28,Pacific Islander,General Practice,True,5.0,53,0,0.8600000000000001,0.5
169-95-8829,2023-09-13 03:51:00,I,Viggars,F,49,Pacific Islander,General Practice,True,5.0,25,0,0.3,0.5
831-70-8489,2023-06-15 04:11:00,O,Wilmot,F,43,Pacific Islander,General Practice,True,5.0,26,0,0.32,0.5
512-55-4105,2023-12-22 21:36:00,O,Boadby,F,20,Pacific Islander,General Practice,True,5.0,53,0,0.8600000000000001,0.5
125-09-6516,2023-10-27 09:26:00,P,Suddock,F,39,Pacific Islander,General Practice,True,5.0,52,0,0.8400000000000001,0.5
624-42-2108,2023-05-24 15:57:00,R,Cops,F,44,Pacific Islander,General Practice,True,5.0,55,1,0.9000000000000001,0.5
886-49-6550,2024-08-24 06:41:00,U,Gravatt,F,76,Pacific Islander,General Practice,True,5.0,51,0,0.8200000000000001,0.5
885-79-8466,2024-03-28 05:49:00,U,Bannon,F,9,Pacific Islander,General Practice,True,5.0,56,0,0.9200000000000002,0.5
503-84-6900,2023-07-20 10:31:00,W,Dionisetto,F,79,Pacific Islander,General Practice,True,5.0,51,0,0.8200000000000001,0.5
202-78-6117,2024-09-02 22:01:00,Y,Le Quesne,F,40,Pacific Islander,General Practice,True,5.0,23,0,0.26,0.5
887-55-2985,2024-04-28 03:14:00,Z,Warkup,F,56,Pacific Islander,General Practice,True,5.0,36,0,0.52,0.5
376-90-4227,2024-04-04 21:18:00,Q,Boulding,F,71,Pacific Islander,General Practice,True,0.0,12,0,0.03999999999999998,0.0
217-16-4283,2023-06-16 15:57:00,G,Tewnion,F,39,Pacific Islander,General Practice,True,2.0,46,0,0.72,0.2
853-31-7161,2023-11-06 19:02:00,M,Fairholme,F,43,Pacific Islander,General Practice,True,4.0,12,0,0.03999999999999998,0.4
475-84-2128,2024-02-06 07:13:00,E,Ivatts,F,58,Pacific Islander,General Practice,True,7.0,24,0,0.27999999999999997,0.7000000000000001
652-09-6792,2024-10-04 21:29:00,E,Pochin,F,48,Pacific Islander,General Practice,True,8.0,59,0,0.98,0.8
196-92-5233,2024-10-18 05:51:00,L,Kellert,F,71,Pacific Islander,Neurology,True,5.0,42,0,0.6399999999999999,0.5
100-79-0109,2024-02-27 04:51:00,P,Ulyatt,F,19,Pacific Islander,Neurology,True,5.0,36,0,0.52,0.5
725-40-8184,2023-04-02 21:32:00,X,Hebborn,F,71,Pacific Islander,Neurology,True,5.0,31,0,0.42,0.5
123-30-8939,2024-07-30 15:43:00,V,Nuzzti,F,61,Pacific Islander,Neurology,True,7.0,25,0,0.3,0.7000000000000001
638-34-1905,2023-09-30 19:29:00,S,Reichelt,F,36,Pacific Islander,No Referral,True,0.0,24,0,0.27999999999999997,0.0
536-06-9507,2024-04-17 14:22:00,K,Kezar,F,4,Pacific Islander,No Referral,True,1.0,48,0,0.76,0.1
718-96-7799,2024-03-27 05:14:00,V,Hise,F,63,Pacific Islander,No Referral,True,2.0,28,0,0.36000000000000004,0.2
873-15-6021,2023-05-11 22:47:00,X,Yerson,F,51,Pacific Islander,No Referral,True,2.0,20,1,0.2,0.2
836-68-7524,2023-05-22 06:07:00,Y,Eisak,F,4,Pacific Islander,No Referral,True,3.0,60,1,1.0,0.30000000000000004
790-85-7398,2024-08-21 09:25:00,H,Jerdon,F,41,Pacific Islander,No Referral,True,4.0,32,0,0.44,0.4
250-29-5036,2023-10-06 05:56:00,Z,Lesurf,F,61,Pacific Islander,No Referral,True,4.0,56,0,0.9200000000000002,0.4
703-85-9077,2024-06-22 19:36:00,O,Chezier,F,25,Pacific Islander,No Referral,True,5.0,21,0,0.21999999999999997,0.5
454-65-2158,2023-12-14 23:27:00,B,Roberts,F,9,Pacific Islander,No Referral,True,6.0,55,0,0.9000000000000001,0.6000000000000001
547-78-9010,2023-06-13 19:45:00,J,Trippett,F,34,Pacific Islander,No Referral,True,6.0,24,0,0.27999999999999997,0.6000000000000001
693-73-0619,2024-01-09 23:52:00,U,Danforth,F,65,Pacific Islander,No Referral,True,6.0,13,0,0.06,0.6000000000000001
250-68-0102,2024-08-09 09:28:00,F,Burgane,F,25,Pacific Islander,No Referral,True,7.0,34,0,0.48000000000000004,0.7000000000000001
202-47-7663,2024-05-06 04:47:00,G,Scarrott,F,30,Pacific Islander,No Referral,True,7.0,33,0,0.46,0.7000000000000001
134-14-0013,2023-11-28 23:46:00,D,Slayton,F,31,Pacific Islander,No Referral,True,8.0,14,0,0.08000000000000002,0.8
628-74-0109,2023-07-20 20:28:00,H,Seiller,F,26,Pacific Islander,No Referral,True,8.0,39,0,0.5800000000000001,0.8
388-99-0499,2024-05-22 13:55:00,S,Millins,F,40,Pacific Islander,No Referral,True,8.0,36,0,0.52,0.8
100-21-9648,2024-01-17 18:53:00,W,Marran,F,39,Pacific Islander,No Referral,True,8.0,22,0,0.24,0.8
188-79-4026,2023-10-16 05:23:00,T,Sange,F,78,Pacific Islander,No Referral,True,9.0,39,0,0.5800000000000001,0.9
738-93-2682,2024-08-06 17:04:00,F,Poulney,F,49,Pacific Islander,No Referral,True,10.0,28,0,0.36000000000000004,1.0
636-95-9318,2023-04-27 22:05:00,U,Redsull,F,65,Pacific Islander,No Referral,True,10.0,25,0,0.3,1.0
894-86-2329,2023-08-01 22:50:00,W,Newe,F,53,Pacific Islander,No Referral,True,10.0,32,0,0.44,1.0
540-19-1275,2024-01-20 22:53:00,B,Elford,F,3,Pacific Islander,Orthopedics,True,5.0,54,0,0.8800000000000001,0.5
675-74-3483,2023-12-17 23:44:00,C,Berge,F,23,Pacific Islander,Orthopedics,True,5.0,19,0,0.18,0.5
852-57-5614,2024-02-24 15:35:00,D,Bury,F,78,Pacific Islander,Orthopedics,True,5.0,37,0,0.54,0.5
524-47-8147,2023-06-13 20:57:00,E,Tonn,F,33,Pacific Islander,Orthopedics,True,5.0,23,0,0.26,0.5
793-29-8977,2024-07-28 07:27:00,E,Gentric,F,49,Pacific Islander,Orthopedics,True,5.0,39,0,0.5800000000000001,0.5
164-06-4233,2023-10-15 21:26:00,E,Bome,F,59,Pacific Islander,Orthopedics,True,5.0,43,0,0.6599999999999999,0.5
609-45-7579,2023-06-24 14:23:00,J,Hassett,F,53,Pacific Islander,Orthopedics,True,5.0,40,0,0.6000000000000001,0.5
602-33-5974,2023-10-27 19:32:00,J,Cottey,F,59,Pacific Islander,Orthopedics,True,5.0,60,0,1.0,0.5
447-48-2336,2023-10-05 04:36:00,P,Girk,F,56,Pacific Islander,Orthopedics,True,5.0,20,0,0.2,0.5
701-53-5762,2023-04-07 21:38:00,R,Fennelly,F,22,Pacific Islander,Orthopedics,True,5.0,19,0,0.18,0.5
607-74-7649,2023-11-30 21:14:00,U,Copperwaite,F,49,Pacific Islander,Orthopedics,True,5.0,24,0,0.27999999999999997,0.5
426-96-0135,2023-05-05 22:52:00,V,Merrilees,F,14,Pacific Islander,Orthopedics,True,5.0,60,1,1.0,0.5
408-56-0055,2024-09-17 16:19:00,W,MacMenamin,F,55,Pacific Islander,Orthopedics,True,5.0,14,0,0.08000000000000002,0.5
316-10-9824,2023-09-12 08:35:00,Z,Pinnegar,F,55,Pacific Islander,Orthopedics,True,5.0,13,0,0.06,0.5
439-72-3934,2024-03-01 02:31:00,C,Morby,F,20,Pacific Islander,Orthopedics,True,8.0,22,0,0.24,0.8
394-51-8661,2023-12-19 02:11:00,F,Lepick,F,20,Pacific Islander,Orthopedics,True,9.0,38,0,0.56,0.9
696-86-5614,2024-07-10 12:32:00,L,Winfrey,F,44,Pacific Islander,Orthopedics,True,9.0,15,0,0.09999999999999998,0.9
807-90-1810,2024-01-26 13:02:00,B,Whitemarsh,F,69,Pacific Islander,Physiotherapy,True,5.0,33,0,0.46,0.5
624-25-1217,2024-09-21 19:30:00,Q,Maypother,F,68,Pacific Islander,Physiotherapy,True,5.0,58,0,0.96,0.5
574-71-0301,2024-04-21 04:12:00,W,Gherardelli,F,23,Pacific Islander,Physiotherapy,True,5.0,23,0,0.26,0.5
155-41-5849,2023-12-30 12:01:00,X,Cajkler,F,42,Pacific Islander,Physiotherapy,True,5.0,43,0,0.6599999999999999,0.5
871-08-2820,2024-01-19 02:50:00,H,Whisson,F,16,Pacific Islander,Physiotherapy,True,3.0,44,0,0.6799999999999999,0.30000000000000004
595-96-0100,2023-09-14 14:12:00,P,Dacey,F,39,Pacific Islander,Physiotherapy,True,5.0,41,0,0.6200000000000001,0.5
858-83-5629,2023-11-24 08:02:00,B,Zanardii,F,42,Two or More Races,Cardiology,True,5.0,26,0,0.32,0.5
726-05-1906,2023-08-27 06:07:00,B,Weatherburn,F,47,Two or More Races,Cardiology,True,5.0,46,0,0.72,0.5
435-96-0077,2023-11-27 03:45:00,C,Grinsdale,F,71,Two or More Races,Cardiology,True,5.0,60,0,1.0,0.5
570-81-5633,2023-07-23 16:41:00,D,Balm,F,74,Two or More Races,Cardiology,True,5.0,48,0,0.76,0.5
407-58-6440,2024-06-24 12:48:00,G,Meneyer,F,1,Two or More Races,Cardiology,True,5.0,55,0,0.9000000000000001,0.5
576-57-4936,2023-06-01 09:24:00,Q,Headingham,F,23,Two or More Races,Cardiology,True,5.0,23,0,0.26,0.5
845-94-0950,2023-05-03 19:49:00,U,Bloy,F,63,Two or More Races,Cardiology,True,5.0,25,1,0.3,0.5
391-91-5708,2024-06-27 22:55:00,X,Rumble,F,79,Two or More Races,Cardiology,True,5.0,43,0,0.6599999999999999,0.5
849-31-8796,2023-12-30 13:09:00,M,Venn,F,24,Two or More Races,Cardiology,True,4.0,36,0,0.52,0.4
267-84-6280,2023-04-11 08:19:00,L,Rising,F,57,Two or More Races,Cardiology,True,10.0,47,0,0.74,1.0
564-82-4273,2023-10-05 06:59:00,H,Neller,F,26,Two or More Races,Gastroenterology,True,5.0,29,0,0.37999999999999995,0.5
848-76-6406,2024-10-07 09:12:00,J,Rollinson,F,54,Two or More Races,Gastroenterology,True,5.0,37,0,0.54,0.5
209-04-5455,2023-05-01 17:09:00,L,Booley,F,18,Two or More Races,Gastroenterology,True,5.0,35,1,0.5,0.5
597-65-0647,2024-08-28 13:51:00,L,Pacht,F,47,Two or More Races,Gastroenterology,True,5.0,59,0,0.98,0.5
804-99-0470,2024-04-04 02:20:00,Y,Breddy,F,46,Two or More Races,Gastroenterology,True,5.0,22,0,0.24,0.5
496-71-2879,2023-04-11 21:06:00,J,Braham,F,1,Two or More Races,Gastroenterology,True,6.0,21,0,0.21999999999999997,0.6000000000000001
854-85-3729,2023-09-04 18:42:00,A,Drinnan,F,78,Two or More Races,General Practice,True,5.0,17,0,0.14,0.5
893-64-0686,2024-03-03 20:25:00,A,Rudolfer,F,71,Two or More Races,General Practice,True,5.0,46,0,0.72,0.5
372-13-6382,2023-06-27 21:43:00,A,Lethieulier,F,69,Two or More Races,General Practice,True,5.0,48,0,0.76,0.5
301-70-6477,2023-05-31 07:03:00,A,Spitaro,F,9,Two or More Races,General Practice,True,5.0,59,1,0.98,0.5
435-18-2227,2023-09-16 11:21:00,B,Kreber,F,28,Two or More Races,General Practice,True,5.0,16,0,0.12,0.5
782-38-8963,2024-01-22 04:48:00,B,Bricksey,F,76,Two or More Races,General Practice,True,5.0,40,0,0.6000000000000001,0.5
135-38-8450,2023-06-24 20:53:00,B,Carlet,F,71,Two or More Races,General Practice,True,5.0,54,0,0.8800000000000001,0.5
809-24-5383,2024-02-13 05:03:00,B,Beney,F,26,Two or More Races,General Practice,True,5.0,55,0,0.9000000000000001,0.5
378-53-6554,2024-07-09 22:44:00,C,Londors,F,60,Two or More Races,General Practice,True,5.0,14,0,0.08000000000000002,0.5
154-08-0049,2023-08-02 06:34:00,C,Fergie,F,17,Two or More Races,General Practice,True,5.0,37,0,0.54,0.5
621-38-3484,2023-05-11 07:36:00,D,Abbatt,F,70,Two or More Races,General Practice,True,5.0,12,1,0.03999999999999998,0.5
744-49-8061,2023-07-20 11:54:00,D,Stanbro,F,41,Two or More Races,General Practice,True,5.0,47,0,0.74,0.5
176-29-2963,2023-05-09 02:49:00,D,Ernke,F,8,Two or More Races,General Practice,True,5.0,57,1,0.9400000000000002,0.5
778-42-7837,2023-07-26 22:19:00,D,Sheivels,F,78,Two or More Races,General Practice,True,5.0,57,0,0.9400000000000002,0.5
636-97-9988,2023-04-19 02:02:00,E,Salack,F,46,Two or More Races,General Practice,True,5.0,32,0,0.44,0.5
373-44-2396,2023-12-23 19:35:00,F,Milhench,F,70,Two or More Races,General Practice,True,5.0,14,0,0.08000000000000002,0.5
332-89-8975,2023-04-14 02:00:00,F,Dregan,F,56,Two or More Races,General Practice,True,5.0,15,0,0.09999999999999998,0.5
542-95-0022,2023-08-03 22:52:00,F,Rosson,F,1,Two or More Races,General Practice,True,5.0,18,0,0.15999999999999998,0.5
407-62-2609,2023-12-23 00:33:00,F,Crut,F,55,Two or More Races,General Practice,True,5.0,35,0,0.5,0.5
485-30-3941,2023-09-30 05:24:00,F,Alldred,F,78,Two or More Races,General Practice,True,5.0,44,0,0.6799999999999999,0.5
177-26-6957,2023-05-30 20:56:00,G,Hanfrey,F,45,Two or More Races,General Practice,True,5.0,34,1,0.48000000000000004,0.5
489-59-2907,2024-06-10 21:09:00,G,Folkerd,F,51,Two or More Races,General Practice,True,5.0,38,0,0.56,0.5
365-99-7907,2024-05-06 03:56:00,G,Molloy,F,40,Two or More Races,General Practice,True,5.0,58,0,0.96,0.5
633-13-0506,2023-11-16 14:05:00,H,Harbidge,F,12,Two or More Races,General Practice,True,5.0,31,0,0.42,0.5
106-45-9457,2023-04-01 22:49:00,I,Nicol,F,71,Two or More Races,General Practice,True,5.0,14,0,0.08000000000000002,0.5
297-71-6951,2024-05-26 13:24:00,J,Fussell,F,37,Two or More Races,General Practice,True,5.0,22,0,0.24,0.5
853-14-1523,2024-03-02 23:35:00,K,Cristoforo,F,54,Two or More Races,General Practice,True,5.0,11,0,0.01999999999999999,0.5
898-58-4727,2023-04-08 14:04:00,K,Ivons,F,43,Two or More Races,General Practice,True,5.0,24,0,0.27999999999999997,0.5
659-31-7909,2024-05-17 09:34:00,K,Gaskarth,F,75,Two or More Races,General Practice,True,5.0,31,0,0.42,0.5
131-67-6983,2024-09-26 04:02:00,K,Hutcheon,F,73,Two or More Races,General Practice,True,5.0,46,0,0.72,0.5
300-01-5940,2023-12-15 13:13:00,L,Calvert,F,65,Two or More Races,General Practice,True,5.0,11,0,0.01999999999999999,0.5
771-04-6699,2024-02-07 11:28:00,L,Betke,F,44,Two or More Races,General Practice,True,5.0,48,0,0.76,0.5
396-15-3301,2023-04-26 15:39:00,M,Norcliff,F,67,Two or More Races,General Practice,True,5.0,21,0,0.21999999999999997,0.5
432-67-1519,2024-06-03 02:05:00,M,Jost,F,55,Two or More Races,General Practice,True,5.0,36,0,0.52,0.5
164-75-9897,2023-05-30 19:35:00,M,McEwan,F,21,Two or More Races,General Practice,True,5.0,53,1,0.8600000000000001,0.5
775-84-1134,2024-03-06 04:58:00,N,Orrin,F,9,Two or More Races,General Practice,True,5.0,18,0,0.15999999999999998,0.5
461-43-6018,2024-04-25 08:36:00,N,Potte,F,76,Two or More Races,General Practice,True,5.0,49,0,0.78,0.5
872-25-5467,2024-01-25 00:38:00,O,Fortey,F,5,Two or More Races,General Practice,True,5.0,24,0,0.27999999999999997,0.5
424-36-0709,2024-08-28 18:06:00,O,Habbeshaw,F,4,Two or More Races,General Practice,True,5.0,36,0,0.52,0.5
361-20-0157,2023-07-29 03:22:00,O,Hrinishin,F,2,Two or More Races,General Practice,True,5.0,38,0,0.56,0.5
707-26-6477,2023-11-18 01:28:00,O,Masey,F,14,Two or More Races,General Practice,True,5.0,47,0,0.74,0.5
428-11-4631,2024-06-20 08:48:00,P,Giacomazzo,F,43,Two or More Races,General Practice,True,5.0,14,0,0.08000000000000002,0.5
773-38-3470,2024-08-15 00:15:00,P,Littlefair,F,75,Two or More Races,General Practice,True,5.0,26,0,0.32,0.5
536-13-9230,2024-10-23 18:08:00,P,Corr,F,73,Two or More Races,General Practice,True,5.0,51,0,0.8200000000000001,0.5
852-03-6666,2024-06-25 14:44:00,Q,Ellinor,F,63,Two or More Races,General Practice,True,5.0,10,0,0.0,0.5
614-10-6705,2024-01-29 05:55:00,Q,Liggins,F,61,Two or More Races,General Practice,True,5.0,33,0,0.46,0.5
866-68-8167,2023-09-25 03:06:00,R,Tewkesbury.,F,8,Two or More Races,General Practice,True,5.0,31,0,0.42,0.5
101-66-4553,2024-03-30 14:12:00,R,Odd,F,14,Two or More Races,General Practice,True,5.0,57,0,0.9400000000000002,0.5
696-26-2070,2024-07-18 03:37:00,T,Wedon,F,5,Two or More Races,General Practice,True,5.0,45,0,0.7,0.5
347-60-6369,2023-08-31 00:40:00,T,Benediktovich,F,71,Two or More Races,General Practice,True,5.0,52,0,0.8400000000000001,0.5
331-49-1782,2024-08-19 17:13:00,U,Siegertsz,F,13,Two or More Races,General Practice,True,5.0,14,0,0.08000000000000002,0.5
763-09-4106,2023-12-27 00:26:00,U,Bice,F,77,Two or More Races,General Practice,True,5.0,21,0,0.21999999999999997,0.5
848-86-1919,2023-04-03 21:57:00,U,Lebourn,F,61,Two or More Races,General Practice,True,5.0,42,0,0.6399999999999999,0.5
194-07-9452,2023-07-15 21:54:00,U,Kasman,F,23,Two or More Races,General Practice,True,5.0,56,0,0.9200000000000002,0.5
144-66-1948,2023-07-26 11:04:00,V,Bewfield,F,44,Two or More Races,General Practice,True,5.0,17,0,0.14,0.5
106-63-9645,2023-10-22 10:35:00,V,Laverock,F,67,Two or More Races,General Practice,True,5.0,28,0,0.36000000000000004,0.5
809-57-0960,2024-04-11 15:37:00,V,Gurton,F,49,Two or More Races,General Practice,True,5.0,39,0,0.5800000000000001,0.5
714-30-8768,2023-12-05 15:38:00,V,Jansa,F,4,Two or More Races,General Practice,True,5.0,51,0,0.8200000000000001,0.5
161-21-7511,2024-04-07 02:48:00,W,Beadles,F,33,Two or More Races,General Practice,True,5.0,19,0,0.18,0.5
247-22-9153,2024-08-08 17:53:00,W,Freeborne,F,79,Two or More Races,General Practice,True,5.0,35,0,0.5,0.5
222-92-7536,2023-06-07 14:26:00,X,Jeakins,F,15,Two or More Races,General Practice,True,5.0,16,0,0.12,0.5
733-11-5395,2024-03-10 00:21:00,X,Speeks,F,9,Two or More Races,General Practice,True,5.0,33,0,0.46,0.5
718-37-9286,2023-09-16 09:01:00,Y,Tidswell,F,46,Two or More Races,General Practice,True,5.0,50,0,0.8,0.5
398-42-8539,2023-10-29 02:46:00,Z,Blacktin,F,59,Two or More Races,General Practice,True,5.0,38,0,0.56,0.5
680-88-1118,2024-04-18 08:44:00,Z,Rens,F,30,Two or More Races,General Practice,True,5.0,50,0,0.8,0.5
249-15-8609,2024-10-09 07:28:00,Q,Crammy,F,1,Two or More Races,General Practice,True,0.0,20,0,0.2,0.0
782-93-8426,2024-01-31 08:16:00,Q,Mechic,F,53,Two or More Races,General Practice,True,0.0,41,0,0.6200000000000001,0.0
421-31-7038,2023-09-27 18:30:00,H,Jurczak,F,31,Two or More Races,General Practice,True,1.0,40,0,0.6000000000000001,0.1
776-52-1013,2023-07-13 00:17:00,Y,Sindell,F,44,Two or More Races,General Practice,True,1.0,13,0,0.06,0.1
743-85-2344,2024-03-07 00:01:00,B,MacAllaster,F,8,Two or More Races,General Practice,True,2.0,16,0,0.12,0.2
639-06-6643,2023-08-25 18:31:00,Q,Mostin,F,68,Two or More Races,General Practice,True,3.0,12,0,0.03999999999999998,0.30000000000000004
620-57-1837,2023-06-14 02:36:00,F,Habbert,F,60,Two or More Races,General Practice,True,4.0,56,0,0.9200000000000002,0.4
115-27-3838,2024-09-23 23:21:00,T,Bapty,F,75,Two or More Races,General Practice,True,5.0,41,0,0.6200000000000001,0.5
368-88-6976,2023-07-12 00:22:00,M,Chezier,F,66,Two or More Races,General Practice,True,7.0,59,0,0.98,0.7000000000000001
106-19-1978,2024-06-06 11:59:00,V,Course,F,34,Two or More Races,General Practice,True,7.0,21,0,0.21999999999999997,0.7000000000000001
110-62-5261,2023-05-07 08:49:00,D,Blezard,F,37,Two or More Races,General Practice,True,8.0,38,1,0.56,0.8
350-64-3851,2023-05-16 04:52:00,G,Earl,F,56,Two or More Races,General Practice,True,8.0,60,1,1.0,0.8
776-23-1137,2023-12-13 17:24:00,P,Delahunty,F,37,Two or More Races,General Practice,True,8.0,14,0,0.08000000000000002,0.8
333-86-8631,2024-10-17 23:47:00,U,Alessandretti,F,6,Two or More Races,General Practice,True,9.0,16,0,0.12,0.9
808-40-7844,2024-07-05 19:54:00,S,Champniss,F,2,Two or More Races,General Practice,True,10.0,26,0,0.32,1.0
655-60-3958,2024-10-15 16:49:00,I,Frear,F,64,Two or More Races,Neurology,True,1.0,14,0,0.08000000000000002,0.1
678-06-2315,2024-05-24 21:28:00,X,Udey,F,58,Two or More Races,Neurology,True,9.0,22,0,0.24,0.9
137-31-2631,2024-05-16 11:02:00,J,McCluin,F,16,Two or More Races,Neurology,True,10.0,12,0,0.03999999999999998,1.0
658-28-8234,2024-07-08 13:39:00,G,Caldecot,F,28,Two or More Races,No Referral,True,0.0,32,0,0.44,0.0
134-32-5074,2024-10-21 20:37:00,K,Gwyneth,F,69,Two or More Races,No Referral,True,0.0,29,0,0.37999999999999995,0.0
695-89-5188,2024-03-04 00:42:00,Q,Wythill,F,54,Two or More Races,No Referral,True,0.0,17,0,0.14,0.0
717-76-9415,2023-08-24 15:43:00,R,Shimman,F,22,Two or More Races,No Referral,True,0.0,48,0,0.76,0.0
524-70-3535,2023-05-29 00:21:00,U,Keast,F,77,Two or More Races,No Referral,True,0.0,52,1,0.8400000000000001,0.0
496-54-0698,2023-12-02 04:58:00,C,Knee,F,75,Two or More Races,No Referral,True,1.0,26,0,0.32,0.1
775-47-1974,2023-08-10 17:00:00,F,Luttger,F,38,Two or More Races,No Referral,True,1.0,59,0,0.98,0.1
406-40-1145,2024-03-19 14:23:00,H,Lampet,F,69,Two or More Races,No Referral,True,1.0,10,0,0.0,0.1
617-03-1693,2024-01-16 11:48:00,I,Sampson,F,6,Two or More Races,No Referral,True,1.0,58,0,0.96,0.1
691-30-7465,2024-10-06 19:50:00,M,Pindar,F,2,Two or More Races,No Referral,True,1.0,40,0,0.6000000000000001,0.1
782-72-6848,2024-05-07 07:19:00,O,Younger,F,57,Two or More Races,No Referral,True,1.0,40,0,0.6000000000000001,0.1
534-24-2222,2024-02-14 11:55:00,R,Everall,F,61,Two or More Races,No Referral,True,1.0,53,0,0.8600000000000001,0.1
733-34-8942,2024-01-17 01:50:00,T,Ikins,F,23,Two or More Races,No Referral,True,1.0,34,0,0.48000000000000004,0.1
370-55-2291,2024-06-11 11:22:00,X,Mc Trusty,F,40,Two or More Races,No Referral,True,1.0,51,0,0.8200000000000001,0.1
475-24-2587,2023-08-15 08:44:00,Z,Easterbrook,F,8,Two or More Races,No Referral,True,1.0,27,0,0.34,0.1
238-26-0586,2023-06-02 11:54:00,B,Caris,F,55,Two or More Races,No Referral,True,2.0,30,0,0.39999999999999997,0.2
546-34-5816,2023-04-29 03:42:00,C,Youthead,F,48,Two or More Races,No Referral,True,2.0,45,0,0.7,0.2
883-97-1220,2024-05-29 10:35:00,D,D'Oyley,F,16,Two or More Races,No Referral,True,2.0,24,0,0.27999999999999997,0.2
118-84-0022,2024-05-22 01:33:00,F,Sarjant,F,10,Two or More Races,No Referral,True,2.0,29,0,0.37999999999999995,0.2
653-94-5107,2024-02-14 23:16:00,G,Oury,F,48,Two or More Races,No Referral,True,2.0,21,0,0.21999999999999997,0.2
715-52-4357,2023-05-03 22:42:00,J,Davey,F,35,Two or More Races,No Referral,True,2.0,59,1,0.98,0.2
293-44-4536,2023-06-25 07:12:00,U,Curtois,F,35,Two or More Races,No Referral,True,2.0,14,0,0.08000000000000002,0.2
801-24-6193,2023-10-26 01:39:00,Z,Caldeyroux,F,76,Two or More Races,No Referral,True,2.0,19,0,0.18,0.2
171-65-7050,2024-06-29 13:48:00,C,Ubank,F,3,Two or More Races,No Referral,True,3.0,22,0,0.24,0.30000000000000004
708-68-6708,2023-09-26 08:08:00,K,Brace,F,54,Two or More Races,No Referral,True,3.0,45,0,0.7,0.30000000000000004
571-29-8781,2024-04-24 16:22:00,S,Plant,F,46,Two or More Races,No Referral,True,3.0,53,0,0.8600000000000001,0.30000000000000004
526-19-8373,2023-08-28 23:25:00,D,Eblein,F,39,Two or More Races,No Referral,True,4.0,41,0,0.6200000000000001,0.4
685-44-8957,2024-09-15 14:28:00,F,Walesa,F,26,Two or More Races,No Referral,True,4.0,17,0,0.14,0.4
143-35-2643,2023-12-21 13:45:00,V,Link,F,46,Two or More Races,No Referral,True,4.0,39,0,0.5800000000000001,0.4
304-59-5501,2023-05-23 15:26:00,X,Idiens,F,25,Two or More Races,No Referral,True,4.0,15,1,0.09999999999999998,0.4
256-70-6672,2024-06-27 07:17:00,F,Imore,F,21,Two or More Races,No Referral,True,5.0,50,0,0.8,0.5
436-57-3978,2024-06-14 15:35:00,H,Caesar,F,69,Two or More Races,No Referral,True,5.0,39,0,0.5800000000000001,0.5
756-49-1111,2024-09-21 04:35:00,J,Pieper,F,3,Two or More Races,No Referral,True,5.0,22,0,0.24,0.5
586-75-2106,2023-10-25 23:31:00,N,Lumsdaine,F,62,Two or More Races,No Referral,True,5.0,20,0,0.2,0.5
777-61-6593,2024-06-17 16:02:00,W,Flemyng,F,75,Two or More Races,No Referral,True,5.0,54,0,0.8800000000000001,0.5
687-59-9155,2023-08-31 22:57:00,Y,Gammon,F,74,Two or More Races,No Referral,True,5.0,55,0,0.9000000000000001,0.5
704-78-5146,2024-05-18 04:44:00,D,Glynne,F,55,Two or More Races,No Referral,True,6.0,38,0,0.56,0.6000000000000001
743-09-6069,2024-01-17 20:04:00,H,Slee,F,49,Two or More Races,No Referral,True,6.0,24,0,0.27999999999999997,0.6000000000000001
137-38-5385,2023-09-24 00:28:00,H,Vedstra,F,58,Two or More Races,No Referral,True,6.0,36,0,0.52,0.6000000000000001
870-50-4955,2023-04-24 05:44:00,Q,Eastlake,F,1,Two or More Races,No Referral,True,6.0,23,0,0.26,0.6000000000000001
223-54-0736,2024-09-09 12:34:00,B,Carman,F,51,Two or More Races,No Referral,True,7.0,35,0,0.5,0.7000000000000001
519-99-8494,2024-03-11 16:39:00,H,Malster,F,56,Two or More Races,No Referral,True,7.0,60,0,1.0,0.7000000000000001
623-36-9441,2023-07-06 00:48:00,K,Pagin,F,60,Two or More Races,No Referral,True,7.0,56,0,0.9200000000000002,0.7000000000000001
693-91-2400,2023-12-06 10:07:00,O,MacElroy,F,7,Two or More Races,No Referral,True,7.0,29,0,0.37999999999999995,0.7000000000000001
846-91-5022,2023-09-01 14:50:00,Q,Bootton,F,62,Two or More Races,No Referral,True,7.0,47,0,0.74,0.7000000000000001
454-91-6429,2024-10-30 13:25:00,B,Hodinton,F,28,Two or More Races,No Referral,True,8.0,26,0,0.32,0.8
693-17-8496,2023-04-24 06:00:00,F,Plunkett,F,34,Two or More Races,No Referral,True,8.0,52,0,0.8400000000000001,0.8
264-44-0744,2024-07-13 08:51:00,J,Whyteman,F,55,Two or More Races,No Referral,True,8.0,19,0,0.18,0.8
544-07-1814,2024-04-06 08:05:00,J,Pitcaithley,F,24,Two or More Races,No Referral,True,8.0,26,0,0.32,0.8
425-90-5230,2023-04-18 09:22:00,L,Willavoys,F,51,Two or More Races,No Referral,True,8.0,34,0,0.48000000000000004,0.8
592-35-6777,2024-01-08 17:11:00,O,McMichell,F,2,Two or More Races,No Referral,True,8.0,54,0,0.8800000000000001,0.8
584-23-6375,2023-09-08 02:23:00,X,Fitkin,F,25,Two or More Races,No Referral,True,8.0,24,0,0.27999999999999997,0.8
493-68-6784,2024-07-12 01:17:00,D,Stronge,F,3,Two or More Races,No Referral,True,9.0,34,0,0.48000000000000004,0.9
894-90-9359,2024-09-16 19:33:00,A,Kay,F,66,Two or More Races,No Referral,True,10.0,34,0,0.48000000000000004,1.0
828-86-5241,2024-08-05 13:50:00,C,Bashford,F,72,Two or More Races,No Referral,True,10.0,52,0,0.8400000000000001,1.0
837-41-0932,2024-05-22 01:45:00,H,Christophersen,F,10,Two or More Races,No Referral,True,10.0,31,0,0.42,1.0
254-12-3223,2023-09-21 15:41:00,J,Noyce,F,10,Two or More Races,No Referral,True,10.0,16,0,0.12,1.0
693-79-1702,2023-11-17 18:51:00,L,Peddersen,F,9,Two or More Races,No Referral,True,10.0,12,0,0.03999999999999998,1.0
681-56-5046,2024-08-13 23:13:00,Z,Gliddon,F,65,Two or More Races,No Referral,True,10.0,45,0,0.7,1.0
809-51-1881,2024-05-04 21:30:00,C,Hollindale,F,37,Two or More Races,Orthopedics,True,5.0,37,0,0.54,0.5
373-25-1214,2024-04-25 10:22:00,C,Boggis,F,3,Two or More Races,Orthopedics,True,5.0,43,0,0.6599999999999999,0.5
148-91-1392,2024-09-25 21:19:00,E,Tumioto,F,67,Two or More Races,Orthopedics,True,5.0,33,0,0.46,0.5
521-26-2024,2023-07-13 16:24:00,G,Coats,F,30,Two or More Races,Orthopedics,True,5.0,34,0,0.48000000000000004,0.5
375-83-4532,2024-04-26 07:46:00,I,Baudoux,F,42,Two or More Races,Orthopedics,True,5.0,56,0,0.9200000000000002,0.5
436-49-3831,2023-05-06 18:24:00,J,Doughtery,F,45,Two or More Races,Orthopedics,True,5.0,41,1,0.6200000000000001,0.5
245-93-0711,2024-03-02 09:50:00,L,Oldknowe,F,67,Two or More Races,Orthopedics,True,5.0,47,0,0.74,0.5
676-76-2593,2024-01-31 05:49:00,O,Adamo,F,77,Two or More Races,Orthopedics,True,5.0,14,0,0.08000000000000002,0.5
702-54-0548,2023-11-22 23:01:00,R,Eskriet,F,53,Two or More Races,Orthopedics,True,5.0,41,0,0.6200000000000001,0.5
558-62-7213,2024-01-14 18:09:00,U,McAneny,F,41,Two or More Races,Orthopedics,True,5.0,23,0,0.26,0.5
669-45-6595,2023-07-23 06:59:00,V,Fenelow,F,6,Two or More Races,Orthopedics,True,5.0,29,0,0.37999999999999995,0.5
625-51-6051,2024-03-04 23:35:00,V,Sampey,F,56,Two or More Races,Orthopedics,True,5.0,34,0,0.48000000000000004,0.5
247-90-4774,2023-12-02 03:11:00,W,Dioniso,F,14,Two or More Races,Orthopedics,True,5.0,26,0,0.32,0.5
319-60-7646,2023-05-01 05:20:00,W,Tatnell,F,76,Two or More Races,Orthopedics,True,5.0,26,1,0.32,0.5
630-75-8261,2023-04-12 18:07:00,Y,Recher,F,64,Two or More Races,Orthopedics,True,5.0,53,0,0.8600000000000001,0.5
602-80-4744,2024-03-20 14:08:00,G,Huntall,F,55,Two or More Races,Orthopedics,True,0.0,11,0,0.01999999999999999,0.0
818-67-0399,2024-03-03 20:32:00,Q,Erlam,F,45,Two or More Races,Orthopedics,True,0.0,60,0,1.0,0.0
880-03-7024,2023-08-20 04:00:00,H,Keston,F,3,Two or More Races,Orthopedics,True,1.0,44,0,0.6799999999999999,0.1
697-97-4762,2024-03-25 09:00:00,J,Fiddiman,F,46,Two or More Races,Orthopedics,True,1.0,19,0,0.18,0.1
313-26-4123,2023-11-25 15:33:00,R,Mitchard,F,51,Two or More Races,Orthopedics,True,1.0,13,0,0.06,0.1
208-88-1942,2023-09-26 15:11:00,C,Mandal,F,16,Two or More Races,Orthopedics,True,3.0,11,0,0.01999999999999999,0.30000000000000004
693-10-4073,2024-02-08 12:05:00,F,McRobb,F,33,Two or More Races,Orthopedics,True,4.0,48,0,0.76,0.4
728-28-6087,2023-08-25 00:31:00,I,MacCafferky,F,51,Two or More Races,Orthopedics,True,4.0,18,0,0.15999999999999998,0.4
628-46-3223,2024-10-30 02:12:00,W,Wardle,F,13,Two or More Races,Orthopedics,True,5.0,45,0,0.7,0.5
499-25-8965,2023-07-08 07:48:00,M,McColl,F,43,Two or More Races,Orthopedics,True,7.0,46,0,0.72,0.7000000000000001
873-50-3555,2023-10-24 03:22:00,Y,Morales,F,53,Two or More Races,Orthopedics,True,7.0,46,0,0.72,0.7000000000000001
404-10-3469,2023-07-30 12:15:00,E,Eliot,F,16,Two or More Races,Orthopedics,True,8.0,34,0,0.48000000000000004,0.8
301-12-6179,2023-07-19 00:35:00,A,Giovani,F,33,Two or More Races,Orthopedics,True,9.0,51,0,0.8200000000000001,0.9
451-83-7227,2023-06-11 17:54:00,D,Levy,F,19,Two or More Races,Orthopedics,True,10.0,42,0,0.6399999999999999,1.0
758-30-1888,2024-03-09 13:23:00,W,Hallowell,F,4,Two or More Races,Orthopedics,True,10.0,29,0,0.37999999999999995,1.0
425-25-7574,2024-09-13 06:29:00,J,Lishmund,F,68,Two or More Races,Physiotherapy,True,5.0,53,0,0.8600000000000001,0.5
388-03-3882,2024-02-21 02:53:00,K,Jacobsson,F,60,Two or More Races,Physiotherapy,True,5.0,21,0,0.21999999999999997,0.5
771-05-1094,2023-08-20 05:32:00,L,Wixey,F,31,Two or More Races,Physiotherapy,True,5.0,44,0,0.6799999999999999,0.5
457-56-1772,2023-09-19 02:49:00,N,Sheraton,F,36,Two or More Races,Physiotherapy,True,5.0,22,0,0.24,0.5
547-30-8126,2023-11-21 04:24:00,U,Vause,F,34,Two or More Races,Physiotherapy,True,5.0,20,0,0.2,0.5
643-90-9335,2023-05-08 08:27:00,W,Sarton,F,61,Two or More Races,Physiotherapy,True,5.0,58,1,0.96,0.5
365-88-0539,2023-04-25 09:25:00,I,Duxfield,F,76,Two or More Races,Physiotherapy,True,2.0,49,0,0.78,0.2
792-03-5512,2024-08-27 06:41:00,L,North,F,39,Two or More Races,Renal,True,5.0,57,0,0.9400000000000002,0.5
118-32-9062,2023-06-12 20:23:00,A,Mattosoff,F,33,White,Cardiology,True,5.0,16,0,0.12,0.5
644-58-7967,2023-05-11 12:58:00,B,Ducroe,F,27,White,Cardiology,True,5.0,11,1,0.01999999999999999,0.5
713-08-2627,2024-07-30 13:15:00,B,Hannabuss,F,65,White,Cardiology,True,5.0,47,0,0.74,0.5
750-24-0580,2023-08-30 22:06:00,M,Macey,F,61,White,Cardiology,True,5.0,16,0,0.12,0.5
300-66-0409,2024-03-27 21:20:00,O,Hanney,F,29,White,Cardiology,True,5.0,31,0,0.42,0.5
258-76-2632,2024-08-08 21:55:00,P,MacCaig,F,52,White,Cardiology,True,5.0,35,0,0.5,0.5
348-60-4130,2024-01-15 17:18:00,Y,Curtin,F,3,White,Cardiology,True,9.0,11,0,0.01999999999999999,0.9
863-66-8507,2023-09-30 13:29:00,F,Cinelli,F,14,White,Cardiology,True,10.0,12,0,0.03999999999999998,1.0
640-50-6642,2024-07-18 21:35:00,A,Ivan,F,46,White,Gastroenterology,True,5.0,11,0,0.01999999999999999,0.5
233-20-7150,2023-04-12 12:53:00,E,Yole,F,53,White,Gastroenterology,True,5.0,13,0,0.06,0.5
126-02-5429,2023-05-12 22:55:00,H,Tibbetts,F,6,White,Gastroenterology,True,5.0,51,1,0.8200000000000001,0.5
199-55-7481,2023-10-25 14:15:00,I,De la Feld,F,52,White,Gastroenterology,True,5.0,44,0,0.6799999999999999,0.5
744-63-8705,2023-05-21 22:54:00,O,Whettleton,F,13,White,Gastroenterology,True,5.0,14,1,0.08000000000000002,0.5
427-73-9830,2024-07-19 04:31:00,S,Hof,F,15,White,Gastroenterology,True,5.0,12,0,0.03999999999999998,0.5
376-80-7068,2024-04-23 07:50:00,N,Simpole,F,24,White,Gastroenterology,True,5.0,48,0,0.76,0.5
388-07-6238,2023-04-09 03:11:00,B,Beaver,F,7,White,Gastroenterology,True,7.0,18,0,0.15999999999999998,0.7000000000000001
173-24-2624,2024-08-31 09:57:00,P,Mordin,F,76,White,Gastroenterology,True,7.0,30,0,0.39999999999999997,0.7000000000000001
251-26-5273,2024-08-02 16:34:00,K,Hefferon,F,61,White,Gastroenterology,True,10.0,18,0,0.15999999999999998,1.0
149-70-8508,2024-07-19 14:24:00,A,Hammand,F,8,White,General Practice,True,5.0,19,0,0.18,0.5
153-84-0990,2024-09-15 08:39:00,A,Iwanczyk,F,39,White,General Practice,True,5.0,25,0,0.3,0.5
133-08-8944,2023-11-20 15:34:00,A,Fairlamb,F,4,White,General Practice,True,5.0,27,0,0.34,0.5
745-12-9434,2023-04-22 09:18:00,A,Stanier,F,59,White,General Practice,True,5.0,51,0,0.8200000000000001,0.5
786-22-4260,2023-06-06 10:05:00,A,Pardon,F,74,White,General Practice,True,5.0,52,0,0.8400000000000001,0.5
615-62-0241,2024-04-15 15:23:00,B,Evill,F,44,White,General Practice,True,5.0,17,0,0.14,0.5
186-16-0532,2024-04-24 05:41:00,B,Pinckstone,F,79,White,General Practice,True,5.0,19,0,0.18,0.5
887-52-6263,2023-07-27 09:36:00,B,Birtley,F,56,White,General Practice,True,5.0,33,0,0.46,0.5
274-70-0428,2023-07-07 06:36:00,B,Maginn,F,79,White,General Practice,True,5.0,38,0,0.56,0.5
483-54-7622,2024-05-21 00:39:00,B,Hutchence,F,43,White,General Practice,True,5.0,47,0,0.74,0.5
372-10-3387,2024-09-28 00:24:00,C,Haskur,F,22,White,General Practice,True,5.0,14,0,0.08000000000000002,0.5
509-21-3427,2023-04-13 16:09:00,C,Croy,F,23,White,General Practice,True,5.0,24,0,0.27999999999999997,0.5
838-42-4633,2024-05-24 16:27:00,C,Dassindale,F,63,White,General Practice,True,5.0,24,0,0.27999999999999997,0.5
654-46-6643,2023-06-21 21:35:00,C,Menier,F,27,White,General Practice,True,5.0,26,0,0.32,0.5
136-69-9007,2024-10-20 21:27:00,C,Murby,F,55,White,General Practice,True,5.0,29,0,0.37999999999999995,0.5
244-58-4316,2023-09-24 23:24:00,C,Hagston,F,51,White,General Practice,True,5.0,38,0,0.56,0.5
495-06-8156,2023-05-26 19:02:00,C,Findlay,F,55,White,General Practice,True,5.0,38,1,0.56,0.5
122-98-5232,2024-06-05 23:07:00,C,Lambis,F,11,White,General Practice,True,5.0,39,0,0.5800000000000001,0.5
134-73-6304,2024-10-27 07:11:00,C,Alvaro,F,48,White,General Practice,True,5.0,44,0,0.6799999999999999,0.5
668-76-3611,2023-12-23 08:12:00,D,Croke,F,29,White,General Practice,True,5.0,29,0,0.37999999999999995,0.5
627-61-1866,2024-01-23 02:19:00,D,Borsi,F,46,White,General Practice,True,5.0,39,0,0.5800000000000001,0.5
437-21-6645,2024-06-08 14:49:00,D,Izakovitz,F,64,White,General Practice,True,5.0,59,0,0.98,0.5
132-94-9742,2024-02-27 04:59:00,E,Nappin,F,48,White,General Practice,True,5.0,10,0,0.0,0.5
638-55-9588,2023-04-16 20:51:00,E,Skures,F,24,White,General Practice,True,5.0,29,0,0.37999999999999995,0.5
819-13-0061,2023-08-26 04:34:00,E,De Ferrari,F,32,White,General Practice,True,5.0,36,0,0.52,0.5
578-88-8378,2024-03-13 00:41:00,F,McFall,F,14,White,General Practice,True,5.0,12,0,0.03999999999999998,0.5
212-94-9148,2024-04-14 20:01:00,F,Buey,F,79,White,General Practice,True,5.0,51,0,0.8200000000000001,0.5
679-67-8043,2023-05-02 02:20:00,G,De la Eglise,F,40,White,General Practice,True,5.0,23,1,0.26,0.5
823-01-8165,2023-10-06 13:49:00,G,Stollard,F,79,White,General Practice,True,5.0,39,0,0.5800000000000001,0.5
561-82-6237,2024-10-12 13:52:00,H,Bausmann,F,49,White,General Practice,True,5.0,20,0,0.2,0.5
868-41-4249,2024-07-10 02:30:00,H,Tuminini,F,65,White,General Practice,True,5.0,25,0,0.3,0.5
134-06-7868,2023-06-17 09:19:00,H,Ranson,F,78,White,General Practice,True,5.0,33,0,0.46,0.5
201-17-2250,2024-05-27 08:18:00,H,Llewelyn,F,23,White,General Practice,True,5.0,54,0,0.8800000000000001,0.5
505-48-5916,2023-11-25 18:02:00,I,Gudge,F,58,White,General Practice,True,5.0,19,0,0.18,0.5
103-66-1502,2023-06-03 13:14:00,I,MacBean,F,20,White,General Practice,True,5.0,20,0,0.2,0.5
748-21-4373,2023-09-23 13:12:00,I,Spencley,F,12,White,General Practice,True,5.0,54,0,0.8800000000000001,0.5
358-36-5740,2023-09-23 02:13:00,I,Balazin,F,42,White,General Practice,True,5.0,54,0,0.8800000000000001,0.5
828-96-6456,2024-01-16 02:06:00,J,Rosenstein,F,61,White,General Practice,True,5.0,25,0,0.3,0.5
373-24-7267,2024-08-13 19:24:00,J,Oswal,F,37,White,General Practice,True,5.0,37,0,0.54,0.5
546-27-1400,2024-03-15 13:02:00,K,Setford,F,39,White,General Practice,True,5.0,11,0,0.01999999999999999,0.5
167-44-8625,2024-08-26 14:53:00,K,Isakovic,F,7,White,General Practice,True,5.0,20,0,0.2,0.5
304-54-7969,2024-10-21 21:16:00,K,Mandifield,F,44,White,General Practice,True,5.0,24,0,0.27999999999999997,0.5
198-25-7167,2023-07-27 15:44:00,K,Allmark,F,40,White,General Practice,True,5.0,50,0,0.8,0.5
768-88-6122,2024-09-29 19:36:00,L,Burgum,F,71,White,General Practice,True,5.0,26,0,0.32,0.5
323-89-5089,2024-07-02 05:00:00,L,Worner,F,34,White,General Practice,True,5.0,30,0,0.39999999999999997,0.5
190-65-0512,2024-06-18 00:35:00,M,MacIver,F,6,White,General Practice,True,5.0,38,0,0.56,0.5
761-43-2767,2023-07-17 05:36:00,M,Davydoch,F,56,White,General Practice,True,5.0,45,0,0.7,0.5
775-34-9359,2024-06-20 00:36:00,M,Kenelin,F,59,White,General Practice,True,5.0,52,0,0.8400000000000001,0.5
478-48-2968,2023-05-08 03:17:00,M,Lycett,F,74,White,General Practice,True,5.0,52,1,0.8400000000000001,0.5
441-98-1360,2023-06-22 06:33:00,M,Agget,F,19,White,General Practice,True,5.0,59,0,0.98,0.5
699-47-0420,2023-11-27 12:44:00,N,Holtum,F,14,White,General Practice,True,5.0,26,0,0.32,0.5
276-99-1686,2024-02-09 12:21:00,N,Windsor,F,64,White,General Practice,True,5.0,55,0,0.9000000000000001,0.5
738-51-6121,2023-09-22 09:15:00,O,Dodgshun,F,75,White,General Practice,True,5.0,30,0,0.39999999999999997,0.5
896-83-7729,2023-09-16 00:32:00,O,Jee,F,30,White,General Practice,True,5.0,43,0,0.6599999999999999,0.5
381-07-9458,2023-09-30 09:31:00,P,Lepope,F,58,White,General Practice,True,5.0,50,0,0.8,0.5
691-45-0118,2024-02-22 18:32:00,P,Ofield,F,3,White,General Practice,True,5.0,51,0,0.8200000000000001,0.5
474-83-6505,2024-01-25 17:31:00,P,Gheorghie,F,8,White,General Practice,True,5.0,53,0,0.8600000000000001,0.5
473-48-7700,2023-06-06 20:13:00,Q,Lochran,F,38,White,General Practice,True,5.0,34,0,0.48000000000000004,0.5
657-88-1602,2024-04-21 07:08:00,Q,Laverack,F,22,White,General Practice,True,5.0,45,0,0.7,0.5
762-01-0784,2024-03-11 13:07:00,Q,Brocks,F,25,White,General Practice,True,5.0,60,0,1.0,0.5
736-03-3064,2024-02-10 19:32:00,R,O'Crevan,F,73,White,General Practice,True,5.0,14,0,0.08000000000000002,0.5
288-11-6250,2023-07-24 21:31:00,R,Anwell,F,47,White,General Practice,True,5.0,35,0,0.5,0.5
365-31-3656,2024-04-03 02:39:00,R,Cornner,F,15,White,General Practice,True,5.0,53,0,0.8600000000000001,0.5
476-22-8060,2024-01-03 15:39:00,S,Allsebrook,F,60,White,General Practice,True,5.0,44,0,0.6799999999999999,0.5
282-37-3283,2024-09-05 17:19:00,S,Ruberry,F,28,White,General Practice,True,5.0,55,0,0.9000000000000001,0.5
801-29-3426,2023-08-25 03:25:00,T,Casey,F,64,White,General Practice,True,5.0,13,0,0.06,0.5
242-33-1856,2024-04-06 02:17:00,T,Wyman,F,40,White,General Practice,True,5.0,50,0,0.8,0.5
534-99-2783,2023-12-26 14:30:00,U,Murrthum,F,64,White,General Practice,True,5.0,11,0,0.01999999999999999,0.5
830-63-3368,2023-04-29 06:04:00,U,Doel,F,35,White,General Practice,True,5.0,14,0,0.08000000000000002,0.5
539-11-9013,2024-03-25 07:48:00,U,Agutter,F,12,White,General Practice,True,5.0,51,0,0.8200000000000001,0.5
787-67-0173,2024-03-08 19:36:00,U,Langdale,F,5,White,General Practice,True,5.0,53,0,0.8600000000000001,0.5
395-81-1270,2024-08-24 16:12:00,V,Kupke,F,69,White,General Practice,True,5.0,13,0,0.06,0.5
121-21-9177,2023-12-01 06:10:00,V,Glabach,F,42,White,General Practice,True,5.0,36,0,0.52,0.5
340-23-0743,2023-06-21 23:32:00,V,Vynoll,F,73,White,General Practice,True,5.0,38,0,0.56,0.5
426-68-4159,2023-12-19 10:13:00,W,Tebald,F,30,White,General Practice,True,5.0,23,0,0.26,0.5
162-14-8161,2023-07-24 09:45:00,W,Andriuzzi,F,77,White,General Practice,True,5.0,29,0,0.37999999999999995,0.5
502-76-1405,2024-08-25 23:55:00,W,Fedoronko,F,18,White,General Practice,True,5.0,32,0,0.44,0.5
646-97-7229,2023-09-23 11:41:00,W,Samper,F,39,White,General Practice,True,5.0,37,0,0.54,0.5
860-76-5490,2023-07-10 23:24:00,W,Keyworth,F,60,White,General Practice,True,5.0,59,0,0.98,0.5
635-66-3678,2023-12-14 12:43:00,X,Tussaine,F,49,White,General Practice,True,5.0,12,0,0.03999999999999998,0.5
656-64-8037,2023-08-29 19:58:00,X,Gloves,F,30,White,General Practice,True,5.0,50,0,0.8,0.5
352-81-8511,2023-05-15 09:41:00,Y,Heibl,F,73,White,General Practice,True,5.0,10,1,0.0,0.5
763-14-3682,2023-09-20 00:08:00,Y,Claridge,F,60,White,General Practice,True,5.0,38,0,0.56,0.5
636-85-3446,2024-02-15 15:05:00,Y,McAne,F,33,White,General Practice,True,5.0,55,0,0.9000000000000001,0.5
499-28-7082,2024-07-07 16:39:00,Y,Steabler,F,67,White,General Practice,True,5.0,56,0,0.9200000000000002,0.5
734-10-2558,2023-05-18 13:11:00,Y,Schubbert,F,15,White,General Practice,True,5.0,58,1,0.96,0.5
826-30-2880,2024-05-25 02:29:00,Z,Snipe,F,59,White,General Practice,True,5.0,49,0,0.78,0.5
505-56-2928,2024-05-26 20:03:00,Z,Salterne,F,47,White,General Practice,True,5.0,50,0,0.8,0.5
274-84-9636,2023-04-25 05:35:00,D,Kennicott,F,15,White,General Practice,True,0.0,38,0,0.56,0.0
652-35-9074,2024-02-14 08:30:00,K,Mahaffey,F,18,White,General Practice,True,0.0,10,0,0.0,0.0
453-73-0932,2023-04-03 01:26:00,T,Antognoni,F,42,White,General Practice,True,0.0,13,0,0.06,0.0
451-55-6363,2023-12-05 19:15:00,U,McEachern,F,50,White,General Practice,True,0.0,53,0,0.8600000000000001,0.0
787-79-0546,2023-07-11 02:35:00,Y,Rasch,F,63,White,General Practice,True,0.0,36,0,0.52,0.0
758-58-7402,2023-12-28 00:45:00,E,Shalcros,F,38,White,General Practice,True,1.0,55,0,0.9000000000000001,0.1
476-34-0359,2024-04-13 23:10:00,L,Wilshaw,F,6,White,General Practice,True,2.0,44,0,0.6799999999999999,0.2
455-38-9962,2023-05-08 19:43:00,Q,Semkins,F,1,White,General Practice,True,2.0,30,1,0.39999999999999997,0.2
777-39-8417,2024-06-04 04:24:00,N,Twinborough,F,68,White,General Practice,True,3.0,24,0,0.27999999999999997,0.30000000000000004
617-79-1591,2024-02-02 11:56:00,E,Cromer,F,22,White,General Practice,True,4.0,45,0,0.7,0.4
333-72-9284,2024-05-31 03:12:00,R,Edis,F,65,White,General Practice,True,4.0,44,0,0.6799999999999999,0.4
826-42-2244,2024-10-01 02:13:00,T,Mawd,F,77,White,General Practice,True,4.0,32,0,0.44,0.4
537-41-2556,2024-10-05 11:12:00,U,MacLeod,F,40,White,General Practice,True,4.0,40,0,0.6000000000000001,0.4
592-21-1803,2023-10-21 01:01:00,Y,Saladine,F,46,White,General Practice,True,5.0,24,0,0.27999999999999997,0.5
659-12-8843,2023-05-10 16:39:00,F,Redhouse,F,48,White,General Practice,True,6.0,12,1,0.03999999999999998,0.6000000000000001
618-26-5226,2024-10-18 06:11:00,L,Heugle,F,67,White,General Practice,True,6.0,19,0,0.18,0.6000000000000001
624-13-6007,2023-06-30 08:58:00,Q,Izchaki,F,20,White,General Practice,True,6.0,25,0,0.3,0.6000000000000001
741-75-9648,2024-09-29 04:34:00,V,Espadas,F,41,White,General Practice,True,6.0,13,0,0.06,0.6000000000000001
543-16-9545,2024-09-04 12:51:00,G,Gurdon,F,62,White,General Practice,True,7.0,39,0,0.5800000000000001,0.7000000000000001
595-85-8863,2023-10-09 23:38:00,N,Rickersey,F,9,White,General Practice,True,7.0,38,0,0.56,0.7000000000000001
805-86-6081,2024-07-02 06:59:00,Q,Dulanty,F,73,White,General Practice,True,7.0,25,0,0.3,0.7000000000000001
387-55-4585,2023-07-22 02:13:00,T,Lancashire,F,7,White,General Practice,True,7.0,40,0,0.6000000000000001,0.7000000000000001
157-11-4628,2024-02-19 18:48:00,T,Colaco,F,16,White,General Practice,True,7.0,54,0,0.8800000000000001,0.7000000000000001
155-62-3819,2024-08-10 06:31:00,W,Kirkwood,F,39,White,General Practice,True,7.0,53,0,0.8600000000000001,0.7000000000000001
342-84-9323,2023-04-13 18:04:00,B,Thorold,F,29,White,General Practice,True,8.0,17,0,0.14,0.8
856-36-0014,2023-12-22 21:14:00,N,Goadbie,F,78,White,General Practice,True,8.0,56,0,0.9200000000000002,0.8
571-43-2792,2024-10-14 08:21:00,V,Brogini,F,46,White,General Practice,True,8.0,11,0,0.01999999999999999,0.8
832-41-6464,2023-04-29 21:16:00,X,Elgey,F,17,White,General Practice,True,9.0,55,0,0.9000000000000001,0.9
302-53-5575,2023-08-13 23:54:00,J,Eves,F,22,White,General Practice,True,10.0,58,0,0.96,1.0
691-67-6590,2024-10-26 13:46:00,C,Douch,F,45,White,Neurology,True,5.0,34,0,0.48000000000000004,0.5
615-67-6851,2023-07-22 05:25:00,J,MacPaden,F,8,White,Neurology,True,5.0,50,0,0.8,0.5
325-46-8339,2023-09-03 20:50:00,M,Gierke,F,73,White,Neurology,True,5.0,16,0,0.12,0.5
429-31-3229,2024-06-03 18:24:00,P,Zavattari,F,72,White,Neurology,True,5.0,16,0,0.12,0.5
444-32-3737,2024-05-03 00:57:00,Q,Robak,F,22,White,Neurology,True,5.0,14,0,0.08000000000000002,0.5
541-86-9484,2023-12-20 05:28:00,Q,Neligan,F,62,White,Neurology,True,5.0,16,0,0.12,0.5
237-49-2123,2024-05-23 16:41:00,R,Chaytor,F,2,White,Neurology,True,5.0,42,0,0.6399999999999999,0.5
355-52-8969,2024-04-23 16:30:00,S,Jaquest,F,4,White,Neurology,True,5.0,21,0,0.21999999999999997,0.5
824-30-1382,2024-09-03 10:31:00,H,Gifford,F,14,White,Neurology,True,2.0,49,0,0.78,0.2
845-06-7247,2023-07-22 02:59:00,Z,Sandys,F,49,White,Neurology,True,10.0,11,0,0.01999999999999999,1.0
157-88-8844,2023-11-28 12:54:00,A,Cuttler,F,60,White,No Referral,True,0.0,25,0,0.3,0.0
563-03-8388,2024-08-28 20:39:00,D,Weyman,F,63,White,No Referral,True,0.0,24,0,0.27999999999999997,0.0
705-87-4667,2024-01-15 11:20:00,H,Woolnough,F,50,White,No Referral,True,0.0,31,0,0.42,0.0
852-69-6258,2023-04-28 08:35:00,L,Fagence,F,21,White,No Referral,True,0.0,39,0,0.5800000000000001,0.0
602-84-3086,2024-09-07 22:14:00,L,Gordon,F,18,White,No Referral,True,0.0,47,0,0.74,0.0
819-70-1506,2024-04-19 03:01:00,O,De Vere,F,38,White,No Referral,True,0.0,16,0,0.12,0.0
416-08-7655,2023-12-26 04:29:00,S,Dunkirk,F,57,White,No Referral,True,0.0,13,0,0.06,0.0
164-29-5021,2023-05-23 15:55:00,S,Lilley,F,73,White,No Referral,True,0.0,37,1,0.54,0.0
713-21-1635,2023-12-04 18:00:00,V,Thickin,F,49,White,No Referral,True,0.0,59,0,0.98,0.0
764-74-1398,2024-02-17 14:47:00,Z,Heyfield,F,26,White,No Referral,True,0.0,31,0,0.42,0.0
687-07-1230,2024-07-12 07:30:00,Z,Ashwin,F,12,White,No Referral,True,0.0,58,0,0.96,0.0
516-34-6394,2023-05-12 11:32:00,F,Hylands,F,28,White,No Referral,True,1.0,20,1,0.2,0.1
122-46-5252,2024-06-15 22:21:00,G,Klosa,F,63,White,No Referral,True,1.0,20,0,0.2,0.1
234-88-9106,2023-12-02 01:25:00,K,Melhuish,F,3,White,No Referral,True,1.0,39,0,0.5800000000000001,0.1
385-83-1799,2023-12-15 12:48:00,T,Golding,F,73,White,No Referral,True,1.0,17,0,0.14,0.1
608-51-4964,2024-07-11 02:22:00,V,Fyers,F,3,White,No Referral,True,1.0,51,0,0.8200000000000001,0.1
616-96-8379,2024-07-29 12:29:00,G,Blagburn,F,58,White,No Referral,True,2.0,15,0,0.09999999999999998,0.2
795-97-8042,2024-06-10 15:05:00,K,Gillow,F,47,White,No Referral,True,2.0,39,0,0.5800000000000001,0.2
114-88-2644,2023-11-08 16:05:00,K,Wagge,F,27,White,No Referral,True,2.0,42,0,0.6399999999999999,0.2
277-27-7821,2023-08-18 16:33:00,L,Housam,F,18,White,No Referral,True,2.0,41,0,0.6200000000000001,0.2
837-73-8994,2024-07-15 21:38:00,X,McGhee,F,70,White,No Referral,True,2.0,20,0,0.2,0.2
306-96-2248,2023-08-23 04:14:00,X,Ouslem,F,7,White,No Referral,True,2.0,41,0,0.6200000000000001,0.2
760-43-3313,2024-06-21 13:48:00,D,Swindall,F,71,White,No Referral,True,3.0,24,0,0.27999999999999997,0.30000000000000004
631-83-4544,2024-06-05 11:41:00,G,Beardsdale,F,49,White,No Referral,True,3.0,41,0,0.6200000000000001,0.30000000000000004
619-42-8131,2024-07-10 21:59:00,L,MacCague,F,47,White,No Referral,True,3.0,33,0,0.46,0.30000000000000004
100-74-3943,2023-09-17 01:31:00,M,Hallard,F,3,White,No Referral,True,3.0,14,0,0.08000000000000002,0.30000000000000004
501-13-7396,2023-05-09 11:24:00,O,Warre,F,75,White,No Referral,True,3.0,17,1,0.14,0.30000000000000004
766-71-2978,2024-04-24 03:11:00,U,Christauffour,F,32,White,No Referral,True,3.0,57,0,0.9400000000000002,0.30000000000000004
701-30-7761,2024-09-06 09:11:00,V,Rawlingson,F,53,White,No Referral,True,3.0,20,0,0.2,0.30000000000000004
220-40-6700,2023-06-28 02:00:00,V,Tamsett,F,12,White,No Referral,True,3.0,47,0,0.74,0.30000000000000004
675-75-5119,2024-04-05 23:06:00,D,Dan,F,16,White,No Referral,True,4.0,17,0,0.14,0.4
364-08-4191,2024-09-28 08:21:00,L,Alwell,F,7,White,No Referral,True,4.0,41,0,0.6200000000000001,0.4
891-66-0692,2024-06-06 14:29:00,N,Coopey,F,39,White,No Referral,True,4.0,48,0,0.76,0.4
636-48-7628,2024-02-15 02:53:00,O,Stables,F,58,White,No Referral,True,4.0,59,0,0.98,0.4
318-13-3726,2023-10-11 15:31:00,S,Murray,F,71,White,No Referral,True,4.0,21,0,0.21999999999999997,0.4
188-78-3724,2023-08-27 21:19:00,T,Grason,F,13,White,No Referral,True,4.0,19,0,0.18,0.4
139-42-0535,2024-07-21 05:36:00,U,Honsch,F,72,White,No Referral,True,4.0,29,0,0.37999999999999995,0.4
281-64-1818,2023-05-14 18:45:00,V,Studman,F,10,White,No Referral,True,4.0,44,1,0.6799999999999999,0.4
683-99-2198,2024-07-24 20:02:00,V,Iggulden,F,23,White,No Referral,True,4.0,44,0,0.6799999999999999,0.4
488-19-5188,2023-05-17 16:11:00,Z,Roland,F,1,White,No Referral,True,4.0,27,1,0.34,0.4
256-07-5165,2024-09-01 23:26:00,A,Powter,F,22,White,No Referral,True,5.0,43,0,0.6599999999999999,0.5
341-75-1961,2024-04-14 14:31:00,M,Birkenshaw,F,31,White,No Referral,True,5.0,58,0,0.96,0.5
667-93-9784,2024-02-17 19:45:00,P,Garlant,F,9,White,No Referral,True,5.0,13,0,0.06,0.5
257-61-2650,2024-06-14 22:07:00,T,Strond,F,54,White,No Referral,True,5.0,54,0,0.8800000000000001,0.5
668-79-5006,2024-05-17 03:53:00,Y,McMullen,F,12,White,No Referral,True,5.0,37,0,0.54,0.5
345-35-5116,2024-05-11 23:05:00,Y,Jahnisch,F,42,White,No Referral,True,5.0,50,0,0.8,0.5
827-65-1958,2024-01-02 07:07:00,E,D'Oyly,F,38,White,No Referral,True,6.0,57,0,0.9400000000000002,0.6000000000000001
604-86-5324,2023-10-13 08:22:00,N,Perche,F,35,White,No Referral,True,6.0,50,0,0.8,0.6000000000000001
168-07-4106,2024-02-02 03:13:00,P,Monnoyer,F,19,White,No Referral,True,6.0,45,0,0.7,0.6000000000000001
519-63-7221,2023-11-23 01:05:00,W,Broddle,F,53,White,No Referral,True,6.0,41,0,0.6200000000000001,0.6000000000000001
169-94-6100,2023-08-15 21:10:00,A,Cristofaro,F,37,White,No Referral,True,7.0,12,0,0.03999999999999998,0.7000000000000001
204-82-4893,2023-08-17 04:43:00,C,Hurn,F,64,White,No Referral,True,7.0,39,0,0.5800000000000001,0.7000000000000001
484-72-9497,2024-02-20 00:09:00,F,Abelovitz,F,24,White,No Referral,True,7.0,41,0,0.6200000000000001,0.7000000000000001
858-24-9963,2024-05-11 09:11:00,K,Golds,F,60,White,No Referral,True,7.0,25,0,0.3,0.7000000000000001
130-03-6486,2024-01-01 09:08:00,M,Carwithan,F,17,White,No Referral,True,7.0,56,0,0.9200000000000002,0.7000000000000001
663-86-9324,2024-07-17 08:19:00,Q,Hawkshaw,F,56,White,No Referral,True,7.0,32,0,0.44,0.7000000000000001
400-25-3511,2024-04-28 08:23:00,B,Hammant,F,54,White,No Referral,True,8.0,27,0,0.34,0.8
178-58-4180,2024-04-14 14:28:00,I,Ingold,F,23,White,No Referral,True,8.0,48,0,0.76,0.8
665-83-7645,2024-05-25 12:45:00,P,Catterick,F,42,White,No Referral,True,8.0,53,0,0.8600000000000001,0.8
600-60-0546,2024-03-11 08:38:00,W,Cusick,F,55,White,No Referral,True,8.0,41,0,0.6200000000000001,0.8
815-37-9502,2023-12-21 04:38:00,X,Hammerstone,F,72,White,No Referral,True,8.0,57,0,0.9400000000000002,0.8
497-21-5239,2023-08-20 09:02:00,A,Laviss,F,40,White,No Referral,True,9.0,43,0,0.6599999999999999,0.9
250-51-3367,2024-03-02 11:36:00,E,Kunkel,F,52,White,No Referral,True,9.0,28,0,0.36000000000000004,0.9
726-54-0891,2023-11-04 03:39:00,J,Curr,F,31,White,No Referral,True,9.0,50,0,0.8,0.9
684-12-2313,2024-10-16 20:14:00,N,Abendroth,F,11,White,No Referral,True,9.0,41,0,0.6200000000000001,0.9
157-49-9764,2024-01-15 14:55:00,R,Hundley,F,41,White,No Referral,True,9.0,27,0,0.34,0.9
641-23-5829,2023-12-03 23:21:00,T,Dalgety,F,20,White,No Referral,True,9.0,11,0,0.01999999999999999,0.9
447-43-8712,2023-05-12 00:13:00,U,Klejin,F,32,White,No Referral,True,9.0,34,1,0.48000000000000004,0.9
856-09-2253,2024-04-04 05:43:00,V,Works,F,34,White,No Referral,True,9.0,52,0,0.8400000000000001,0.9
800-38-8561,2023-08-27 01:39:00,X,MacCombe,F,67,White,No Referral,True,9.0,27,0,0.34,0.9
145-46-1321,2023-05-13 08:12:00,Z,Fursland,F,38,White,No Referral,True,9.0,17,1,0.14,0.9
338-60-3097,2023-10-09 23:41:00,B,Bartod,F,53,White,No Referral,True,10.0,60,0,1.0,1.0
779-34-2105,2023-09-17 01:34:00,E,Tivnan,F,54,White,No Referral,True,10.0,12,0,0.03999999999999998,1.0
442-29-2860,2024-07-21 21:45:00,F,Adran,F,23,White,No Referral,True,10.0,53,0,0.8600000000000001,1.0
621-08-1059,2023-08-19 18:15:00,K,Baal,F,9,White,No Referral,True,10.0,10,0,0.0,1.0
637-81-2602,2024-01-27 03:45:00,L,Curneen,F,29,White,No Referral,True,10.0,58,0,0.96,1.0
896-52-6863,2024-04-22 10:00:00,N,McGettrick,F,39,White,No Referral,True,10.0,59,0,0.98,1.0
185-86-8176,2024-06-25 09:18:00,S,McCreery,F,67,White,No Referral,True,10.0,34,0,0.48000000000000004,1.0
358-91-5396,2024-06-04 16:09:00,V,Jerrold,F,24,White,No Referral,True,10.0,43,0,0.6599999999999999,1.0
228-10-0070,2023-09-21 15:51:00,Y,Towle,F,73,White,No Referral,True,10.0,10,0,0.0,1.0
458-99-9074,2023-09-04 00:46:00,A,McGaughay,F,2,White,Orthopedics,True,5.0,17,0,0.14,0.5
559-31-6017,2024-02-14 23:47:00,A,Heggman,F,25,White,Orthopedics,True,5.0,20,0,0.2,0.5
224-71-2531,2023-07-24 23:39:00,A,Wickett,F,60,White,Orthopedics,True,5.0,44,0,0.6799999999999999,0.5
376-27-6802,2023-07-26 04:09:00,B,Claypole,F,24,White,Orthopedics,True,5.0,40,0,0.6000000000000001,0.5
875-35-4737,2023-10-06 20:59:00,C,Mompesson,F,18,White,Orthopedics,True,5.0,15,0,0.09999999999999998,0.5
263-80-6685,2024-02-10 11:23:00,C,Bartkowiak,F,58,White,Orthopedics,True,5.0,19,0,0.18,0.5
869-66-7554,2023-11-29 02:34:00,C,Cantillion,F,35,White,Orthopedics,True,5.0,56,0,0.9200000000000002,0.5
250-82-5464,2023-08-27 00:46:00,D,Heath,F,35,White,Orthopedics,True,5.0,50,0,0.8,0.5
844-21-7153,2023-06-03 21:06:00,E,Gaskamp,F,74,White,Orthopedics,True,5.0,17,0,0.14,0.5
149-68-0241,2024-02-08 22:08:00,E,Hemerijk,F,40,White,Orthopedics,True,5.0,19,0,0.18,0.5
414-06-4445,2023-06-05 02:57:00,E,Detoc,F,19,White,Orthopedics,True,5.0,41,0,0.6200000000000001,0.5
729-35-9748,2024-10-05 14:35:00,E,McCanny,F,45,White,Orthopedics,True,5.0,44,0,0.6799999999999999,0.5
603-25-1575,2023-12-25 03:49:00,G,Drever,F,60,White,Orthopedics,True,5.0,31,0,0.42,0.5
313-36-3938,2024-01-17 12:41:00,G,Heigold,F,4,White,Orthopedics,True,5.0,53,0,0.8600000000000001,0.5
298-15-6094,2023-08-09 01:53:00,H,Ransome,F,79,White,Orthopedics,True,5.0,11,0,0.01999999999999999,0.5
880-96-2037,2023-04-13 18:46:00,H,Jasper,F,15,White,Orthopedics,True,5.0,24,0,0.27999999999999997,0.5
438-91-9401,2023-10-12 15:39:00,H,Pilger,F,30,White,Orthopedics,True,5.0,29,0,0.37999999999999995,0.5
124-40-1013,2024-06-27 10:27:00,H,Rasher,F,34,White,Orthopedics,True,5.0,43,0,0.6599999999999999,0.5
697-02-7197,2024-04-02 01:30:00,H,Tregien,F,24,White,Orthopedics,True,5.0,54,0,0.8800000000000001,0.5
461-70-5641,2023-04-14 03:12:00,I,Glasscoo,F,72,White,Orthopedics,True,5.0,31,0,0.42,0.5
213-96-5568,2023-08-21 23:29:00,J,Eschalette,F,40,White,Orthopedics,True,5.0,45,0,0.7,0.5
229-78-0810,2023-06-19 23:26:00,K,Bend,F,19,White,Orthopedics,True,5.0,23,0,0.26,0.5
567-34-6800,2023-07-26 11:24:00,L,Carlo,F,17,White,Orthopedics,True,5.0,30,0,0.39999999999999997,0.5
797-70-2349,2024-03-03 09:12:00,N,Wallwork,F,55,White,Orthopedics,True,5.0,25,0,0.3,0.5
689-86-6145,2024-05-06 05:26:00,O,Cordie,F,16,White,Orthopedics,True,5.0,22,0,0.24,0.5
409-22-8805,2024-05-01 07:11:00,O,Ayton,F,59,White,Orthopedics,True,5.0,37,0,0.54,0.5
249-19-1543,2023-04-28 15:12:00,P,Dunnet,F,2,White,Orthopedics,True,5.0,16,0,0.12,0.5
623-89-4272,2024-07-20 19:15:00,P,Pobjay,F,51,White,Orthopedics,True,5.0,26,0,0.32,0.5
327-14-9748,2024-01-28 04:29:00,P,Dance,F,72,White,Orthopedics,True,5.0,31,0,0.42,0.5
876-79-7112,2024-07-09 19:30:00,Q,Halfacre,F,49,White,Orthopedics,True,5.0,11,0,0.01999999999999999,0.5
545-22-1531,2024-10-04 17:06:00,R,Budnk,F,1,White,Orthopedics,True,5.0,22,0,0.24,0.5
436-65-3999,2023-12-12 21:49:00,R,Cliffe,F,48,White,Orthopedics,True,5.0,30,0,0.39999999999999997,0.5
537-09-7772,2024-10-26 05:28:00,R,Mallia,F,3,White,Orthopedics,True,5.0,33,0,0.46,0.5
608-47-0337,2024-01-01 17:25:00,R,Boyle,F,22,White,Orthopedics,True,5.0,45,0,0.7,0.5
811-97-1091,2024-03-22 08:34:00,S,Ryal,F,61,White,Orthopedics,True,5.0,53,0,0.8600000000000001,0.5
596-98-6693,2023-12-23 20:45:00,T,Albrighton,F,40,White,Orthopedics,True,5.0,10,0,0.0,0.5
563-72-1313,2023-11-22 12:36:00,U,O'Suaird,F,53,White,Orthopedics,True,5.0,26,0,0.32,0.5
171-75-9146,2024-05-21 03:02:00,U,Hearnah,F,30,White,Orthopedics,True,5.0,32,0,0.44,0.5
283-63-7892,2024-06-12 21:09:00,V,Hanigan,F,4,White,Orthopedics,True,5.0,14,0,0.08000000000000002,0.5
509-15-9216,2024-06-06 20:19:00,V,Takkos,F,12,White,Orthopedics,True,5.0,60,0,1.0,0.5
284-23-4071,2024-03-13 16:29:00,W,Keasley,F,33,White,Orthopedics,True,5.0,43,0,0.6599999999999999,0.5
717-51-2915,2024-10-03 23:40:00,X,Shiels,F,7,White,Orthopedics,True,5.0,32,0,0.44,0.5
195-26-8178,2024-10-04 13:53:00,Y,Orrett,F,18,White,Orthopedics,True,5.0,27,0,0.34,0.5
512-60-2460,2023-11-22 08:04:00,Z,Koenen,F,26,White,Orthopedics,True,5.0,49,0,0.78,0.5
841-74-3492,2024-05-07 04:30:00,S,Follis,F,10,White,Orthopedics,True,0.0,50,0,0.8,0.0
625-47-1514,2023-11-17 07:08:00,T,Goodfellowe,F,55,White,Orthopedics,True,0.0,51,0,0.8200000000000001,0.0
360-05-3720,2024-07-20 00:00:00,A,Francesch,F,22,White,Orthopedics,True,1.0,15,0,0.09999999999999998,0.1
265-41-2620,2023-10-17 18:02:00,O,Ruprechter,F,76,White,Orthopedics,True,1.0,23,0,0.26,0.1
472-97-6207,2023-05-07 11:14:00,X,Bromehed,F,31,White,Orthopedics,True,1.0,59,1,0.98,0.1
540-07-7543,2024-02-23 20:16:00,Z,Izakson,F,54,White,Orthopedics,True,1.0,60,0,1.0,0.1
186-48-7416,2024-07-16 03:12:00,K,Abbotson,F,7,White,Orthopedics,True,3.0,24,0,0.27999999999999997,0.30000000000000004
811-13-4461,2023-05-06 18:02:00,U,Kloska,F,45,White,Orthopedics,True,3.0,16,1,0.12,0.30000000000000004
496-47-5279,2023-09-21 15:03:00,C,Malitrott,F,73,White,Orthopedics,True,4.0,40,0,0.6000000000000001,0.4
228-41-0095,2024-06-10 20:16:00,O,Leete,F,74,White,Orthopedics,True,4.0,32,0,0.44,0.4
129-25-8655,2024-07-24 18:25:00,J,Pimer,F,73,White,Orthopedics,True,5.0,19,0,0.18,0.5
415-28-3023,2023-08-31 19:24:00,Z,Hext,F,48,White,Orthopedics,True,5.0,47,0,0.74,0.5
891-36-7946,2023-11-01 18:30:00,K,Wollaston,F,6,White,Orthopedics,True,6.0,21,0,0.21999999999999997,0.6000000000000001
843-76-4020,2024-01-22 03:35:00,O,Bussy,F,79,White,Orthopedics,True,7.0,14,0,0.08000000000000002,0.7000000000000001
168-19-7400,2023-08-21 09:47:00,W,Grebbin,F,49,White,Orthopedics,True,8.0,43,0,0.6599999999999999,0.8
566-41-9643,2024-01-20 13:38:00,B,Charlson,F,49,White,Orthopedics,True,9.0,45,0,0.7,0.9
426-82-0991,2024-10-27 00:20:00,M,Quartermain,F,7,White,Orthopedics,True,10.0,31,0,0.42,1.0
115-72-7138,2024-04-22 18:33:00,T,Guinnane,F,21,White,Orthopedics,True,10.0,18,0,0.15999999999999998,1.0
724-36-0175,2024-08-22 08:11:00,B,Pluck,F,27,White,Physiotherapy,True,5.0,36,0,0.52,0.5
604-92-6296,2023-10-24 09:59:00,C,Hallin,F,71,White,Physiotherapy,True,5.0,25,0,0.3,0.5
635-51-4215,2024-05-23 17:44:00,E,Seacombe,F,16,White,Physiotherapy,True,5.0,39,0,0.5800000000000001,0.5
714-15-3274,2023-06-10 07:09:00,L,Oliff,F,78,White,Physiotherapy,True,5.0,59,0,0.98,0.5
563-64-7249,2024-04-26 17:44:00,Q,Lindemann,F,78,White,Physiotherapy,True,5.0,42,0,0.6399999999999999,0.5
264-47-3879,2023-12-30 20:24:00,R,Bernardelli,F,31,White,Physiotherapy,True,5.0,54,0,0.8800000000000001,0.5
566-23-2795,2023-09-24 10:28:00,T,Herkess,F,31,White,Physiotherapy,True,5.0,49,0,0.78,0.5
453-54-2453,2023-11-01 13:27:00,U,Dowall,F,20,White,Physiotherapy,True,5.0,48,0,0.76,0.5
754-56-4342,2024-09-17 14:32:00,U,Leifer,F,34,White,Physiotherapy,True,5.0,49,0,0.78,0.5
615-52-5411,2024-05-16 00:44:00,W,Casbolt,F,30,White,Physiotherapy,True,5.0,26,0,0.32,0.5
470-60-5209,2024-04-06 22:49:00,Z,Iacovides,F,25,White,Physiotherapy,True,5.0,29,0,0.37999999999999995,0.5
438-23-0462,2024-09-02 02:21:00,A,Harker,F,13,White,Physiotherapy,True,2.0,53,0,0.8600000000000001,0.2
854-90-9500,2023-07-04 13:21:00,Q,Wynrehame,F,57,White,Physiotherapy,True,2.0,10,0,0.0,0.2
451-68-1953,2024-01-14 05:55:00,U,Ainley,F,36,White,Physiotherapy,True,3.0,33,0,0.46,0.30000000000000004
683-59-0318,2024-09-25 03:42:00,N,Fisk,F,35,White,Physiotherapy,True,4.0,32,0,0.44,0.4
734-39-1461,2023-12-06 01:21:00,B,Mattussevich,F,44,White,Physiotherapy,True,5.0,35,0,0.5,0.5
207-67-5562,2024-06-09 15:30:00,T,Fraanchyonok,F,64,White,Physiotherapy,True,5.0,25,0,0.3,0.5
221-08-4372,2024-07-02 15:29:00,A,Mahaddie,F,72,White,Physiotherapy,True,9.0,20,0,0.2,0.9
618-15-9676,2023-10-18 14:24:00,J,Oldall,F,63,White,Renal,True,5.0,31,0,0.42,0.5
383-24-5206,2024-01-10 14:17:00,O,Blackford,F,51,White,Renal,True,5.0,60,0,1.0,0.5
530-06-5008,2023-06-09 19:19:00,R,Berendsen,F,68,White,Renal,True,5.0,44,0,0.6799999999999999,0.5
210-99-0414,2024-08-25 15:48:00,S,Gutierrez,F,36,White,Renal,True,5.0,31,0,0.42,0.5
234-64-8434,2023-12-25 12:05:00,W,Faherty,F,49,White,Renal,True,5.0,42,0,0.6399999999999999,0.5
458-66-7478,2023-07-18 01:49:00,Z,Mawson,F,36,White,Renal,True,5.0,45,0,0.7,0.5
144-47-5038,2024-09-06 05:39:00,K,Alexis,F,45,White,Renal,True,0.0,49,0,0.78,0.0
628-86-1438,2024-01-16 16:46:00,Z,Witherup,F,37,White,Renal,True,6.0,56,0,0.9200000000000002,0.6000000000000001
433-92-8562,2023-08-19 20:00:00,Z,Kenworthey,F,34,White,Renal,True,8.0,42,0,0.6399999999999999,0.8
863-51-9551,2024-09-05 06:49:00,D,Corrin,M,46,African American,Cardiology,True,5.0,51,0,0.8200000000000001,0.5
608-45-3024,2024-02-21 20:41:00,K,Querree,M,36,African American,Cardiology,True,5.0,24,0,0.27999999999999997,0.5
700-85-1404,2023-07-25 08:34:00,L,Klimontovich,M,11,African American,Cardiology,True,5.0,58,0,0.96,0.5
321-29-1165,2024-03-24 05:19:00,O,Wyld,M,61,African American,Cardiology,True,5.0,14,0,0.08000000000000002,0.5
340-31-4912,2023-07-09 17:25:00,O,Renshaw,M,19,African American,Cardiology,True,5.0,42,0,0.6399999999999999,0.5
684-15-6213,2023-11-15 20:17:00,O,Tilzey,M,75,African American,Cardiology,True,5.0,50,0,0.8,0.5
229-42-0816,2023-10-29 16:28:00,R,Rowston,M,44,African American,Cardiology,True,5.0,50,0,0.8,0.5
782-82-3086,2024-02-26 18:21:00,T,Sabbins,M,43,African American,Cardiology,True,5.0,27,0,0.34,0.5
246-51-3655,2023-12-28 07:05:00,Z,Lardez,M,19,African American,Cardiology,True,5.0,28,0,0.36000000000000004,0.5
377-39-3538,2023-08-18 16:24:00,Y,Mechan,M,27,African American,Cardiology,True,9.0,26,0,0.32,0.9
825-77-9437,2024-05-31 17:33:00,B,Halsey,M,15,African American,Gastroenterology,True,5.0,25,0,0.3,0.5
269-47-7139,2023-06-19 00:53:00,C,Treadway,M,44,African American,Gastroenterology,True,5.0,17,0,0.14,0.5
207-76-8815,2024-03-09 04:06:00,G,Tingey,M,19,African American,Gastroenterology,True,5.0,32,0,0.44,0.5
193-37-7138,2024-06-08 14:13:00,J,Simons,M,75,African American,Gastroenterology,True,5.0,60,0,1.0,0.5
763-06-8777,2023-06-07 02:12:00,K,Bent,M,76,African American,Gastroenterology,True,5.0,25,0,0.3,0.5
628-60-2471,2023-12-15 11:39:00,S,Nardi,M,13,African American,Gastroenterology,True,5.0,41,0,0.6200000000000001,0.5
752-34-4471,2023-11-27 00:18:00,S,Baltzar,M,56,African American,Gastroenterology,True,5.0,49,0,0.78,0.5
148-18-7869,2023-09-28 21:24:00,A,Juliff,M,17,African American,Gastroenterology,True,5.0,22,0,0.24,0.5
899-68-1954,2024-01-24 10:44:00,H,Gerler,M,33,African American,Gastroenterology,True,5.0,36,0,0.52,0.5
585-23-3839,2024-02-22 16:34:00,S,Salway,M,59,African American,Gastroenterology,True,10.0,46,0,0.72,1.0
317-63-8141,2024-07-09 06:23:00,A,Maudling,M,60,African American,General Practice,True,5.0,10,0,0.0,0.5
730-92-9749,2024-02-25 01:07:00,A,Hearty,M,18,African American,General Practice,True,5.0,13,0,0.06,0.5
153-86-7429,2024-04-29 02:44:00,A,Rozalski,M,38,African American,General Practice,True,5.0,32,0,0.44,0.5
209-13-8764,2024-01-20 13:10:00,A,Glaister,M,45,African American,General Practice,True,5.0,36,0,0.52,0.5
246-42-6834,2024-08-05 01:59:00,B,Birtle,M,43,African American,General Practice,True,5.0,15,0,0.09999999999999998,0.5
848-11-5125,2024-07-02 08:01:00,B,Ayliffe,M,32,African American,General Practice,True,5.0,25,0,0.3,0.5
314-97-4194,2024-07-20 20:11:00,C,Petett,M,47,African American,General Practice,True,5.0,23,0,0.26,0.5
722-55-2589,2024-06-08 03:17:00,C,De Mico,M,67,African American,General Practice,True,5.0,58,0,0.96,0.5
845-06-3779,2024-04-20 12:50:00,D,Meddick,M,50,African American,General Practice,True,5.0,36,0,0.52,0.5
205-08-0013,2023-08-10 20:07:00,D,Korn,M,30,African American,General Practice,True,5.0,45,0,0.7,0.5
401-75-7006,2024-01-04 15:36:00,D,Kinahan,M,55,African American,General Practice,True,5.0,46,0,0.72,0.5
859-31-3788,2024-04-24 05:53:00,E,Prott,M,23,African American,General Practice,True,5.0,15,0,0.09999999999999998,0.5
725-05-3696,2023-12-03 20:54:00,E,Bonsul,M,36,African American,General Practice,True,5.0,21,0,0.21999999999999997,0.5
814-08-7027,2024-04-10 17:45:00,F,Skelbeck,M,65,African American,General Practice,True,5.0,17,0,0.14,0.5
858-02-6228,2023-05-29 09:59:00,F,Tomik,M,22,African American,General Practice,True,5.0,22,1,0.24,0.5
546-86-5704,2023-05-19 17:34:00,F,Minshull,M,51,African American,General Practice,True,5.0,22,1,0.24,0.5
744-36-1390,2024-03-23 07:44:00,F,Lambarton,M,26,African American,General Practice,True,5.0,28,0,0.36000000000000004,0.5
278-41-5607,2024-07-08 02:21:00,F,Genery,M,72,African American,General Practice,True,5.0,47,0,0.74,0.5
474-79-8359,2023-11-27 07:01:00,G,Woodcroft,M,4,African American,General Practice,True,5.0,32,0,0.44,0.5
368-60-2216,2024-03-24 15:23:00,G,Rogerot,M,47,African American,General Practice,True,5.0,36,0,0.52,0.5
624-35-0744,2024-02-10 11:21:00,G,Routham,M,76,African American,General Practice,True,5.0,38,0,0.56,0.5
737-85-6782,2024-05-21 13:28:00,G,McNirlin,M,32,African American,General Practice,True,5.0,41,0,0.6200000000000001,0.5
608-62-4792,2023-05-12 23:17:00,G,David,M,67,African American,General Practice,True,5.0,49,1,0.78,0.5
614-40-8020,2024-01-18 16:14:00,H,Woodcock,M,71,African American,General Practice,True,5.0,20,0,0.2,0.5
514-65-3918,2024-07-18 13:57:00,H,Chestney,M,18,African American,General Practice,True,5.0,22,0,0.24,0.5
853-11-6791,2024-02-24 08:42:00,H,Robshaw,M,74,African American,General Practice,True,5.0,41,0,0.6200000000000001,0.5
810-25-2434,2024-08-13 05:32:00,I,Lippatt,M,78,African American,General Practice,True,5.0,10,0,0.0,0.5
207-92-4947,2024-10-05 00:34:00,I,Dinnage,M,23,African American,General Practice,True,5.0,11,0,0.01999999999999999,0.5
596-81-0629,2024-04-27 18:19:00,I,Wycliff,M,48,African American,General Practice,True,5.0,20,0,0.2,0.5
709-75-8904,2023-07-27 03:54:00,I,Machans,M,11,African American,General Practice,True,5.0,23,0,0.26,0.5
270-86-7036,2024-02-16 22:54:00,I,Francesco,M,63,African American,General Practice,True,5.0,47,0,0.74,0.5
657-17-7377,2024-02-01 07:01:00,J,Howroyd,M,26,African American,General Practice,True,5.0,12,0,0.03999999999999998,0.5
652-77-9755,2023-08-11 01:20:00,J,Chamberlin,M,44,African American,General Practice,True,5.0,16,0,0.12,0.5
343-46-6292,2023-08-19 14:37:00,K,Clarke,M,25,African American,General Practice,True,5.0,38,0,0.56,0.5
404-43-9499,2024-09-09 20:33:00,K,Blaydes,M,79,African American,General Practice,True,5.0,38,0,0.56,0.5
196-16-6364,2024-04-15 12:16:00,K,Gartland,M,74,African American,General Practice,True,5.0,39,0,0.5800000000000001,0.5
543-38-8768,2024-08-13 07:05:00,K,Dumbell,M,40,African American,General Practice,True,5.0,40,0,0.6000000000000001,0.5
749-06-8527,2023-09-11 13:50:00,L,Semens,M,41,African American,General Practice,True,5.0,60,0,1.0,0.5
806-98-9898,2024-09-18 21:27:00,M,Zellick,M,53,African American,General Practice,True,5.0,18,0,0.15999999999999998,0.5
149-82-2432,2024-09-08 09:20:00,M,Blunderfield,M,45,African American,General Practice,True,5.0,43,0,0.6599999999999999,0.5
133-23-1511,2023-05-11 11:28:00,M,Crux,M,25,African American,General Practice,True,5.0,49,1,0.78,0.5
618-23-9015,2023-09-30 17:13:00,N,Killick,M,23,African American,General Practice,True,5.0,26,0,0.32,0.5
793-16-8190,2024-09-15 01:29:00,N,Gamblin,M,7,African American,General Practice,True,5.0,28,0,0.36000000000000004,0.5
838-39-0089,2023-08-01 11:59:00,O,Doche,M,39,African American,General Practice,True,5.0,27,0,0.34,0.5
495-89-0285,2023-07-26 16:02:00,P,Millwater,M,30,African American,General Practice,True,5.0,43,0,0.6599999999999999,0.5
160-06-0536,2023-09-26 12:20:00,P,Chrismas,M,11,African American,General Practice,True,5.0,47,0,0.74,0.5
526-02-3053,2024-01-27 10:48:00,P,Peach,M,34,African American,General Practice,True,5.0,51,0,0.8200000000000001,0.5
748-34-2359,2024-06-27 02:50:00,P,Giacomasso,M,73,African American,General Practice,True,5.0,51,0,0.8200000000000001,0.5
360-87-9898,2023-06-01 13:24:00,Q,Rycraft,M,67,African American,General Practice,True,5.0,17,0,0.14,0.5
177-90-6739,2023-12-25 01:15:00,Q,Twiggins,M,34,African American,General Practice,True,5.0,18,0,0.15999999999999998,0.5
544-04-8135,2023-07-21 13:01:00,Q,Segrave,M,40,African American,General Practice,True,5.0,25,0,0.3,0.5
159-69-6815,2023-12-17 08:17:00,Q,Klich,M,34,African American,General Practice,True,5.0,32,0,0.44,0.5
655-02-7368,2023-12-21 22:55:00,Q,Church,M,79,African American,General Practice,True,5.0,32,0,0.44,0.5
639-06-0100,2024-01-27 12:20:00,Q,Brachell,M,26,African American,General Practice,True,5.0,47,0,0.74,0.5
603-11-3680,2024-09-07 21:47:00,Q,Wallen,M,30,African American,General Practice,True,5.0,50,0,0.8,0.5
673-14-9836,2024-02-15 21:03:00,R,Hause,M,11,African American,General Practice,True,5.0,22,0,0.24,0.5
760-50-9495,2024-03-22 10:20:00,R,Grubey,M,6,African American,General Practice,True,5.0,44,0,0.6799999999999999,0.5
453-75-8232,2024-08-12 04:22:00,R,Ransbury,M,72,African American,General Practice,True,5.0,54,0,0.8800000000000001,0.5
591-38-7538,2024-08-04 11:58:00,S,Alejo,M,51,African American,General Practice,True,5.0,59,0,0.98,0.5
215-85-8962,2024-08-17 03:09:00,T,Cromly,M,42,African American,General Practice,True,5.0,25,0,0.3,0.5
358-26-5831,2024-10-26 23:20:00,U,Edens,M,78,African American,General Practice,True,5.0,56,0,0.9200000000000002,0.5
693-67-1165,2024-02-25 09:53:00,U,Bredes,M,71,African American,General Practice,True,5.0,58,0,0.96,0.5
794-01-9516,2023-10-22 00:29:00,V,Duckhouse,M,71,African American,General Practice,True,5.0,22,0,0.24,0.5
295-28-1056,2023-06-21 12:30:00,V,Denyakin,M,36,African American,General Practice,True,5.0,30,0,0.39999999999999997,0.5
195-87-9475,2023-07-19 07:40:00,V,Lofty,M,19,African American,General Practice,True,5.0,33,0,0.46,0.5
222-73-0701,2023-06-14 07:18:00,V,Siss,M,29,African American,General Practice,True,5.0,59,0,0.98,0.5
179-52-4667,2024-07-12 08:09:00,W,O'Henecan,M,71,African American,General Practice,True,5.0,25,0,0.3,0.5
498-46-0026,2024-06-25 03:41:00,X,Tallant,M,3,African American,General Practice,True,5.0,41,0,0.6200000000000001,0.5
859-55-1950,2023-06-06 18:27:00,Y,Allon,M,29,African American,General Practice,True,5.0,34,0,0.48000000000000004,0.5
588-44-5318,2024-02-11 05:29:00,Y,Challenor,M,59,African American,General Practice,True,5.0,40,0,0.6000000000000001,0.5
111-27-8693,2024-10-07 18:29:00,Y,Muncey,M,22,African American,General Practice,True,5.0,56,0,0.9200000000000002,0.5
457-95-6519,2024-05-19 01:09:00,Z,Betancourt,M,35,African American,General Practice,True,5.0,20,0,0.2,0.5
258-91-3638,2024-06-25 12:47:00,Z,Reeves,M,38,African American,General Practice,True,5.0,20,0,0.2,0.5
857-31-2180,2023-11-07 13:13:00,Z,Attwool,M,34,African American,General Practice,True,5.0,50,0,0.8,0.5
591-05-6298,2023-06-24 04:00:00,Y,Fraschetti,M,15,African American,General Practice,True,0.0,49,0,0.78,0.0
899-68-9474,2023-09-27 14:27:00,D,Hucklesby,M,70,African American,General Practice,True,1.0,14,0,0.08000000000000002,0.1
787-26-4744,2024-04-11 01:53:00,S,Childe,M,56,African American,General Practice,True,1.0,58,0,0.96,0.1
359-56-0973,2024-06-03 13:09:00,T,Hehnke,M,48,African American,General Practice,True,1.0,32,0,0.44,0.1
542-32-4791,2023-11-27 17:04:00,V,Abramow,M,20,African American,General Practice,True,1.0,25,0,0.3,0.1
307-42-0988,2024-08-01 04:10:00,V,Terrell,M,77,African American,General Practice,True,1.0,59,0,0.98,0.1
189-85-8766,2024-05-02 20:01:00,Q,Jurgen,M,73,African American,General Practice,True,3.0,36,0,0.52,0.30000000000000004
162-33-3355,2023-05-19 22:26:00,R,Nixon,M,12,African American,General Practice,True,3.0,36,1,0.52,0.30000000000000004
863-59-4383,2024-09-21 23:52:00,H,Noirel,M,2,African American,General Practice,True,4.0,60,0,1.0,0.4
238-37-6207,2024-04-18 20:23:00,Q,Caselick,M,77,African American,General Practice,True,4.0,54,0,0.8800000000000001,0.4
705-28-9468,2023-12-26 12:03:00,B,Dimic,M,64,African American,General Practice,True,5.0,15,0,0.09999999999999998,0.5
536-22-5483,2024-01-22 08:23:00,B,Ableson,M,54,African American,General Practice,True,5.0,36,0,0.52,0.5
410-50-5126,2024-02-09 14:21:00,E,Rove,M,65,African American,General Practice,True,5.0,25,0,0.3,0.5
200-16-4772,2024-04-17 06:29:00,I,Docket,M,78,African American,General Practice,True,5.0,52,0,0.8400000000000001,0.5
140-55-0292,2024-04-14 03:04:00,L,Reaper,M,30,African American,General Practice,True,5.0,27,0,0.34,0.5
210-86-6844,2024-07-28 20:15:00,L,Guidera,M,38,African American,General Practice,True,5.0,58,0,0.96,0.5
510-10-3956,2024-06-02 18:04:00,T,Thomann,M,35,African American,General Practice,True,5.0,57,0,0.9400000000000002,0.5
351-73-4682,2023-11-14 12:41:00,E,Ghilardi,M,10,African American,General Practice,True,6.0,18,0,0.15999999999999998,0.6000000000000001
304-49-6840,2024-06-04 21:07:00,J,O' Ronan,M,20,African American,General Practice,True,6.0,21,0,0.21999999999999997,0.6000000000000001
763-18-6760,2024-06-22 10:09:00,K,Leatt,M,43,African American,General Practice,True,6.0,12,0,0.03999999999999998,0.6000000000000001
426-51-7600,2024-07-30 10:05:00,X,Borwick,M,37,African American,General Practice,True,6.0,22,0,0.24,0.6000000000000001
140-96-0148,2023-09-16 09:22:00,B,Solomon,M,9,African American,General Practice,True,8.0,42,0,0.6399999999999999,0.8
508-68-9988,2024-03-19 10:20:00,A,Treffry,M,8,African American,General Practice,True,9.0,36,0,0.52,0.9
299-74-5940,2023-10-21 04:20:00,G,Bern,M,46,African American,General Practice,True,9.0,17,0,0.14,0.9
712-85-4431,2023-08-21 04:47:00,P,Trewman,M,35,African American,General Practice,True,9.0,35,0,0.5,0.9
204-16-6516,2024-02-28 01:02:00,Q,Austing,M,37,African American,General Practice,True,10.0,15,0,0.09999999999999998,1.0
488-56-9052,2024-02-17 23:38:00,B,Lowensohn,M,41,African American,Neurology,True,5.0,23,0,0.26,0.5
649-23-2850,2024-05-15 09:57:00,B,Alvarado,M,32,African American,Neurology,True,5.0,44,0,0.6799999999999999,0.5
591-35-0584,2024-10-21 20:48:00,C,Valerio,M,22,African American,Neurology,True,5.0,42,0,0.6399999999999999,0.5
783-04-7667,2024-07-16 10:44:00,D,Fretson,M,70,African American,Neurology,True,5.0,10,0,0.0,0.5
266-27-4585,2024-02-28 21:14:00,J,Voss,M,8,African American,Neurology,True,5.0,31,0,0.42,0.5
612-19-4053,2023-12-27 23:15:00,O,Dudbridge,M,47,African American,Neurology,True,5.0,50,0,0.8,0.5
362-31-6050,2023-04-08 03:47:00,U,Goble,M,69,African American,Neurology,True,5.0,24,0,0.27999999999999997,0.5
275-15-5173,2023-11-15 22:32:00,Q,Sharpus,M,45,African American,Neurology,True,0.0,17,0,0.14,0.0
282-16-4480,2023-06-16 11:35:00,F,Vaughan-Hughes,M,22,African American,Neurology,True,1.0,53,0,0.8600000000000001,0.1
349-28-9540,2024-05-08 02:46:00,E,Tunstall,M,67,African American,No Referral,True,0.0,43,0,0.6599999999999999,0.0
403-55-3894,2023-09-12 15:05:00,G,Lowey,M,20,African American,No Referral,True,0.0,27,0,0.34,0.0
623-08-5116,2024-07-22 04:17:00,J,Jessen,M,78,African American,No Referral,True,0.0,49,0,0.78,0.0
331-16-0196,2023-11-09 23:22:00,R,Philpin,M,35,African American,No Referral,True,0.0,43,0,0.6599999999999999,0.0
403-57-0555,2023-11-19 18:36:00,V,Nendick,M,79,African American,No Referral,True,0.0,35,0,0.5,0.0
801-86-2310,2023-10-12 19:35:00,H,Marmon,M,18,African American,No Referral,True,1.0,18,0,0.15999999999999998,0.1
543-66-8030,2024-01-13 02:24:00,J,Harte,M,8,African American,No Referral,True,1.0,57,0,0.9400000000000002,0.1
760-17-2412,2023-06-28 11:11:00,V,Rawlins,M,60,African American,No Referral,True,1.0,49,0,0.78,0.1
732-60-5902,2023-11-15 22:05:00,Y,Ackers,M,2,African American,No Referral,True,1.0,45,0,0.7,0.1
884-03-2208,2024-07-13 15:43:00,Z,Effemy,M,31,African American,No Referral,True,1.0,38,0,0.56,0.1
762-44-7104,2023-08-19 22:46:00,C,Lerwill,M,65,African American,No Referral,True,2.0,28,0,0.36000000000000004,0.2
795-38-1074,2024-05-22 18:08:00,M,Ricold,M,6,African American,No Referral,True,2.0,22,0,0.24,0.2
415-37-9603,2024-09-19 23:21:00,N,Heball,M,17,African American,No Referral,True,2.0,31,0,0.42,0.2
458-71-9013,2023-07-07 11:09:00,N,Matton,M,6,African American,No Referral,True,2.0,50,0,0.8,0.2
876-22-1135,2024-06-28 19:35:00,R,Robez,M,30,African American,No Referral,True,2.0,22,0,0.24,0.2
581-94-1985,2023-07-01 07:15:00,W,Hatherley,M,2,African American,No Referral,True,2.0,39,0,0.5800000000000001,0.2
499-14-9763,2023-07-26 23:55:00,Y,Havelin,M,30,African American,No Referral,True,2.0,53,0,0.8600000000000001,0.2
878-72-7643,2024-10-25 11:05:00,E,Bumford,M,26,African American,No Referral,True,3.0,47,0,0.74,0.30000000000000004
459-41-0106,2024-01-24 11:30:00,G,Humbey,M,52,African American,No Referral,True,3.0,46,0,0.72,0.30000000000000004
351-90-0773,2023-09-25 14:51:00,R,Thornally,M,65,African American,No Referral,True,3.0,59,0,0.98,0.30000000000000004
201-30-6345,2024-01-27 00:56:00,W,Cutcliffe,M,71,African American,No Referral,True,3.0,11,0,0.01999999999999999,0.30000000000000004
345-80-7659,2024-06-14 03:43:00,C,Goggins,M,34,African American,No Referral,True,4.0,59,0,0.98,0.4
482-97-1193,2024-10-13 16:19:00,G,Renfrew,M,39,African American,No Referral,True,4.0,20,0,0.2,0.4
430-57-7863,2023-10-08 21:45:00,L,Rops,M,3,African American,No Referral,True,4.0,25,0,0.3,0.4
715-87-8033,2023-12-22 00:13:00,Y,Motto,M,67,African American,No Referral,True,4.0,15,0,0.09999999999999998,0.4
680-95-1949,2024-05-15 22:51:00,Y,Wessel,M,67,African American,No Referral,True,4.0,19,0,0.18,0.4
827-40-8129,2024-01-03 05:25:00,A,Assad,M,11,African American,No Referral,True,5.0,40,0,0.6000000000000001,0.5
809-80-6025,2024-06-11 17:23:00,B,Ivy,M,57,African American,No Referral,True,6.0,20,0,0.2,0.6000000000000001
241-10-0868,2024-09-24 22:16:00,K,Ropcke,M,47,African American,No Referral,True,6.0,25,0,0.3,0.6000000000000001
805-59-9555,2023-04-20 01:50:00,K,Hadlow,M,61,African American,No Referral,True,6.0,40,0,0.6000000000000001,0.6000000000000001
265-96-0268,2023-05-27 08:01:00,L,Lopes,M,10,African American,No Referral,True,6.0,57,1,0.9400000000000002,0.6000000000000001
598-65-6510,2024-01-22 00:02:00,Q,Scadden,M,66,African American,No Referral,True,6.0,58,0,0.96,0.6000000000000001
177-58-4644,2024-05-28 06:26:00,S,Elvidge,M,14,African American,No Referral,True,6.0,52,0,0.8400000000000001,0.6000000000000001
398-91-6399,2023-12-12 22:45:00,T,Smale,M,27,African American,No Referral,True,6.0,14,0,0.08000000000000002,0.6000000000000001
771-52-0904,2023-04-22 12:52:00,V,Coonihan,M,59,African American,No Referral,True,6.0,28,0,0.36000000000000004,0.6000000000000001
229-39-4308,2023-05-01 18:29:00,W,Tirkin,M,27,African American,No Referral,True,6.0,16,1,0.12,0.6000000000000001
161-57-2312,2023-10-16 23:59:00,C,Faltskog,M,53,African American,No Referral,True,7.0,54,0,0.8800000000000001,0.7000000000000001
324-04-2087,2023-10-21 13:00:00,G,Bernardi,M,20,African American,No Referral,True,7.0,51,0,0.8200000000000001,0.7000000000000001
336-20-9942,2023-10-13 05:45:00,K,Petrillo,M,52,African American,No Referral,True,7.0,34,0,0.48000000000000004,0.7000000000000001
258-22-8476,2023-09-15 08:00:00,L,Yetton,M,34,African American,No Referral,True,7.0,60,0,1.0,0.7000000000000001
886-73-9148,2023-06-14 22:54:00,N,MacAnulty,M,45,African American,No Referral,True,7.0,55,0,0.9000000000000001,0.7000000000000001
738-36-0484,2023-05-10 19:41:00,P,Wontner,M,69,African American,No Referral,True,7.0,36,1,0.52,0.7000000000000001
796-21-1372,2024-06-05 06:12:00,Q,Keddie,M,31,African American,No Referral,True,7.0,58,0,0.96,0.7000000000000001
115-43-2057,2023-12-06 07:19:00,R,Renbold,M,11,African American,No Referral,True,7.0,13,0,0.06,0.7000000000000001
467-58-5027,2024-03-30 19:38:00,R,Willerstone,M,41,African American,No Referral,True,7.0,27,0,0.34,0.7000000000000001
618-09-7943,2024-04-14 13:14:00,R,Hanmer,M,24,African American,No Referral,True,7.0,52,0,0.8400000000000001,0.7000000000000001
537-38-4602,2023-06-25 15:34:00,S,Crewes,M,52,African American,No Referral,True,7.0,45,0,0.7,0.7000000000000001
103-34-9671,2023-09-24 06:34:00,S,Brissard,M,38,African American,No Referral,True,7.0,54,0,0.8800000000000001,0.7000000000000001
689-22-4635,2023-04-01 14:08:00,V,Game,M,53,African American,No Referral,True,7.0,46,0,0.72,0.7000000000000001
701-45-9889,2024-07-18 13:49:00,D,Dubber,M,58,African American,No Referral,True,8.0,56,0,0.9200000000000002,0.8
618-22-6988,2024-03-28 15:38:00,W,Coite,M,9,African American,No Referral,True,8.0,19,0,0.18,0.8
198-65-1159,2024-10-05 10:32:00,Z,Crake,M,24,African American,No Referral,True,8.0,10,0,0.0,0.8
726-53-8108,2023-10-23 18:25:00,Z,Mayho,M,17,African American,No Referral,True,8.0,35,0,0.5,0.8
693-34-5229,2023-07-29 21:37:00,A,Offiler,M,55,African American,No Referral,True,9.0,60,0,1.0,0.9
143-37-8471,2024-03-18 10:42:00,I,Knell,M,14,African American,No Referral,True,9.0,53,0,0.8600000000000001,0.9
684-01-5172,2024-09-29 20:20:00,J,Joutapaitis,M,44,African American,No Referral,True,9.0,60,0,1.0,0.9
846-04-4934,2023-11-29 23:02:00,U,Andrys,M,47,African American,No Referral,True,9.0,34,0,0.48000000000000004,0.9
173-47-4754,2024-05-23 11:02:00,D,de Juares,M,69,African American,No Referral,True,10.0,47,0,0.74,1.0
300-26-1229,2023-09-06 16:03:00,K,Hakey,M,9,African American,No Referral,True,10.0,40,0,0.6000000000000001,1.0
574-24-6102,2024-03-24 15:37:00,M,Dekeyser,M,50,African American,No Referral,True,10.0,36,0,0.52,1.0
875-64-9335,2024-06-30 17:07:00,O,Poulett,M,71,African American,No Referral,True,10.0,45,0,0.7,1.0
687-65-8903,2024-01-01 21:13:00,R,Lovstrom,M,51,African American,No Referral,True,10.0,60,0,1.0,1.0
292-80-0066,2023-07-23 03:37:00,Y,Delahunty,M,56,African American,No Referral,True,10.0,30,0,0.39999999999999997,1.0
214-51-6611,2024-09-23 21:45:00,A,Rivitt,M,55,African American,Orthopedics,True,5.0,12,0,0.03999999999999998,0.5
885-02-5489,2024-03-19 06:38:00,A,Melsome,M,74,African American,Orthopedics,True,5.0,28,0,0.36000000000000004,0.5
696-40-8856,2024-09-17 11:51:00,B,Blowing,M,27,African American,Orthopedics,True,5.0,27,0,0.34,0.5
530-45-3867,2023-09-01 03:50:00,B,Arondel,M,4,African American,Orthopedics,True,5.0,28,0,0.36000000000000004,0.5
619-11-5945,2023-05-07 04:40:00,C,Ince,M,76,African American,Orthopedics,True,5.0,18,1,0.15999999999999998,0.5
538-55-2068,2023-12-25 08:50:00,C,Lansdowne,M,47,African American,Orthopedics,True,5.0,21,0,0.21999999999999997,0.5
576-52-5777,2024-09-12 00:53:00,C,Carratt,M,41,African American,Orthopedics,True,5.0,28,0,0.36000000000000004,0.5
564-01-7734,2024-08-19 22:53:00,D,Tomblett,M,52,African American,Orthopedics,True,5.0,22,0,0.24,0.5
647-15-4786,2023-08-20 00:06:00,D,McMillan,M,57,African American,Orthopedics,True,5.0,28,0,0.36000000000000004,0.5
829-83-5259,2023-08-11 14:00:00,E,Verdy,M,25,African American,Orthopedics,True,5.0,59,0,0.98,0.5
833-39-1167,2024-02-21 18:26:00,F,Woof,M,9,African American,Orthopedics,True,5.0,59,0,0.98,0.5
731-24-5816,2024-07-19 13:58:00,G,Snoxall,M,19,African American,Orthopedics,True,5.0,34,0,0.48000000000000004,0.5
231-60-4242,2024-02-05 18:51:00,G,Sapshed,M,53,African American,Orthopedics,True,5.0,37,0,0.54,0.5
528-07-9501,2023-10-26 18:07:00,I,Cristea,M,11,African American,Orthopedics,True,5.0,15,0,0.09999999999999998,0.5
736-55-3263,2024-03-08 11:40:00,I,Wolverson,M,7,African American,Orthopedics,True,5.0,37,0,0.54,0.5
791-85-2268,2024-09-07 20:49:00,K,Crudgington,M,15,African American,Orthopedics,True,5.0,18,0,0.15999999999999998,0.5
770-14-1224,2024-04-10 23:30:00,K,Yacob,M,63,African American,Orthopedics,True,5.0,29,0,0.37999999999999995,0.5
201-56-8126,2024-03-19 10:15:00,K,Daftor,M,60,African American,Orthopedics,True,5.0,39,0,0.5800000000000001,0.5
382-83-8347,2024-10-27 17:08:00,L,Grenshields,M,58,African American,Orthopedics,True,5.0,14,0,0.08000000000000002,0.5
854-88-8632,2024-07-13 02:40:00,L,Fassan,M,59,African American,Orthopedics,True,5.0,36,0,0.52,0.5
547-76-7829,2024-07-25 14:28:00,M,Dyson,M,77,African American,Orthopedics,True,5.0,25,0,0.3,0.5
657-40-4330,2024-05-16 13:43:00,N,Proswell,M,46,African American,Orthopedics,True,5.0,50,0,0.8,0.5
400-24-8755,2024-05-26 23:50:00,N,Lammertz,M,31,African American,Orthopedics,True,5.0,52,0,0.8400000000000001,0.5
490-05-6824,2024-08-14 19:05:00,O,Chasle,M,68,African American,Orthopedics,True,5.0,28,0,0.36000000000000004,0.5
463-91-4655,2024-10-26 16:02:00,P,Oxtaby,M,70,African American,Orthopedics,True,5.0,16,0,0.12,0.5
745-93-0856,2023-04-03 10:14:00,P,Ricciardiello,M,77,African American,Orthopedics,True,5.0,37,0,0.54,0.5
121-14-1268,2023-07-29 06:07:00,P,Brewse,M,2,African American,Orthopedics,True,5.0,43,0,0.6599999999999999,0.5
147-94-6823,2023-06-22 02:57:00,P,Coulthart,M,50,African American,Orthopedics,True,5.0,51,0,0.8200000000000001,0.5
168-97-3030,2024-05-20 05:49:00,P,Tinwell,M,46,African American,Orthopedics,True,5.0,57,0,0.9400000000000002,0.5
409-55-2108,2024-01-02 14:06:00,R,Buller,M,6,African American,Orthopedics,True,5.0,19,0,0.18,0.5
828-19-1085,2024-01-09 09:31:00,V,Gilfoy,M,32,African American,Orthopedics,True,5.0,26,0,0.32,0.5
570-63-3288,2023-09-10 12:10:00,V,Gogarty,M,12,African American,Orthopedics,True,5.0,52,0,0.8400000000000001,0.5
750-16-4831,2023-08-26 00:14:00,W,Mullard,M,11,African American,Orthopedics,True,5.0,29,0,0.37999999999999995,0.5
869-18-4601,2023-06-08 15:52:00,W,Filipczynski,M,57,African American,Orthopedics,True,5.0,36,0,0.52,0.5
703-16-0191,2023-04-08 13:10:00,Y,Ackland,M,66,African American,Orthopedics,True,5.0,11,0,0.01999999999999999,0.5
759-38-2731,2024-06-07 03:15:00,Y,Bonellie,M,21,African American,Orthopedics,True,5.0,26,0,0.32,0.5
558-19-1783,2024-10-28 02:40:00,Y,Garaghan,M,28,African American,Orthopedics,True,5.0,27,0,0.34,0.5
662-78-5868,2024-01-18 17:55:00,J,Inskipp,M,15,African American,Orthopedics,True,0.0,43,0,0.6599999999999999,0.0
755-96-0530,2024-05-04 05:37:00,M,McAndie,M,9,African American,Orthopedics,True,1.0,60,0,1.0,0.1
670-80-2997,2024-03-04 16:58:00,M,Henningham,M,11,African American,Orthopedics,True,2.0,39,0,0.5800000000000001,0.2
241-64-7642,2024-06-05 17:54:00,A,Danielovitch,M,40,African American,Orthopedics,True,3.0,40,0,0.6000000000000001,0.30000000000000004
386-33-3422,2024-04-30 12:40:00,G,Kemball,M,8,African American,Orthopedics,True,3.0,51,0,0.8200000000000001,0.30000000000000004
852-35-5271,2023-08-05 12:00:00,P,Behagg,M,36,African American,Orthopedics,True,3.0,34,0,0.48000000000000004,0.30000000000000004
829-92-4746,2024-10-15 13:34:00,E,Cratchley,M,47,African American,Orthopedics,True,5.0,53,0,0.8600000000000001,0.5
100-66-0896,2024-03-26 12:14:00,I,Prickett,M,2,African American,Orthopedics,True,6.0,23,0,0.26,0.6000000000000001
536-53-9660,2023-10-10 12:47:00,Y,Beaushaw,M,26,African American,Orthopedics,True,7.0,57,0,0.9400000000000002,0.7000000000000001
392-87-5203,2023-04-25 00:44:00,B,Duham,M,10,African American,Orthopedics,True,8.0,52,0,0.8400000000000001,0.8
152-82-3590,2023-09-24 12:52:00,M,Sergeant,M,44,African American,Orthopedics,True,9.0,14,0,0.08000000000000002,0.9
111-90-3138,2023-10-17 21:29:00,P,Claige,M,1,African American,Orthopedics,True,9.0,10,0,0.0,0.9
147-29-7641,2023-06-29 19:19:00,N,Selesnick,M,35,African American,Orthopedics,True,10.0,29,0,0.37999999999999995,1.0
500-08-6428,2024-08-04 06:22:00,A,Trevan,M,4,African American,Physiotherapy,True,5.0,27,0,0.34,0.5
418-90-7502,2023-10-27 08:33:00,C,Janca,M,2,African American,Physiotherapy,True,5.0,34,0,0.48000000000000004,0.5
817-17-4283,2023-09-08 07:55:00,D,Lippiello,M,69,African American,Physiotherapy,True,5.0,27,0,0.34,0.5
258-30-8092,2023-08-05 23:27:00,L,Spivie,M,52,African American,Physiotherapy,True,5.0,14,0,0.08000000000000002,0.5
114-58-3401,2023-11-06 17:34:00,L,Meiningen,M,65,African American,Physiotherapy,True,5.0,28,0,0.36000000000000004,0.5
848-87-0288,2024-05-08 22:33:00,L,Empson,M,72,African American,Physiotherapy,True,5.0,36,0,0.52,0.5
784-87-8463,2023-06-01 21:20:00,O,Knight,M,4,African American,Physiotherapy,True,5.0,32,0,0.44,0.5
484-60-8449,2023-11-25 01:55:00,T,Danielot,M,61,African American,Physiotherapy,True,5.0,25,0,0.3,0.5
417-52-5675,2023-05-05 21:40:00,U,Kennelly,M,26,African American,Physiotherapy,True,5.0,48,1,0.76,0.5
103-36-3561,2024-05-18 11:58:00,U,Shuttlewood,M,17,African American,Physiotherapy,True,5.0,49,0,0.78,0.5
126-78-2755,2024-02-26 07:40:00,X,Huchot,M,8,African American,Physiotherapy,True,5.0,47,0,0.74,0.5
337-67-0209,2023-11-01 20:08:00,Z,Fraczak,M,58,African American,Physiotherapy,True,5.0,35,0,0.5,0.5
356-76-1028,2024-02-05 07:12:00,V,O'Hagerty,M,12,African American,Physiotherapy,True,0.0,45,0,0.7,0.0
582-37-9549,2024-09-04 10:28:00,G,Atwool,M,76,African American,Physiotherapy,True,2.0,42,0,0.6399999999999999,0.2
246-58-5618,2024-09-02 00:58:00,W,Jent,M,49,African American,Physiotherapy,True,4.0,15,0,0.09999999999999998,0.4
268-53-8144,2024-08-25 22:28:00,J,Amori,M,12,African American,Physiotherapy,True,8.0,14,0,0.08000000000000002,0.8
218-05-9604,2023-12-12 02:57:00,H,Devinn,M,25,African American,Physiotherapy,True,9.0,48,0,0.76,0.9
880-01-0115,2024-01-04 00:13:00,K,Burness,M,43,African American,Physiotherapy,True,10.0,32,0,0.44,1.0
811-21-5328,2023-08-02 00:15:00,I,Klarzynski,M,29,African American,Renal,True,5.0,45,0,0.7,0.5
556-02-6133,2023-09-05 07:13:00,Q,Coleborn,M,33,African American,Renal,True,5.0,21,0,0.21999999999999997,0.5
425-62-5765,2023-11-25 02:07:00,S,Arni,M,1,African American,Renal,True,5.0,30,0,0.39999999999999997,0.5
373-60-4214,2023-05-17 04:15:00,W,Collister,M,65,African American,Renal,True,5.0,41,1,0.6200000000000001,0.5
564-01-2732,2024-08-28 12:39:00,Y,Bromhead,M,23,African American,Renal,True,5.0,12,0,0.03999999999999998,0.5
468-16-2640,2023-07-27 06:18:00,C,Solloway,M,15,African American,Renal,True,4.0,26,0,0.32,0.4
219-73-9939,2023-12-28 05:06:00,A,Eatttok,M,3,Asian,Cardiology,True,5.0,12,0,0.03999999999999998,0.5
713-45-5068,2023-08-29 16:02:00,J,Pietersma,M,59,Asian,Cardiology,True,5.0,41,0,0.6200000000000001,0.5
223-33-6036,2024-10-07 21:48:00,R,Churchill,M,30,Asian,Cardiology,True,5.0,27,0,0.34,0.5
744-05-3065,2023-10-05 06:56:00,S,Feldstein,M,18,Asian,Cardiology,True,5.0,11,0,0.01999999999999999,0.5
518-65-2607,2024-02-23 10:53:00,T,Monte,M,44,Asian,Cardiology,True,5.0,58,0,0.96,0.5
290-98-5829,2023-09-22 10:53:00,V,Gollop,M,27,Asian,Cardiology,True,5.0,38,0,0.56,0.5
537-34-6004,2024-03-13 02:14:00,Z,Amey,M,36,Asian,Cardiology,True,5.0,54,0,0.8800000000000001,0.5
151-80-2492,2024-05-04 17:22:00,L,MacSwayde,M,7,Asian,Cardiology,True,2.0,44,0,0.6799999999999999,0.2
838-44-7406,2023-12-15 01:10:00,U,Hulk,M,9,Asian,Cardiology,True,4.0,30,0,0.39999999999999997,0.4
499-41-9545,2024-05-20 11:19:00,F,Eady,M,54,Asian,Gastroenterology,True,5.0,42,0,0.6399999999999999,0.5
305-33-2562,2024-05-26 21:30:00,G,Waring,M,76,Asian,Gastroenterology,True,5.0,57,0,0.9400000000000002,0.5
504-30-1140,2024-03-16 16:30:00,C,Halladey,M,56,Asian,General Practice,True,5.0,33,0,0.46,0.5
462-49-7342,2023-09-23 04:02:00,E,Kohneke,M,56,Asian,General Practice,True,5.0,26,0,0.32,0.5
258-75-3793,2023-04-22 14:11:00,E,Trayte,M,71,Asian,General Practice,True,5.0,57,0,0.9400000000000002,0.5
178-31-9644,2023-04-14 08:15:00,E,Illwell,M,25,Asian,General Practice,True,5.0,59,0,0.98,0.5
419-56-9936,2024-07-01 02:00:00,G,Troutbeck,M,2,Asian,General Practice,True,5.0,27,0,0.34,0.5
113-91-9878,2023-12-04 19:42:00,G,Remer,M,14,Asian,General Practice,True,5.0,32,0,0.44,0.5
622-88-2180,2023-04-17 07:54:00,H,Samper,M,62,Asian,General Practice,True,5.0,33,0,0.46,0.5
841-99-6429,2024-04-18 01:18:00,J,Langfat,M,27,Asian,General Practice,True,5.0,10,0,0.0,0.5
884-19-1492,2023-07-09 01:35:00,J,Cleveland,M,29,Asian,General Practice,True,5.0,17,0,0.14,0.5
762-40-4019,2023-12-11 09:37:00,J,Huntly,M,15,Asian,General Practice,True,5.0,22,0,0.24,0.5
809-21-4546,2023-10-25 16:29:00,K,Wolfarth,M,6,Asian,General Practice,True,5.0,17,0,0.14,0.5
483-41-1741,2024-10-22 21:41:00,K,Hawtrey,M,67,Asian,General Practice,True,5.0,29,0,0.37999999999999995,0.5
524-07-1664,2023-06-14 20:10:00,K,Galland,M,16,Asian,General Practice,True,5.0,33,0,0.46,0.5
216-12-9662,2023-10-21 11:58:00,K,Hourigan,M,46,Asian,General Practice,True,5.0,54,0,0.8800000000000001,0.5
365-59-3831,2023-04-26 15:09:00,L,Bettlestone,M,18,Asian,General Practice,True,5.0,18,0,0.15999999999999998,0.5
763-58-5190,2024-03-07 06:52:00,N,Crosser,M,71,Asian,General Practice,True,5.0,12,0,0.03999999999999998,0.5
688-49-5453,2023-10-28 19:31:00,N,Augie,M,17,Asian,General Practice,True,5.0,20,0,0.2,0.5
880-66-0659,2023-07-13 14:06:00,O,Gioani,M,60,Asian,General Practice,True,5.0,26,0,0.32,0.5
594-59-4281,2024-06-24 02:13:00,O,MacDermand,M,62,Asian,General Practice,True,5.0,26,0,0.32,0.5
485-50-9095,2023-09-14 08:39:00,O,Rogers,M,54,Asian,General Practice,True,5.0,33,0,0.46,0.5
749-90-9165,2024-07-30 02:48:00,O,Covotti,M,59,Asian,General Practice,True,5.0,45,0,0.7,0.5
491-64-6560,2023-07-24 15:17:00,O,Winny,M,32,Asian,General Practice,True,5.0,48,0,0.76,0.5
119-06-4805,2024-02-15 08:56:00,Q,Franzen,M,75,Asian,General Practice,True,5.0,10,0,0.0,0.5
832-94-2573,2024-06-05 23:31:00,Q,Pursey,M,57,Asian,General Practice,True,5.0,18,0,0.15999999999999998,0.5
575-68-6070,2023-08-11 21:59:00,R,Ebbitt,M,36,Asian,General Practice,True,5.0,25,0,0.3,0.5
848-82-6894,2023-11-27 13:19:00,R,O'Neal,M,9,Asian,General Practice,True,5.0,26,0,0.32,0.5
763-28-8161,2023-12-12 22:14:00,R,Dorie,M,26,Asian,General Practice,True,5.0,56,0,0.9200000000000002,0.5
309-39-3171,2024-08-16 20:37:00,U,Landells,M,54,Asian,General Practice,True,5.0,13,0,0.06,0.5
858-25-8911,2023-11-05 14:15:00,V,Wedon,M,50,Asian,General Practice,True,5.0,19,0,0.18,0.5
127-83-9031,2023-04-20 08:22:00,V,Badrock,M,48,Asian,General Practice,True,5.0,23,0,0.26,0.5
689-28-3777,2024-08-08 19:32:00,W,Hounihan,M,31,Asian,General Practice,True,5.0,12,0,0.03999999999999998,0.5
376-71-1232,2024-04-30 14:30:00,W,Smidmore,M,19,Asian,General Practice,True,5.0,18,0,0.15999999999999998,0.5
386-98-3262,2023-07-21 00:36:00,W,Noteyoung,M,74,Asian,General Practice,True,5.0,42,0,0.6399999999999999,0.5
761-66-7563,2024-01-01 10:03:00,W,Colvin,M,6,Asian,General Practice,True,5.0,52,0,0.8400000000000001,0.5
576-82-1180,2023-04-01 07:16:00,X,Bassford,M,69,Asian,General Practice,True,5.0,50,0,0.8,0.5
451-85-7804,2024-08-27 08:55:00,Y,Carrol,M,67,Asian,General Practice,True,5.0,20,0,0.2,0.5
364-06-7061,2024-04-04 19:02:00,Y,Gerauld,M,63,Asian,General Practice,True,5.0,53,0,0.8600000000000001,0.5
873-82-4124,2024-02-19 00:37:00,Z,Zeale,M,38,Asian,General Practice,True,5.0,38,0,0.56,0.5
191-43-3101,2023-09-10 02:12:00,P,Keattch,M,10,Asian,General Practice,True,0.0,16,0,0.12,0.0
278-89-6924,2024-10-30 00:47:00,B,Sandom,M,29,Asian,General Practice,True,2.0,18,0,0.15999999999999998,0.2
868-24-1141,2023-09-03 04:28:00,Z,Sallis,M,21,Asian,General Practice,True,4.0,17,0,0.14,0.4
261-25-9152,2023-04-29 00:15:00,B,Bakey,M,30,Asian,General Practice,True,6.0,46,0,0.72,0.6000000000000001
284-32-1089,2024-03-02 14:59:00,A,Tummons,M,4,Asian,General Practice,True,7.0,13,0,0.06,0.7000000000000001
325-89-2126,2024-05-06 06:38:00,Q,Tubby,M,1,Asian,General Practice,True,7.0,21,0,0.21999999999999997,0.7000000000000001
840-59-8475,2023-04-11 03:41:00,V,Romeo,M,61,Asian,General Practice,True,8.0,50,0,0.8,0.8
578-76-6120,2023-05-05 05:32:00,I,Cissell,M,51,Asian,General Practice,True,9.0,48,1,0.76,0.9
357-99-1739,2023-06-19 14:05:00,M,Culpin,M,2,Asian,General Practice,True,9.0,22,0,0.24,0.9
677-85-0125,2023-11-02 00:26:00,R,Bettis,M,29,Asian,General Practice,True,9.0,18,0,0.15999999999999998,0.9
217-33-8777,2023-08-23 19:32:00,M,Yuryev,M,48,Asian,General Practice,True,10.0,13,0,0.06,1.0
265-90-3593,2023-04-16 21:38:00,Q,Madine,M,40,Asian,General Practice,True,10.0,44,0,0.6799999999999999,1.0
274-77-1614,2024-05-24 00:47:00,F,Pelos,M,24,Asian,Neurology,True,5.0,39,0,0.5800000000000001,0.5
259-62-7456,2024-01-22 22:57:00,K,Wragge,M,30,Asian,Neurology,True,5.0,51,0,0.8200000000000001,0.5
272-26-4065,2023-09-10 21:05:00,W,Girodon,M,3,Asian,Neurology,True,5.0,13,0,0.06,0.5
442-16-0232,2023-09-03 23:18:00,Z,Covil,M,1,Asian,Neurology,True,5.0,30,0,0.39999999999999997,0.5
477-25-6214,2024-07-04 01:30:00,D,Aronovich,M,50,Asian,No Referral,True,0.0,52,0,0.8400000000000001,0.0
388-23-0487,2024-10-06 15:05:00,Z,Shalliker,M,61,Asian,No Referral,True,0.0,15,0,0.09999999999999998,0.0
645-29-9188,2024-04-07 04:35:00,G,Kenion,M,48,Asian,No Referral,True,1.0,25,0,0.3,0.1
116-09-9875,2023-09-10 14:58:00,U,Baggs,M,64,Asian,No Referral,True,1.0,30,0,0.39999999999999997,0.1
385-04-3640,2024-04-13 14:24:00,V,Deamer,M,63,Asian,No Referral,True,1.0,60,0,1.0,0.1
797-10-9836,2023-11-05 13:14:00,X,Greatland,M,42,Asian,No Referral,True,1.0,14,0,0.08000000000000002,0.1
579-55-3515,2023-12-17 21:26:00,X,Viveash,M,62,Asian,No Referral,True,1.0,27,0,0.34,0.1
208-18-7645,2023-09-16 14:40:00,J,Kopps,M,47,Asian,No Referral,True,2.0,33,0,0.46,0.2
662-81-1902,2023-10-26 20:18:00,P,Ellerker,M,33,Asian,No Referral,True,2.0,34,0,0.48000000000000004,0.2
595-74-4278,2024-10-28 09:08:00,R,Eccleston,M,67,Asian,No Referral,True,2.0,19,0,0.18,0.2
759-61-0298,2024-05-15 20:42:00,W,Houtby,M,22,Asian,No Referral,True,2.0,28,0,0.36000000000000004,0.2
834-60-1903,2024-02-28 04:15:00,M,Lambdean,M,68,Asian,No Referral,True,4.0,45,0,0.7,0.4
793-46-7396,2024-03-02 20:53:00,R,Scurrey,M,64,Asian,No Referral,True,4.0,22,0,0.24,0.4
273-04-2588,2024-04-02 13:46:00,U,MacVagh,M,14,Asian,No Referral,True,4.0,47,0,0.74,0.4
483-02-3338,2023-09-27 20:44:00,W,Magovern,M,28,Asian,No Referral,True,4.0,50,0,0.8,0.4
294-14-2716,2023-09-23 09:18:00,X,Undrill,M,26,Asian,No Referral,True,4.0,30,0,0.39999999999999997,0.4
606-08-9022,2023-04-10 06:13:00,C,Hawkslee,M,51,Asian,No Referral,True,5.0,35,0,0.5,0.5
474-68-7516,2024-05-10 11:22:00,C,Dixsee,M,66,Asian,No Referral,True,5.0,43,0,0.6599999999999999,0.5
650-10-8629,2023-04-19 02:19:00,K,Boater,M,54,Asian,No Referral,True,5.0,11,0,0.01999999999999999,0.5
725-62-6165,2024-07-26 20:45:00,G,Martignon,M,77,Asian,No Referral,True,6.0,23,0,0.26,0.6000000000000001
693-69-3206,2023-05-03 14:08:00,J,Trelevan,M,39,Asian,No Referral,True,6.0,40,1,0.6000000000000001,0.6000000000000001
563-73-7538,2023-10-14 12:03:00,N,Mowson,M,77,Asian,No Referral,True,6.0,56,0,0.9200000000000002,0.6000000000000001
622-41-7512,2023-11-23 11:22:00,P,Kepp,M,23,Asian,No Referral,True,6.0,54,0,0.8800000000000001,0.6000000000000001
229-50-1494,2023-05-21 16:54:00,A,Ludlom,M,47,Asian,No Referral,True,7.0,35,1,0.5,0.7000000000000001
109-59-5859,2023-04-29 19:09:00,B,Langfield,M,26,Asian,No Referral,True,7.0,57,0,0.9400000000000002,0.7000000000000001
580-28-6655,2024-04-23 04:01:00,E,Christer,M,60,Asian,No Referral,True,7.0,55,0,0.9000000000000001,0.7000000000000001
409-75-3660,2024-01-30 20:04:00,M,McKintosh,M,73,Asian,No Referral,True,7.0,26,0,0.32,0.7000000000000001
498-93-2576,2023-12-08 12:38:00,N,Culp,M,74,Asian,No Referral,True,7.0,22,0,0.24,0.7000000000000001
256-40-0553,2024-05-01 17:55:00,T,Medford,M,23,Asian,No Referral,True,7.0,59,0,0.98,0.7000000000000001
700-49-7461,2024-10-14 11:51:00,Y,Liff,M,61,Asian,No Referral,True,7.0,27,0,0.34,0.7000000000000001
883-52-8117,2023-04-30 21:38:00,P,Blasio,M,2,Asian,No Referral,True,8.0,44,0,0.6799999999999999,0.8
828-97-8389,2024-10-25 05:43:00,U,Baudassi,M,18,Asian,No Referral,True,8.0,47,0,0.74,0.8
268-03-2892,2024-03-16 20:16:00,B,Chapelhow,M,68,Asian,No Referral,True,9.0,58,0,0.96,0.9
550-98-8214,2023-11-17 20:18:00,C,Huddle,M,66,Asian,No Referral,True,9.0,52,0,0.8400000000000001,0.9
452-21-6657,2023-12-01 14:54:00,G,Yatman,M,42,Asian,No Referral,True,9.0,33,0,0.46,0.9
722-04-7671,2023-07-10 03:53:00,R,Mews,M,46,Asian,No Referral,True,9.0,17,0,0.14,0.9
875-56-5328,2023-09-04 18:23:00,X,Tetla,M,39,Asian,No Referral,True,9.0,17,0,0.14,0.9
115-60-2041,2024-05-21 11:07:00,Z,Racher,M,60,Asian,No Referral,True,9.0,51,0,0.8200000000000001,0.9
559-16-3603,2023-11-11 07:21:00,B,Lewton,M,12,Asian,No Referral,True,10.0,34,0,0.48000000000000004,1.0
182-51-4982,2023-12-29 05:04:00,C,Ferreira,M,52,Asian,No Referral,True,10.0,10,0,0.0,1.0
174-02-8280,2024-10-10 11:58:00,G,Coppard,M,38,Asian,No Referral,True,10.0,31,0,0.42,1.0
891-68-9213,2024-10-17 09:37:00,I,Collicott,M,60,Asian,No Referral,True,10.0,27,0,0.34,1.0
148-35-5241,2024-06-09 18:06:00,N,Roxby,M,53,Asian,No Referral,True,10.0,54,0,0.8800000000000001,1.0
232-20-0713,2023-04-24 09:32:00,R,Simoncelli,M,37,Asian,No Referral,True,10.0,58,0,0.96,1.0
620-19-3129,2024-02-19 10:03:00,A,Plumb,M,70,Asian,Orthopedics,True,5.0,55,0,0.9000000000000001,0.5
419-61-3209,2024-03-03 07:57:00,C,Hassett,M,55,Asian,Orthopedics,True,5.0,33,0,0.46,0.5
334-81-1151,2024-05-21 09:49:00,D,Elsop,M,63,Asian,Orthopedics,True,5.0,51,0,0.8200000000000001,0.5
743-05-9830,2023-07-22 14:37:00,E,Coslett,M,12,Asian,Orthopedics,True,5.0,47,0,0.74,0.5
774-12-1839,2024-07-16 05:20:00,E,Toplis,M,74,Asian,Orthopedics,True,5.0,56,0,0.9200000000000002,0.5
427-87-8857,2024-02-09 12:24:00,F,Pessler,M,40,Asian,Orthopedics,True,5.0,33,0,0.46,0.5
339-36-5145,2023-11-03 02:15:00,F,Tregear,M,24,Asian,Orthopedics,True,5.0,36,0,0.52,0.5
296-03-8130,2024-06-15 18:04:00,K,Curteis,M,12,Asian,Orthopedics,True,5.0,52,0,0.8400000000000001,0.5
560-19-5168,2024-08-24 17:39:00,L,Conew,M,66,Asian,Orthopedics,True,5.0,13,0,0.06,0.5
602-78-5992,2023-05-14 16:20:00,M,Pickford,M,50,Asian,Orthopedics,True,5.0,22,1,0.24,0.5
135-55-7285,2024-04-24 13:48:00,P,Reckus,M,34,Asian,Orthopedics,True,5.0,57,0,0.9400000000000002,0.5
310-63-8184,2023-09-28 03:09:00,R,Jurgen,M,54,Asian,Orthopedics,True,5.0,25,0,0.3,0.5
169-60-7674,2024-05-30 03:45:00,S,Degoey,M,62,Asian,Orthopedics,True,5.0,29,0,0.37999999999999995,0.5
490-34-8816,2024-01-18 19:25:00,T,Sheddan,M,52,Asian,Orthopedics,True,5.0,18,0,0.15999999999999998,0.5
614-70-3664,2024-04-25 00:02:00,T,Mcasparan,M,41,Asian,Orthopedics,True,5.0,31,0,0.42,0.5
402-45-4382,2024-06-10 02:21:00,U,Fitzpayn,M,51,Asian,Orthopedics,True,5.0,40,0,0.6000000000000001,0.5
264-24-7455,2024-03-03 02:02:00,W,Normanvill,M,27,Asian,Orthopedics,True,5.0,50,0,0.8,0.5
574-27-8945,2023-04-03 10:00:00,X,Presidey,M,3,Asian,Orthopedics,True,5.0,22,0,0.24,0.5
189-45-0235,2023-11-25 22:44:00,S,Dickerson,M,1,Asian,Orthopedics,True,1.0,54,0,0.8800000000000001,0.1
421-15-9145,2024-01-07 10:32:00,F,Brunsen,M,77,Asian,Orthopedics,True,3.0,28,0,0.36000000000000004,0.30000000000000004
787-59-4271,2024-05-30 15:14:00,N,McCole,M,23,Asian,Orthopedics,True,3.0,35,0,0.5,0.30000000000000004
503-57-6754,2023-11-19 14:56:00,C,Sharpless,M,14,Asian,Orthopedics,True,6.0,18,0,0.15999999999999998,0.6000000000000001
871-30-6974,2023-11-10 21:15:00,J,Furlong,M,5,Asian,Orthopedics,True,6.0,51,0,0.8200000000000001,0.6000000000000001
802-14-1812,2024-08-03 08:24:00,J,Methven,M,61,Asian,Orthopedics,True,7.0,52,0,0.8400000000000001,0.7000000000000001
217-38-8287,2023-10-06 15:28:00,L,Torald,M,69,Asian,Orthopedics,True,9.0,51,0,0.8200000000000001,0.9
218-08-9169,2024-05-04 17:27:00,M,Conn,M,61,Asian,Orthopedics,True,10.0,19,0,0.18,1.0
454-88-2937,2024-05-31 22:24:00,U,Hasker,M,65,Asian,Orthopedics,True,10.0,59,0,0.98,1.0
355-78-2842,2024-01-18 22:04:00,V,Van Salzberger,M,66,Asian,Orthopedics,True,10.0,44,0,0.6799999999999999,1.0
290-17-7158,2023-06-07 10:33:00,O,Schubbert,M,30,Asian,Physiotherapy,True,5.0,49,0,0.78,0.5
723-85-9608,2024-03-30 18:30:00,P,McMorran,M,37,Asian,Physiotherapy,True,5.0,35,0,0.5,0.5
150-10-7152,2023-05-03 02:18:00,T,Polle,M,17,Asian,Physiotherapy,True,5.0,46,1,0.72,0.5
344-99-0228,2023-04-12 00:52:00,V,Limpricht,M,17,Asian,Physiotherapy,True,5.0,44,0,0.6799999999999999,0.5
489-40-7800,2023-12-27 12:47:00,N,Hymor,M,34,Asian,Renal,True,5.0,34,0,0.48000000000000004,0.5
262-59-2169,2023-09-21 04:20:00,U,Stickins,M,72,Asian,Renal,True,5.0,30,0,0.39999999999999997,0.5
408-83-3720,2024-03-30 21:29:00,U,Mathey,M,38,Asian,Renal,True,0.0,40,0,0.6000000000000001,0.0
154-73-5990,2023-06-04 23:07:00,K,Sagg,M,20,Asian,Renal,True,2.0,43,0,0.6599999999999999,0.2
873-09-9857,2023-09-30 09:34:00,B,Eckery,M,56,Declined to Identify,Cardiology,True,5.0,26,0,0.32,0.5
656-89-7392,2023-09-22 11:36:00,N,Pennuzzi,M,31,Declined to Identify,Cardiology,True,5.0,35,0,0.5,0.5
366-34-5964,2024-01-25 02:06:00,P,Dovidian,M,40,Declined to Identify,Cardiology,True,5.0,10,0,0.0,0.5
124-08-6381,2024-06-15 01:21:00,W,Keyworth,M,67,Declined to Identify,Cardiology,True,7.0,29,0,0.37999999999999995,0.7000000000000001
543-61-6058,2023-06-22 06:07:00,B,Hathway,M,73,Declined to Identify,Gastroenterology,True,5.0,52,0,0.8400000000000001,0.5
421-54-0505,2023-09-22 12:45:00,F,Hearley,M,4,Declined to Identify,Gastroenterology,True,5.0,29,0,0.37999999999999995,0.5
668-95-8665,2024-10-04 14:26:00,F,Havenhand,M,78,Declined to Identify,Gastroenterology,True,5.0,29,0,0.37999999999999995,0.5
362-55-6622,2023-11-01 16:06:00,G,Sousa,M,55,Declined to Identify,Gastroenterology,True,5.0,26,0,0.32,0.5
235-56-6033,2024-09-30 23:02:00,J,Greber,M,25,Declined to Identify,Gastroenterology,True,5.0,50,0,0.8,0.5
696-58-7818,2024-06-09 12:08:00,P,Barniss,M,73,Declined to Identify,Gastroenterology,True,5.0,22,0,0.24,0.5
647-71-3507,2024-02-20 00:43:00,W,Laurentino,M,68,Declined to Identify,Gastroenterology,True,5.0,60,0,1.0,0.5
874-45-7716,2024-03-10 09:01:00,J,Dudden,M,65,Declined to Identify,Gastroenterology,True,5.0,36,0,0.52,0.5
699-98-1657,2023-11-16 15:03:00,A,Wein,M,41,Declined to Identify,General Practice,True,5.0,39,0,0.5800000000000001,0.5
747-04-3847,2023-09-02 04:17:00,C,Abrahamson,M,77,Declined to Identify,General Practice,True,5.0,11,0,0.01999999999999999,0.5
833-55-4951,2024-05-25 23:35:00,C,Grinley,M,49,Declined to Identify,General Practice,True,5.0,52,0,0.8400000000000001,0.5
585-22-2532,2023-12-14 06:03:00,E,Ottewill,M,29,Declined to Identify,General Practice,True,5.0,50,0,0.8,0.5
537-31-9022,2024-05-19 09:04:00,F,Stellman,M,63,Declined to Identify,General Practice,True,5.0,32,0,0.44,0.5
144-83-2680,2023-12-11 10:16:00,G,Androlli,M,60,Declined to Identify,General Practice,True,5.0,20,0,0.2,0.5
692-55-1347,2023-05-10 04:02:00,G,Esslement,M,15,Declined to Identify,General Practice,True,5.0,30,1,0.39999999999999997,0.5
511-02-6241,2023-04-12 07:36:00,J,Kingscote,M,78,Declined to Identify,General Practice,True,5.0,26,0,0.32,0.5
430-47-4070,2023-09-08 10:41:00,L,MacDwyer,M,31,Declined to Identify,General Practice,True,5.0,14,0,0.08000000000000002,0.5
187-98-7243,2024-02-11 21:37:00,M,Hessle,M,38,Declined to Identify,General Practice,True,5.0,35,0,0.5,0.5
432-54-0526,2023-08-28 16:08:00,M,Dizlie,M,39,Declined to Identify,General Practice,True,5.0,47,0,0.74,0.5
178-38-2955,2023-04-21 22:28:00,O,Port,M,75,Declined to Identify,General Practice,True,5.0,34,0,0.48000000000000004,0.5
611-81-2120,2023-10-16 06:30:00,O,Labbet,M,62,Declined to Identify,General Practice,True,5.0,39,0,0.5800000000000001,0.5
545-02-1591,2024-08-31 03:07:00,S,Shepley,M,51,Declined to Identify,General Practice,True,5.0,35,0,0.5,0.5
246-46-3354,2024-10-17 11:49:00,U,Fison,M,46,Declined to Identify,General Practice,True,5.0,20,0,0.2,0.5
476-07-2714,2023-08-27 18:46:00,U,Cappel,M,77,Declined to Identify,General Practice,True,5.0,57,0,0.9400000000000002,0.5
267-84-3755,2023-08-30 09:14:00,V,Blackly,M,8,Declined to Identify,General Practice,True,5.0,39,0,0.5800000000000001,0.5
164-26-6306,2024-01-30 18:23:00,X,Griffen,M,72,Declined to Identify,General Practice,True,5.0,12,0,0.03999999999999998,0.5
333-45-8232,2024-09-01 01:04:00,Y,Tethcote,M,9,Declined to Identify,General Practice,True,5.0,42,0,0.6399999999999999,0.5
527-85-0144,2023-06-23 06:19:00,Z,Swayte,M,14,Declined to Identify,General Practice,True,5.0,46,0,0.72,0.5
471-26-6540,2023-07-11 08:27:00,D,Cruden,M,15,Declined to Identify,General Practice,True,0.0,60,0,1.0,0.0
418-61-6957,2023-10-09 22:22:00,U,Markussen,M,22,Declined to Identify,General Practice,True,0.0,35,0,0.5,0.0
417-29-0350,2024-05-07 03:06:00,C,Dominik,M,63,Declined to Identify,General Practice,True,1.0,26,0,0.32,0.1
407-80-1621,2024-08-18 00:49:00,G,Dyerson,M,32,Declined to Identify,General Practice,True,3.0,53,0,0.8600000000000001,0.30000000000000004
711-54-1117,2023-08-02 19:03:00,R,Houlridge,M,76,Declined to Identify,General Practice,True,4.0,60,0,1.0,0.4
161-59-1979,2023-08-27 10:33:00,S,Alexis,M,34,Declined to Identify,General Practice,True,5.0,43,0,0.6599999999999999,0.5
674-10-3099,2024-08-21 03:33:00,V,Hoyt,M,67,Declined to Identify,General Practice,True,5.0,60,0,1.0,0.5
251-06-3146,2023-10-19 04:42:00,H,Cockett,M,44,Declined to Identify,General Practice,True,6.0,19,0,0.18,0.6000000000000001
813-15-4119,2024-10-11 21:22:00,O,Valentetti,M,20,Declined to Identify,General Practice,True,6.0,19,0,0.18,0.6000000000000001
784-60-3129,2024-07-11 06:48:00,E,Willers,M,52,Declined to Identify,General Practice,True,7.0,16,0,0.12,0.7000000000000001
665-30-9119,2024-05-22 15:49:00,A,Brenston,M,69,Declined to Identify,General Practice,True,8.0,53,0,0.8600000000000001,0.8
642-21-0802,2024-08-14 08:53:00,J,Dawney,M,24,Declined to Identify,General Practice,True,9.0,15,0,0.09999999999999998,0.9
479-57-6958,2024-05-28 20:00:00,O,Wherry,M,49,Declined to Identify,General Practice,True,9.0,14,0,0.08000000000000002,0.9
629-92-2831,2023-09-04 03:50:00,U,Bedrosian,M,48,Declined to Identify,General Practice,True,9.0,52,0,0.8400000000000001,0.9
177-89-1312,2023-09-18 20:07:00,W,Windous,M,70,Declined to Identify,General Practice,True,10.0,16,0,0.12,1.0
458-03-2386,2023-08-23 23:47:00,X,Drinkel,M,36,Declined to Identify,General Practice,True,10.0,44,0,0.6799999999999999,1.0
389-84-7406,2023-05-21 01:46:00,M,Jacob,M,33,Declined to Identify,Neurology,True,5.0,56,1,0.9200000000000002,0.5
455-30-9819,2024-03-11 08:00:00,R,Gurnell,M,45,Declined to Identify,Neurology,True,5.0,42,0,0.6399999999999999,0.5
669-11-4236,2023-12-15 00:38:00,V,Dach,M,21,Declined to Identify,Neurology,True,5.0,36,0,0.52,0.5
693-84-3710,2024-01-31 13:30:00,W,McVaugh,M,53,Declined to Identify,Neurology,True,5.0,50,0,0.8,0.5
141-47-3493,2024-06-07 00:25:00,Y,Whardley,M,9,Declined to Identify,Neurology,True,5.0,54,0,0.8800000000000001,0.5
511-35-0901,2023-12-05 16:13:00,S,Dinan,M,63,Declined to Identify,Neurology,True,1.0,57,0,0.9400000000000002,0.1
473-11-0338,2023-10-07 03:47:00,B,Cayzer,M,75,Declined to Identify,Neurology,True,10.0,31,0,0.42,1.0
102-78-5313,2024-07-17 20:16:00,L,Glacken,M,48,Declined to Identify,No Referral,True,0.0,28,0,0.36000000000000004,0.0
796-20-6865,2024-06-09 00:43:00,Q,Veque,M,13,Declined to Identify,No Referral,True,0.0,38,0,0.56,0.0
684-81-2276,2023-04-06 09:00:00,T,Slowley,M,37,Declined to Identify,No Referral,True,0.0,50,0,0.8,0.0
754-28-0977,2023-09-03 14:07:00,L,Joul,M,39,Declined to Identify,No Referral,True,1.0,29,0,0.37999999999999995,0.1
368-48-8290,2024-01-31 14:58:00,O,Carrabott,M,4,Declined to Identify,No Referral,True,1.0,12,0,0.03999999999999998,0.1
802-23-8057,2023-04-03 04:53:00,R,Huc,M,68,Declined to Identify,No Referral,True,1.0,31,0,0.42,0.1
122-91-7361,2024-07-29 02:26:00,P,Dobbinson,M,63,Declined to Identify,No Referral,True,2.0,51,0,0.8200000000000001,0.2
319-73-3636,2024-04-27 06:19:00,L,Oldcroft,M,10,Declined to Identify,No Referral,True,3.0,14,0,0.08000000000000002,0.30000000000000004
656-84-3118,2023-12-26 23:35:00,N,de Marco,M,74,Declined to Identify,No Referral,True,3.0,10,0,0.0,0.30000000000000004
314-57-3189,2024-05-27 03:42:00,G,Risebarer,M,41,Declined to Identify,No Referral,True,4.0,46,0,0.72,0.4
558-86-1882,2023-09-27 18:25:00,L,Bangs,M,33,Declined to Identify,No Referral,True,4.0,21,0,0.21999999999999997,0.4
448-62-7896,2024-01-11 12:41:00,P,Bruins,M,77,Declined to Identify,No Referral,True,4.0,44,0,0.6799999999999999,0.4
839-10-4290,2023-06-11 01:53:00,T,Romeo,M,52,Declined to Identify,No Referral,True,4.0,10,0,0.0,0.4
472-41-8672,2024-03-11 14:28:00,T,McGrah,M,52,Declined to Identify,No Referral,True,4.0,39,0,0.5800000000000001,0.4
659-69-2555,2024-06-12 17:37:00,Y,Castro,M,47,Declined to Identify,No Referral,True,4.0,43,0,0.6599999999999999,0.4
449-61-6847,2023-04-19 08:21:00,C,Matteacci,M,24,Declined to Identify,No Referral,True,5.0,42,0,0.6399999999999999,0.5
694-31-6186,2023-10-23 19:03:00,D,Garretson,M,67,Declined to Identify,No Referral,True,5.0,19,0,0.18,0.5
896-83-0117,2023-11-17 01:52:00,M,Bolderson,M,79,Declined to Identify,No Referral,True,5.0,57,0,0.9400000000000002,0.5
478-86-9949,2023-12-12 21:55:00,S,Jensen,M,37,Declined to Identify,No Referral,True,5.0,36,0,0.52,0.5
359-83-8617,2024-05-29 14:41:00,E,Lilley,M,68,Declined to Identify,No Referral,True,6.0,44,0,0.6799999999999999,0.6000000000000001
711-78-4446,2024-02-21 23:10:00,G,Pretious,M,54,Declined to Identify,No Referral,True,6.0,48,0,0.76,0.6000000000000001
899-45-0451,2023-06-29 15:13:00,M,Goldwater,M,26,Declined to Identify,No Referral,True,6.0,35,0,0.5,0.6000000000000001
563-85-4444,2024-05-22 07:09:00,S,Vickerman,M,2,Declined to Identify,No Referral,True,6.0,56,0,0.9200000000000002,0.6000000000000001
609-17-4908,2023-04-25 03:02:00,E,Lenney,M,76,Declined to Identify,No Referral,True,7.0,51,0,0.8200000000000001,0.7000000000000001
717-46-0039,2024-03-06 09:45:00,C,Linn,M,64,Declined to Identify,No Referral,True,8.0,53,0,0.8600000000000001,0.8
654-75-7180,2024-09-01 04:37:00,L,Scneider,M,2,Declined to Identify,No Referral,True,8.0,45,0,0.7,0.8
220-85-4256,2024-07-01 02:01:00,O,Cuerda,M,11,Declined to Identify,No Referral,True,8.0,40,0,0.6000000000000001,0.8
560-68-4267,2023-04-15 23:41:00,O,Dinwoodie,M,20,Declined to Identify,No Referral,True,8.0,47,0,0.74,0.8
599-75-3210,2023-11-28 21:25:00,D,Tabourel,M,23,Declined to Identify,No Referral,True,9.0,50,0,0.8,0.9
825-38-2784,2023-09-02 11:21:00,I,Parnham,M,51,Declined to Identify,No Referral,True,9.0,11,0,0.01999999999999999,0.9
424-07-7939,2024-01-13 08:15:00,K,Glyn,M,28,Declined to Identify,No Referral,True,9.0,55,0,0.9000000000000001,0.9
382-18-5399,2024-01-11 22:22:00,B,Assiratti,M,42,Declined to Identify,No Referral,True,10.0,57,0,0.9400000000000002,1.0
441-73-2531,2023-06-28 17:05:00,F,Dowrey,M,77,Declined to Identify,No Referral,True,10.0,48,0,0.76,1.0
732-17-2371,2023-04-02 19:40:00,H,Halmkin,M,57,Declined to Identify,No Referral,True,10.0,33,0,0.46,1.0
168-09-6601,2024-09-29 17:02:00,I,Olivazzi,M,4,Declined to Identify,No Referral,True,10.0,28,0,0.36000000000000004,1.0
565-67-5654,2023-07-13 15:41:00,L,Pates,M,50,Declined to Identify,No Referral,True,10.0,56,0,0.9200000000000002,1.0
166-68-1920,2024-05-14 03:24:00,U,Bonder,M,64,Declined to Identify,No Referral,True,10.0,44,0,0.6799999999999999,1.0
385-18-4317,2023-10-19 20:40:00,Y,Estable,M,12,Declined to Identify,No Referral,True,10.0,47,0,0.74,1.0
169-58-6319,2023-11-27 03:30:00,A,Speek,M,3,Declined to Identify,Orthopedics,True,5.0,46,0,0.72,0.5
685-40-5409,2024-03-14 02:46:00,A,Cancott,M,33,Declined to Identify,Orthopedics,True,5.0,46,0,0.72,0.5
181-37-8210,2024-09-12 03:16:00,A,Lie,M,7,Declined to Identify,Orthopedics,True,5.0,54,0,0.8800000000000001,0.5
142-34-3319,2024-07-25 10:58:00,B,Wethey,M,14,Declined to Identify,Orthopedics,True,5.0,25,0,0.3,0.5
834-30-4050,2024-03-17 14:54:00,B,Theis,M,26,Declined to Identify,Orthopedics,True,5.0,48,0,0.76,0.5
676-74-9268,2024-08-16 16:11:00,C,Aspinwall,M,64,Declined to Identify,Orthopedics,True,5.0,51,0,0.8200000000000001,0.5
557-44-3971,2023-04-25 18:20:00,C,Patriskson,M,18,Declined to Identify,Orthopedics,True,5.0,60,0,1.0,0.5
529-39-2765,2023-12-19 13:21:00,D,Gerish,M,21,Declined to Identify,Orthopedics,True,5.0,40,0,0.6000000000000001,0.5
667-42-3519,2024-06-12 17:56:00,D,Timbrell,M,54,Declined to Identify,Orthopedics,True,5.0,57,0,0.9400000000000002,0.5
840-85-3205,2024-02-10 09:30:00,F,Siemandl,M,30,Declined to Identify,Orthopedics,True,5.0,49,0,0.78,0.5
270-81-6460,2024-07-15 00:14:00,G,Blessed,M,12,Declined to Identify,Orthopedics,True,5.0,38,0,0.56,0.5
611-43-2271,2024-09-28 01:43:00,H,Llorente,M,79,Declined to Identify,Orthopedics,True,5.0,27,0,0.34,0.5
763-41-5675,2024-06-01 03:47:00,I,Yardy,M,10,Declined to Identify,Orthopedics,True,5.0,15,0,0.09999999999999998,0.5
672-53-8285,2024-06-02 23:08:00,I,Matisse,M,64,Declined to Identify,Orthopedics,True,5.0,44,0,0.6799999999999999,0.5
879-09-0173,2024-08-08 05:21:00,J,Daal,M,53,Declined to Identify,Orthopedics,True,5.0,20,0,0.2,0.5
284-78-4415,2024-10-26 16:09:00,L,Creeghan,M,16,Declined to Identify,Orthopedics,True,5.0,15,0,0.09999999999999998,0.5
184-04-9740,2023-08-13 17:35:00,P,Brendeke,M,2,Declined to Identify,Orthopedics,True,5.0,54,0,0.8800000000000001,0.5
562-51-1610,2024-10-27 17:26:00,Q,Coats,M,24,Declined to Identify,Orthopedics,True,5.0,57,0,0.9400000000000002,0.5
899-59-5585,2023-11-15 00:59:00,R,Osmond,M,60,Declined to Identify,Orthopedics,True,5.0,57,0,0.9400000000000002,0.5
629-51-6493,2023-09-10 22:47:00,S,Tippings,M,2,Declined to Identify,Orthopedics,True,5.0,33,0,0.46,0.5
511-74-2373,2024-08-24 19:38:00,U,Bromont,M,73,Declined to Identify,Orthopedics,True,5.0,18,0,0.15999999999999998,0.5
180-40-9473,2023-05-01 19:38:00,Y,Mattioli,M,5,Declined to Identify,Orthopedics,True,5.0,17,1,0.14,0.5
106-89-2099,2024-03-17 23:56:00,Y,Metcalf,M,2,Declined to Identify,Orthopedics,True,5.0,31,0,0.42,0.5
106-06-0564,2024-01-14 02:42:00,Q,Mountlow,M,16,Declined to Identify,Orthopedics,True,0.0,22,0,0.24,0.0
897-54-5606,2023-12-18 02:53:00,T,Southall,M,35,Declined to Identify,Orthopedics,True,1.0,56,0,0.9200000000000002,0.1
776-73-0164,2024-09-01 17:23:00,O,Ridoutt,M,39,Declined to Identify,Orthopedics,True,2.0,30,0,0.39999999999999997,0.2
185-30-4496,2024-08-20 12:43:00,R,de Guise,M,52,Declined to Identify,Orthopedics,True,3.0,56,0,0.9200000000000002,0.30000000000000004
508-22-7761,2024-03-14 05:55:00,V,Brabbins,M,14,Declined to Identify,Orthopedics,True,3.0,50,0,0.8,0.30000000000000004
807-93-0539,2024-08-06 16:10:00,E,Sawter,M,19,Declined to Identify,Orthopedics,True,4.0,25,0,0.3,0.4
439-09-4695,2024-06-01 19:48:00,T,Bastiman,M,2,Declined to Identify,Orthopedics,True,4.0,51,0,0.8200000000000001,0.4
265-25-7984,2023-10-27 04:13:00,C,Nell,M,70,Declined to Identify,Orthopedics,True,5.0,23,0,0.26,0.5
256-89-4612,2024-04-07 16:32:00,F,Abelwhite,M,58,Declined to Identify,Orthopedics,True,5.0,15,0,0.09999999999999998,0.5
619-67-1876,2024-08-26 21:08:00,U,Scholling,M,55,Declined to Identify,Orthopedics,True,8.0,55,0,0.9000000000000001,0.8
457-30-9862,2024-07-05 01:38:00,B,Larver,M,13,Declined to Identify,Physiotherapy,True,5.0,14,0,0.08000000000000002,0.5
631-92-2982,2024-01-13 16:07:00,E,Diament,M,44,Declined to Identify,Physiotherapy,True,5.0,25,0,0.3,0.5
372-60-9119,2023-06-12 10:05:00,L,Strelitz,M,66,Declined to Identify,Physiotherapy,True,5.0,15,0,0.09999999999999998,0.5
316-24-5823,2023-09-08 03:29:00,U,Cassie,M,71,Declined to Identify,Physiotherapy,True,5.0,31,0,0.42,0.5
825-35-0948,2023-05-13 02:42:00,H,Plante,M,18,Declined to Identify,Physiotherapy,True,5.0,13,1,0.06,0.5
215-96-2986,2023-12-17 19:54:00,D,Shapera,M,5,Declined to Identify,Renal,True,5.0,47,0,0.74,0.5
412-66-4473,2024-01-07 11:27:00,O,Kemson,M,50,Declined to Identify,Renal,True,5.0,29,0,0.37999999999999995,0.5
646-02-1854,2023-10-07 10:33:00,R,Beasant,M,19,Declined to Identify,Renal,True,5.0,11,0,0.01999999999999999,0.5
599-03-3606,2024-01-10 20:16:00,G,Deverose,M,30,Native American/Alaska Native,Cardiology,True,5.0,53,0,0.8600000000000001,0.5
686-69-6116,2024-05-12 01:40:00,K,Greger,M,14,Native American/Alaska Native,Cardiology,True,5.0,44,0,0.6799999999999999,0.5
393-09-9749,2024-09-04 22:00:00,N,Peasgood,M,26,Native American/Alaska Native,Cardiology,True,5.0,35,0,0.5,0.5
139-14-2557,2023-04-13 12:12:00,Y,Janks,M,24,Native American/Alaska Native,Cardiology,True,2.0,18,0,0.15999999999999998,0.2
561-25-6133,2024-01-17 09:51:00,G,Bradlaugh,M,71,Native American/Alaska Native,Cardiology,True,4.0,55,0,0.9000000000000001,0.4
682-34-0219,2023-04-02 05:22:00,N,Trenam,M,38,Native American/Alaska Native,Gastroenterology,True,5.0,36,0,0.52,0.5
604-66-4222,2024-03-09 00:26:00,A,Maybey,M,27,Native American/Alaska Native,General Practice,True,5.0,11,0,0.01999999999999999,0.5
250-38-2325,2024-10-20 15:14:00,B,Harvett,M,59,Native American/Alaska Native,General Practice,True,5.0,15,0,0.09999999999999998,0.5
122-08-4208,2023-07-25 10:41:00,B,Clyde,M,12,Native American/Alaska Native,General Practice,True,5.0,22,0,0.24,0.5
652-20-7712,2024-02-26 07:20:00,B,Bees,M,4,Native American/Alaska Native,General Practice,True,5.0,58,0,0.96,0.5
828-47-1822,2024-09-02 00:05:00,E,Bagshaw,M,18,Native American/Alaska Native,General Practice,True,5.0,33,0,0.46,0.5
338-77-1588,2024-08-20 07:53:00,F,Parchment,M,4,Native American/Alaska Native,General Practice,True,5.0,39,0,0.5800000000000001,0.5
585-69-4983,2023-10-07 01:25:00,F,Coen,M,52,Native American/Alaska Native,General Practice,True,5.0,47,0,0.74,0.5
814-07-4421,2023-08-15 23:58:00,H,Maith,M,44,Native American/Alaska Native,General Practice,True,5.0,54,0,0.8800000000000001,0.5
581-29-6727,2024-04-10 07:21:00,I,Feeham,M,18,Native American/Alaska Native,General Practice,True,5.0,47,0,0.74,0.5
883-72-0885,2023-12-30 06:38:00,L,Gawke,M,31,Native American/Alaska Native,General Practice,True,5.0,52,0,0.8400000000000001,0.5
146-74-0413,2023-06-01 11:36:00,N,Weddeburn,M,40,Native American/Alaska Native,General Practice,True,5.0,41,0,0.6200000000000001,0.5
325-17-4116,2024-05-21 07:42:00,P,Snassell,M,61,Native American/Alaska Native,General Practice,True,5.0,57,0,0.9400000000000002,0.5
696-21-9147,2024-05-12 09:29:00,R,Rands,M,32,Native American/Alaska Native,General Practice,True,5.0,50,0,0.8,0.5
795-64-7565,2023-05-02 03:19:00,S,Marklin,M,38,Native American/Alaska Native,General Practice,True,5.0,34,1,0.48000000000000004,0.5
689-43-8910,2024-01-02 17:46:00,T,Passo,M,47,Native American/Alaska Native,General Practice,True,5.0,32,0,0.44,0.5
291-37-1682,2023-11-03 16:51:00,T,Cabedo,M,53,Native American/Alaska Native,General Practice,True,5.0,42,0,0.6399999999999999,0.5
447-95-3661,2023-05-11 13:46:00,X,Upchurch,M,25,Native American/Alaska Native,General Practice,True,5.0,10,1,0.0,0.5
301-45-7864,2023-10-10 09:14:00,Y,Pennuzzi,M,34,Native American/Alaska Native,General Practice,True,5.0,26,0,0.32,0.5
627-46-5712,2024-10-27 23:17:00,K,McCorry,M,79,Native American/Alaska Native,General Practice,True,2.0,42,0,0.6399999999999999,0.2
248-95-3644,2024-05-28 15:54:00,T,Gile,M,72,Native American/Alaska Native,General Practice,True,5.0,24,0,0.27999999999999997,0.5
194-92-9947,2023-04-17 23:20:00,C,Stother,M,52,Native American/Alaska Native,General Practice,True,6.0,42,0,0.6399999999999999,0.6000000000000001
724-58-8259,2023-04-14 04:39:00,W,Briars,M,56,Native American/Alaska Native,General Practice,True,8.0,41,0,0.6200000000000001,0.8
644-36-3406,2023-12-08 05:41:00,F,Attard,M,42,Native American/Alaska Native,General Practice,True,9.0,49,0,0.78,0.9
248-33-3339,2024-02-23 00:28:00,V,Swayne,M,42,Native American/Alaska Native,General Practice,True,9.0,19,0,0.18,0.9
332-36-0246,2024-08-13 23:02:00,C,Durnford,M,60,Native American/Alaska Native,Neurology,True,5.0,60,0,1.0,0.5
283-52-4368,2024-09-08 22:52:00,K,Strapp,M,46,Native American/Alaska Native,Neurology,True,5.0,15,0,0.09999999999999998,0.5
828-45-0946,2024-03-27 05:10:00,K,Gover,M,38,Native American/Alaska Native,Neurology,True,5.0,31,0,0.42,0.5
524-73-2304,2023-05-04 11:11:00,Z,Griffith,M,23,Native American/Alaska Native,Neurology,True,5.0,38,1,0.56,0.5
657-83-4406,2023-05-21 05:17:00,O,Innes,M,31,Native American/Alaska Native,Neurology,True,5.0,52,1,0.8400000000000001,0.5
288-06-8475,2023-11-15 06:18:00,Z,Barnewall,M,60,Native American/Alaska Native,Neurology,True,8.0,37,0,0.54,0.8
296-44-2419,2024-02-18 22:42:00,S,Wickenden,M,34,Native American/Alaska Native,No Referral,True,0.0,19,0,0.18,0.0
220-33-1376,2023-10-24 02:10:00,T,Holtom,M,79,Native American/Alaska Native,No Referral,True,0.0,45,0,0.7,0.0
453-29-3036,2024-07-01 15:42:00,N,Tebbe,M,2,Native American/Alaska Native,No Referral,True,1.0,30,0,0.39999999999999997,0.1
770-95-4240,2023-09-01 01:58:00,C,McCleverty,M,39,Native American/Alaska Native,No Referral,True,2.0,55,0,0.9000000000000001,0.2
414-69-2236,2024-06-23 17:01:00,T,Bolens,M,36,Native American/Alaska Native,No Referral,True,3.0,31,0,0.42,0.30000000000000004
832-51-2130,2023-10-31 11:53:00,Z,Abelwhite,M,10,Native American/Alaska Native,No Referral,True,3.0,51,0,0.8200000000000001,0.30000000000000004
504-04-2880,2023-09-02 13:47:00,E,Erwin,M,29,Native American/Alaska Native,No Referral,True,5.0,28,0,0.36000000000000004,0.5
222-17-4011,2024-05-20 10:05:00,U,McKibbin,M,6,Native American/Alaska Native,No Referral,True,6.0,35,0,0.5,0.6000000000000001
221-43-1135,2023-10-21 21:41:00,G,Bruford,M,34,Native American/Alaska Native,No Referral,True,7.0,14,0,0.08000000000000002,0.7000000000000001
183-37-9410,2023-07-11 23:29:00,W,Elener,M,32,Native American/Alaska Native,No Referral,True,7.0,12,0,0.03999999999999998,0.7000000000000001
527-45-1421,2024-04-12 04:25:00,J,Bundy,M,23,Native American/Alaska Native,No Referral,True,8.0,41,0,0.6200000000000001,0.8
529-60-1006,2023-06-27 17:09:00,N,Merrywether,M,26,Native American/Alaska Native,No Referral,True,8.0,12,0,0.03999999999999998,0.8
814-54-6052,2023-05-25 21:46:00,Q,Geffinger,M,63,Native American/Alaska Native,No Referral,True,8.0,30,1,0.39999999999999997,0.8
330-83-0888,2024-02-22 12:07:00,T,Brian,M,20,Native American/Alaska Native,No Referral,True,9.0,18,0,0.15999999999999998,0.9
157-62-0102,2024-04-30 20:07:00,Y,Sheldrick,M,77,Native American/Alaska Native,No Referral,True,9.0,24,0,0.27999999999999997,0.9
503-02-4357,2023-08-18 18:31:00,K,Boat,M,42,Native American/Alaska Native,No Referral,True,10.0,11,0,0.01999999999999999,1.0
868-41-2022,2024-01-01 11:11:00,M,Baulcombe,M,55,Native American/Alaska Native,No Referral,True,10.0,59,0,0.98,1.0
429-41-6860,2023-12-21 14:54:00,A,Seacroft,M,40,Native American/Alaska Native,Orthopedics,True,5.0,29,0,0.37999999999999995,0.5
842-21-2088,2023-08-07 07:08:00,A,Beadnall,M,52,Native American/Alaska Native,Orthopedics,True,5.0,48,0,0.76,0.5
737-96-0035,2024-06-17 02:02:00,C,Britland,M,54,Native American/Alaska Native,Orthopedics,True,5.0,47,0,0.74,0.5
407-56-9582,2023-07-30 00:18:00,M,Points,M,64,Native American/Alaska Native,Orthopedics,True,5.0,29,0,0.37999999999999995,0.5
646-45-1783,2023-08-17 09:55:00,N,Redgrave,M,74,Native American/Alaska Native,Orthopedics,True,5.0,59,0,0.98,0.5
287-09-1852,2024-01-26 23:11:00,O,Kollatsch,M,33,Native American/Alaska Native,Orthopedics,True,5.0,25,0,0.3,0.5
889-03-5244,2023-07-20 10:53:00,P,Bruckstein,M,57,Native American/Alaska Native,Orthopedics,True,5.0,33,0,0.46,0.5
247-62-4290,2024-03-12 10:12:00,Q,Lomansey,M,66,Native American/Alaska Native,Orthopedics,True,5.0,28,0,0.36000000000000004,0.5
314-59-0387,2024-09-25 23:55:00,W,Dallewater,M,14,Native American/Alaska Native,Orthopedics,True,5.0,52,0,0.8400000000000001,0.5
754-85-3101,2024-02-29 00:40:00,F,Humpherston,M,73,Native American/Alaska Native,Orthopedics,True,2.0,53,0,0.8600000000000001,0.2
576-14-8921,2023-11-20 16:23:00,K,Alecock,M,62,Native American/Alaska Native,Orthopedics,True,2.0,53,0,0.8600000000000001,0.2
531-05-3251,2024-03-10 03:17:00,D,Velez,M,61,Native American/Alaska Native,Orthopedics,True,3.0,41,0,0.6200000000000001,0.30000000000000004
526-39-2219,2023-11-30 20:54:00,U,Quincee,M,70,Native American/Alaska Native,Orthopedics,True,4.0,49,0,0.78,0.4
597-50-8124,2023-05-16 19:49:00,O,Border,M,32,Native American/Alaska Native,Orthopedics,True,6.0,10,1,0.0,0.6000000000000001
110-62-8138,2024-03-18 07:20:00,R,Brereton,M,11,Native American/Alaska Native,Physiotherapy,True,10.0,52,0,0.8400000000000001,1.0
758-62-8403,2024-07-02 21:36:00,R,Hexum,M,52,Native American/Alaska Native,Renal,True,5.0,15,0,0.09999999999999998,0.5
822-30-1537,2023-04-29 11:55:00,I,Haistwell,M,12,Pacific Islander,Cardiology,True,5.0,21,0,0.21999999999999997,0.5
353-59-9498,2023-12-21 20:54:00,K,Haggar,M,25,Pacific Islander,Cardiology,True,5.0,22,0,0.24,0.5
208-91-1133,2024-08-30 01:48:00,Y,Palmby,M,31,Pacific Islander,Cardiology,True,5.0,12,0,0.03999999999999998,0.5
589-89-7404,2023-05-16 11:38:00,Y,Infantino,M,78,Pacific Islander,Cardiology,True,5.0,48,1,0.76,0.5
615-82-7141,2023-08-03 17:19:00,M,Mein,M,53,Pacific Islander,Cardiology,True,7.0,45,0,0.7,0.7000000000000001
593-65-5206,2023-08-05 12:58:00,K,Oldcote,M,77,Pacific Islander,Gastroenterology,True,5.0,36,0,0.52,0.5
678-53-3815,2023-08-14 11:57:00,O,Pikesley,M,46,Pacific Islander,Gastroenterology,True,5.0,28,0,0.36000000000000004,0.5
869-28-2519,2024-03-21 21:21:00,V,Scholer,M,36,Pacific Islander,Gastroenterology,True,5.0,30,0,0.39999999999999997,0.5
782-13-9566,2024-01-19 17:24:00,A,Hallad,M,79,Pacific Islander,General Practice,True,5.0,18,0,0.15999999999999998,0.5
100-34-6753,2024-05-13 14:03:00,B,Paulus,M,43,Pacific Islander,General Practice,True,5.0,25,0,0.3,0.5
344-12-7337,2024-02-29 01:22:00,B,Rickersey,M,73,Pacific Islander,General Practice,True,5.0,27,0,0.34,0.5
594-09-2240,2024-08-16 19:51:00,C,Natwick,M,21,Pacific Islander,General Practice,True,5.0,58,0,0.96,0.5
741-04-9751,2024-08-31 10:56:00,E,Gaitskill,M,74,Pacific Islander,General Practice,True,5.0,36,0,0.52,0.5
548-98-4114,2024-09-02 01:13:00,F,McSparran,M,27,Pacific Islander,General Practice,True,5.0,23,0,0.26,0.5
468-09-2058,2024-07-08 02:36:00,F,Heaps,M,39,Pacific Islander,General Practice,True,5.0,30,0,0.39999999999999997,0.5
132-84-3700,2024-01-27 09:55:00,F,Ackermann,M,65,Pacific Islander,General Practice,True,5.0,51,0,0.8200000000000001,0.5
658-51-3929,2023-09-22 23:04:00,G,Muddicliffe,M,15,Pacific Islander,General Practice,True,5.0,51,0,0.8200000000000001,0.5
685-76-7563,2023-09-15 13:30:00,H,Thorius,M,60,Pacific Islander,General Practice,True,5.0,35,0,0.5,0.5
898-64-3273,2024-07-28 02:50:00,L,Chillistone,M,56,Pacific Islander,General Practice,True,5.0,27,0,0.34,0.5
342-13-1426,2024-10-23 15:04:00,L,Bullocke,M,45,Pacific Islander,General Practice,True,5.0,31,0,0.42,0.5
456-13-3380,2023-11-16 18:28:00,M,Simcoe,M,29,Pacific Islander,General Practice,True,5.0,19,0,0.18,0.5
819-36-3342,2023-11-03 15:20:00,O,Aggs,M,19,Pacific Islander,General Practice,True,5.0,14,0,0.08000000000000002,0.5
367-46-0761,2023-05-20 09:43:00,O,Mardell,M,64,Pacific Islander,General Practice,True,5.0,16,1,0.12,0.5
623-58-0855,2024-07-08 08:34:00,Q,O' Clovan,M,32,Pacific Islander,General Practice,True,5.0,56,0,0.9200000000000002,0.5
175-59-9717,2023-08-31 04:39:00,T,Meconi,M,4,Pacific Islander,General Practice,True,5.0,21,0,0.21999999999999997,0.5
609-71-3159,2023-09-21 21:35:00,U,Kean,M,24,Pacific Islander,General Practice,True,5.0,16,0,0.12,0.5
761-68-0469,2023-05-16 00:48:00,U,Davenhill,M,51,Pacific Islander,General Practice,True,5.0,31,1,0.42,0.5
208-63-9371,2023-12-01 23:46:00,V,Verralls,M,42,Pacific Islander,General Practice,True,5.0,10,0,0.0,0.5
801-16-0380,2024-02-25 16:38:00,V,Hatherell,M,70,Pacific Islander,General Practice,True,5.0,49,0,0.78,0.5
870-30-5356,2024-07-01 15:40:00,Z,Kelston,M,23,Pacific Islander,General Practice,True,5.0,27,0,0.34,0.5
435-65-1924,2023-11-08 12:07:00,V,Sibbert,M,34,Pacific Islander,General Practice,True,0.0,22,0,0.24,0.0
543-16-9617,2024-08-09 21:28:00,U,Ervin,M,79,Pacific Islander,General Practice,True,1.0,34,0,0.48000000000000004,0.1
465-05-1558,2023-12-18 21:07:00,U,Andrioli,M,12,Pacific Islander,General Practice,True,1.0,56,0,0.9200000000000002,0.1
211-84-0802,2024-04-02 22:10:00,C,Baldcock,M,36,Pacific Islander,General Practice,True,3.0,47,0,0.74,0.30000000000000004
527-61-6252,2023-08-02 18:09:00,V,Coventry,M,22,Pacific Islander,General Practice,True,6.0,16,0,0.12,0.6000000000000001
309-20-0723,2024-08-31 23:13:00,E,Guenther,M,29,Pacific Islander,General Practice,True,9.0,38,0,0.56,0.9
659-92-2938,2023-07-30 14:43:00,S,MacGrath,M,2,Pacific Islander,Neurology,True,5.0,55,0,0.9000000000000001,0.5
452-18-8105,2024-01-01 11:25:00,U,Pattini,M,53,Pacific Islander,Neurology,True,5.0,22,0,0.24,0.5
336-91-3757,2024-03-05 09:35:00,Y,Brandassi,M,9,Pacific Islander,Neurology,True,6.0,40,0,0.6000000000000001,0.6000000000000001
744-46-3602,2023-10-18 16:47:00,W,Corton,M,37,Pacific Islander,Neurology,True,8.0,10,0,0.0,0.8
213-62-4409,2023-07-31 13:12:00,Y,Chinge,M,44,Pacific Islander,Neurology,True,10.0,44,0,0.6799999999999999,1.0
628-50-9958,2024-04-20 20:35:00,J,Cooch,M,62,Pacific Islander,No Referral,True,0.0,39,0,0.5800000000000001,0.0
427-24-2579,2023-04-10 08:39:00,M,Prewett,M,3,Pacific Islander,No Referral,True,0.0,36,0,0.52,0.0
490-35-6077,2024-05-17 01:22:00,E,Amer,M,8,Pacific Islander,No Referral,True,1.0,14,0,0.08000000000000002,0.1
491-97-4895,2023-06-21 06:02:00,F,Danko,M,59,Pacific Islander,No Referral,True,1.0,11,0,0.01999999999999999,0.1
156-40-6822,2023-06-29 08:54:00,L,Keuneke,M,78,Pacific Islander,No Referral,True,1.0,51,0,0.8200000000000001,0.1
316-20-5225,2023-07-04 09:34:00,S,Spinetti,M,74,Pacific Islander,No Referral,True,1.0,59,0,0.98,0.1
248-40-1832,2024-02-27 23:10:00,K,Hobbing,M,35,Pacific Islander,No Referral,True,2.0,52,0,0.8400000000000001,0.2
261-27-1253,2023-08-30 23:06:00,K,Bliben,M,19,Pacific Islander,No Referral,True,3.0,40,0,0.6000000000000001,0.30000000000000004
745-14-1282,2024-08-29 00:50:00,O,Pitchers,M,24,Pacific Islander,No Referral,True,4.0,13,0,0.06,0.4
844-34-2932,2023-06-04 23:16:00,H,Elster,M,59,Pacific Islander,No Referral,True,5.0,52,0,0.8400000000000001,0.5
661-44-3953,2024-08-20 05:56:00,S,Dowers,M,6,Pacific Islander,No Referral,True,5.0,48,0,0.76,0.5
181-54-1004,2024-07-20 19:06:00,D,McGriele,M,57,Pacific Islander,No Referral,True,6.0,45,0,0.7,0.6000000000000001
879-53-1158,2024-04-07 11:05:00,O,Dablin,M,20,Pacific Islander,No Referral,True,6.0,28,0,0.36000000000000004,0.6000000000000001
765-95-6521,2024-08-17 03:22:00,T,Le Clercq,M,29,Pacific Islander,No Referral,True,6.0,47,0,0.74,0.6000000000000001
110-12-8128,2023-05-22 09:49:00,D,Scoates,M,79,Pacific Islander,No Referral,True,7.0,15,1,0.09999999999999998,0.7000000000000001
226-68-1759,2024-01-15 07:21:00,U,Lacroix,M,6,Pacific Islander,No Referral,True,7.0,24,0,0.27999999999999997,0.7000000000000001
424-92-9339,2023-06-27 17:24:00,D,Delle,M,12,Pacific Islander,No Referral,True,8.0,57,0,0.9400000000000002,0.8
495-10-9893,2024-10-15 09:20:00,X,Suddell,M,77,Pacific Islander,No Referral,True,8.0,42,0,0.6399999999999999,0.8
592-27-7357,2023-06-07 00:21:00,I,Schimaschke,M,49,Pacific Islander,No Referral,True,9.0,40,0,0.6000000000000001,0.9
567-70-5803,2023-07-16 13:45:00,N,McCrackan,M,9,Pacific Islander,No Referral,True,9.0,14,0,0.08000000000000002,0.9
303-39-9969,2023-11-21 11:42:00,T,Thor,M,48,Pacific Islander,No Referral,True,10.0,22,0,0.24,1.0
809-23-9007,2024-01-23 20:01:00,A,Cortes,M,50,Pacific Islander,Orthopedics,True,5.0,29,0,0.37999999999999995,0.5
155-01-1799,2024-01-14 10:55:00,K,Grew,M,74,Pacific Islander,Orthopedics,True,5.0,15,0,0.09999999999999998,0.5
588-38-4885,2023-07-14 23:56:00,V,Dinnis,M,53,Pacific Islander,Orthopedics,True,5.0,30,0,0.39999999999999997,0.5
337-14-0634,2023-06-03 03:16:00,W,Vittel,M,28,Pacific Islander,Orthopedics,True,5.0,46,0,0.72,0.5
399-11-0047,2024-03-16 13:53:00,X,Gilvary,M,39,Pacific Islander,Orthopedics,True,5.0,47,0,0.74,0.5
895-70-7727,2024-02-11 14:20:00,Z,Yelden,M,72,Pacific Islander,Orthopedics,True,9.0,47,0,0.74,0.9
176-46-1817,2023-09-13 14:35:00,M,Eadmeades,M,38,Pacific Islander,Physiotherapy,True,5.0,47,0,0.74,0.5
702-97-4064,2023-08-27 10:59:00,V,Sawell,M,19,Pacific Islander,Physiotherapy,True,5.0,17,0,0.14,0.5
615-61-7861,2023-10-15 05:01:00,Z,Skace,M,5,Pacific Islander,Renal,True,5.0,47,0,0.74,0.5
852-85-0197,2024-07-15 08:54:00,D,Shephard,M,12,Pacific Islander,Renal,True,3.0,41,0,0.6200000000000001,0.30000000000000004
859-35-4402,2024-04-03 22:25:00,H,Wyburn,M,1,Pacific Islander,Renal,True,8.0,31,0,0.42,0.8
857-51-1030,2024-10-12 19:14:00,B,Andreaccio,M,1,Two or More Races,Cardiology,True,5.0,14,0,0.08000000000000002,0.5
663-89-8918,2024-04-20 07:34:00,D,Hulett,M,49,Two or More Races,Cardiology,True,5.0,20,0,0.2,0.5
502-80-8807,2023-10-30 06:12:00,F,Querrard,M,68,Two or More Races,Cardiology,True,5.0,23,0,0.26,0.5
895-41-3196,2024-06-04 22:09:00,H,Mattersley,M,74,Two or More Races,Cardiology,True,5.0,44,0,0.6799999999999999,0.5
549-91-4321,2024-10-06 04:12:00,P,Puleque,M,53,Two or More Races,Cardiology,True,5.0,10,0,0.0,0.5
406-87-8281,2024-10-03 22:35:00,R,Langelaan,M,73,Two or More Races,Cardiology,True,5.0,28,0,0.36000000000000004,0.5
207-41-0142,2023-08-01 17:37:00,Y,Chatto,M,76,Two or More Races,Cardiology,True,5.0,33,0,0.46,0.5
382-51-7784,2023-08-24 12:30:00,E,Simon,M,18,Two or More Races,Cardiology,True,0.0,11,0,0.01999999999999999,0.0
766-20-3662,2023-04-01 01:13:00,N,Sparsholt,M,60,Two or More Races,Cardiology,True,1.0,35,0,0.5,0.1
297-60-2643,2023-04-06 20:24:00,K,Aron,M,37,Two or More Races,Cardiology,True,3.0,31,0,0.42,0.30000000000000004
229-16-0094,2023-05-11 19:02:00,E,Payle,M,63,Two or More Races,Cardiology,True,7.0,56,1,0.9200000000000002,0.7000000000000001
153-91-6324,2024-09-18 20:24:00,B,Vittle,M,37,Two or More Races,Gastroenterology,True,5.0,47,0,0.74,0.5
228-69-8026,2024-10-16 09:47:00,D,Dives,M,68,Two or More Races,Gastroenterology,True,5.0,18,0,0.15999999999999998,0.5
722-51-5042,2023-06-04 10:40:00,D,Vinas,M,71,Two or More Races,Gastroenterology,True,5.0,43,0,0.6599999999999999,0.5
602-05-7479,2023-10-06 09:55:00,A,Ambrogioni,M,12,Two or More Races,Gastroenterology,True,6.0,44,0,0.6799999999999999,0.6000000000000001
638-72-2352,2023-06-06 06:44:00,L,Bramelt,M,3,Two or More Races,Gastroenterology,True,6.0,25,0,0.3,0.6000000000000001
250-95-9552,2023-11-13 13:38:00,H,Archambault,M,72,Two or More Races,Gastroenterology,True,8.0,27,0,0.34,0.8
716-39-5317,2024-08-27 05:00:00,A,Penhalurick,M,14,Two or More Races,General Practice,True,5.0,49,0,0.78,0.5
220-58-2901,2023-12-22 15:47:00,B,Kilpatrick,M,26,Two or More Races,General Practice,True,5.0,44,0,0.6799999999999999,0.5
861-54-8231,2023-05-25 05:24:00,B,Tesh,M,6,Two or More Races,General Practice,True,5.0,49,1,0.78,0.5
421-84-3059,2024-02-25 17:52:00,C,Earry,M,37,Two or More Races,General Practice,True,5.0,39,0,0.5800000000000001,0.5
710-20-0028,2023-10-10 12:18:00,C,Driver,M,23,Two or More Races,General Practice,True,5.0,47,0,0.74,0.5
175-65-4422,2024-07-06 22:35:00,C,Skeemor,M,56,Two or More Races,General Practice,True,5.0,49,0,0.78,0.5
425-53-3080,2024-07-10 00:09:00,D,Hardisty,M,10,Two or More Races,General Practice,True,5.0,13,0,0.06,0.5
405-98-3403,2024-05-09 11:33:00,D,Clempton,M,27,Two or More Races,General Practice,True,5.0,30,0,0.39999999999999997,0.5
480-76-1082,2023-10-04 01:28:00,E,Weildish,M,30,Two or More Races,General Practice,True,5.0,33,0,0.46,0.5
732-87-8678,2023-10-16 12:37:00,F,Clubb,M,52,Two or More Races,General Practice,True,5.0,12,0,0.03999999999999998,0.5
726-23-2278,2023-11-12 19:49:00,G,Downes,M,63,Two or More Races,General Practice,True,5.0,14,0,0.08000000000000002,0.5
155-30-0799,2024-06-03 22:56:00,G,Trever,M,65,Two or More Races,General Practice,True,5.0,25,0,0.3,0.5
318-43-6176,2023-11-12 13:34:00,G,Yvens,M,12,Two or More Races,General Practice,True,5.0,27,0,0.34,0.5
181-93-2611,2024-02-10 09:31:00,G,Molan,M,42,Two or More Races,General Practice,True,5.0,53,0,0.8600000000000001,0.5
324-26-0684,2023-11-07 22:01:00,H,Burston,M,35,Two or More Races,General Practice,True,5.0,16,0,0.12,0.5
123-98-9698,2024-01-18 14:36:00,H,Wetherburn,M,2,Two or More Races,General Practice,True,5.0,33,0,0.46,0.5
105-90-4686,2023-05-09 03:26:00,I,Matheson,M,5,Two or More Races,General Practice,True,5.0,13,1,0.06,0.5
754-29-7388,2024-10-19 07:31:00,I,Somerville,M,22,Two or More Races,General Practice,True,5.0,16,0,0.12,0.5
569-93-6173,2024-05-17 05:36:00,K,Hurl,M,71,Two or More Races,General Practice,True,5.0,16,0,0.12,0.5
282-10-7870,2024-06-28 00:31:00,K,Crosham,M,27,Two or More Races,General Practice,True,5.0,51,0,0.8200000000000001,0.5
141-76-1186,2024-07-07 18:32:00,K,Alentyev,M,51,Two or More Races,General Practice,True,5.0,52,0,0.8400000000000001,0.5
142-42-6161,2023-10-04 18:57:00,K,McKeon,M,39,Two or More Races,General Practice,True,5.0,57,0,0.9400000000000002,0.5
418-54-2363,2024-03-16 10:53:00,L,Badsworth,M,41,Two or More Races,General Practice,True,5.0,20,0,0.2,0.5
271-54-8655,2024-01-14 15:15:00,L,MacGahy,M,43,Two or More Races,General Practice,True,5.0,49,0,0.78,0.5
676-01-7454,2024-10-01 14:28:00,N,Snowball,M,73,Two or More Races,General Practice,True,5.0,41,0,0.6200000000000001,0.5
305-51-3246,2023-06-14 00:16:00,O,Grayshon,M,27,Two or More Races,General Practice,True,5.0,16,0,0.12,0.5
679-31-9861,2024-10-09 19:47:00,O,Powys,M,48,Two or More Races,General Practice,True,5.0,17,0,0.14,0.5
401-73-9481,2024-07-03 19:55:00,P,Ivanilov,M,19,Two or More Races,General Practice,True,5.0,12,0,0.03999999999999998,0.5
429-16-7013,2024-01-16 16:09:00,Q,Chalk,M,79,Two or More Races,General Practice,True,5.0,11,0,0.01999999999999999,0.5
103-67-8893,2024-07-16 13:41:00,Q,Eddington,M,36,Two or More Races,General Practice,True,5.0,36,0,0.52,0.5
393-70-5356,2024-07-14 23:53:00,Q,Buzzing,M,70,Two or More Races,General Practice,True,5.0,42,0,0.6399999999999999,0.5
166-36-5523,2023-04-27 07:15:00,R,Claiden,M,70,Two or More Races,General Practice,True,5.0,17,0,0.14,0.5
239-35-8156,2024-05-04 17:24:00,R,Aikin,M,27,Two or More Races,General Practice,True,5.0,39,0,0.5800000000000001,0.5
412-75-9383,2024-02-10 22:07:00,R,Potzold,M,64,Two or More Races,General Practice,True,5.0,46,0,0.72,0.5
419-92-1735,2024-02-10 11:00:00,R,McNeice,M,15,Two or More Races,General Practice,True,5.0,57,0,0.9400000000000002,0.5
436-04-4586,2024-02-10 02:23:00,T,Himpson,M,42,Two or More Races,General Practice,True,5.0,17,0,0.14,0.5
316-16-8848,2023-04-28 20:10:00,T,Andree,M,29,Two or More Races,General Practice,True,5.0,23,0,0.26,0.5
349-09-0489,2024-03-07 20:17:00,U,Bondar,M,24,Two or More Races,General Practice,True,5.0,10,0,0.0,0.5
709-66-0043,2024-04-27 05:13:00,U,Salle,M,31,Two or More Races,General Practice,True,5.0,15,0,0.09999999999999998,0.5
292-74-3783,2023-11-12 20:13:00,W,Ferrillio,M,31,Two or More Races,General Practice,True,5.0,23,0,0.26,0.5
719-68-0598,2023-07-27 05:43:00,W,Lindmark,M,25,Two or More Races,General Practice,True,5.0,30,0,0.39999999999999997,0.5
796-61-3221,2023-06-10 20:29:00,X,Grealy,M,11,Two or More Races,General Practice,True,5.0,24,0,0.27999999999999997,0.5
195-11-7509,2024-01-18 10:58:00,X,McEachern,M,31,Two or More Races,General Practice,True,5.0,28,0,0.36000000000000004,0.5
721-80-6855,2024-03-11 05:27:00,Y,Borgne,M,67,Two or More Races,General Practice,True,5.0,25,0,0.3,0.5
566-48-5826,2024-01-09 15:08:00,Z,Cloonan,M,49,Two or More Races,General Practice,True,5.0,14,0,0.08000000000000002,0.5
380-82-8989,2023-09-26 07:21:00,Z,Glantz,M,57,Two or More Races,General Practice,True,5.0,40,0,0.6000000000000001,0.5
587-82-5849,2023-04-05 22:19:00,G,Bierling,M,2,Two or More Races,General Practice,True,0.0,44,0,0.6799999999999999,0.0
555-74-8070,2024-02-07 22:04:00,N,Baxstare,M,44,Two or More Races,General Practice,True,0.0,32,0,0.44,0.0
510-36-0741,2024-06-06 09:38:00,Z,Lunck,M,22,Two or More Races,General Practice,True,0.0,41,0,0.6200000000000001,0.0
445-42-6045,2023-09-08 18:53:00,B,Farrimond,M,60,Two or More Races,General Practice,True,1.0,43,0,0.6599999999999999,0.1
649-49-0692,2024-07-14 07:14:00,G,Merrall,M,46,Two or More Races,General Practice,True,1.0,25,0,0.3,0.1
348-11-5757,2023-10-05 11:28:00,L,Gregs,M,50,Two or More Races,General Practice,True,2.0,50,0,0.8,0.2
548-95-2382,2024-07-20 05:47:00,U,Kopelman,M,14,Two or More Races,General Practice,True,3.0,48,0,0.76,0.30000000000000004
876-14-0295,2024-02-01 20:53:00,E,Bellhouse,M,21,Two or More Races,General Practice,True,4.0,36,0,0.52,0.4
744-88-0950,2023-11-02 02:37:00,W,Grove,M,79,Two or More Races,General Practice,True,4.0,38,0,0.56,0.4
880-69-4561,2023-06-18 02:07:00,F,Felgate,M,40,Two or More Races,General Practice,True,5.0,15,0,0.09999999999999998,0.5
682-63-0450,2024-09-30 11:11:00,G,Classen,M,78,Two or More Races,General Practice,True,6.0,49,0,0.78,0.6000000000000001
301-72-7069,2023-06-21 12:34:00,M,Mathou,M,41,Two or More Races,General Practice,True,7.0,18,0,0.15999999999999998,0.7000000000000001
611-16-6180,2024-06-24 07:46:00,R,Berriman,M,25,Two or More Races,General Practice,True,9.0,42,0,0.6399999999999999,0.9
618-76-9696,2024-10-30 22:10:00,I,Rummins,M,7,Two or More Races,General Practice,True,10.0,15,0,0.09999999999999998,1.0
712-60-2372,2023-11-23 17:41:00,B,Ballam,M,14,Two or More Races,Neurology,True,5.0,45,0,0.7,0.5
569-40-2069,2023-06-25 07:54:00,K,Drakes,M,19,Two or More Races,Neurology,True,5.0,32,0,0.44,0.5
688-30-7138,2023-12-09 02:43:00,L,Zanini,M,58,Two or More Races,Neurology,True,5.0,46,0,0.72,0.5
844-61-5242,2023-07-11 20:49:00,Q,Berkelay,M,78,Two or More Races,Neurology,True,5.0,23,0,0.26,0.5
123-43-5587,2024-10-30 09:34:00,S,Chrystal,M,26,Two or More Races,Neurology,True,5.0,36,0,0.52,0.5
434-60-8489,2023-08-18 15:45:00,V,Whittall,M,47,Two or More Races,Neurology,True,5.0,23,0,0.26,0.5
658-77-1140,2024-09-24 09:48:00,V,Aspinal,M,22,Two or More Races,Neurology,True,3.0,58,0,0.96,0.30000000000000004
473-65-5369,2023-10-02 04:20:00,N,Loader,M,54,Two or More Races,No Referral,True,0.0,26,0,0.32,0.0
383-99-2729,2024-03-11 08:36:00,P,Waymont,M,77,Two or More Races,No Referral,True,0.0,43,0,0.6599999999999999,0.0
785-67-8305,2024-03-09 02:26:00,S,Bowler,M,2,Two or More Races,No Referral,True,0.0,29,0,0.37999999999999995,0.0
569-71-9134,2023-06-28 06:57:00,S,Dottrell,M,2,Two or More Races,No Referral,True,0.0,60,0,1.0,0.0
880-92-3850,2024-01-14 05:56:00,A,Lyne,M,38,Two or More Races,No Referral,True,1.0,37,0,0.54,0.1
116-72-8706,2024-07-08 23:11:00,B,Martinson,M,73,Two or More Races,No Referral,True,1.0,20,0,0.2,0.1
284-29-3382,2023-06-05 19:33:00,J,Drew-Clifton,M,25,Two or More Races,No Referral,True,1.0,35,0,0.5,0.1
780-41-8910,2023-10-04 13:54:00,N,Storton,M,18,Two or More Races,No Referral,True,1.0,15,0,0.09999999999999998,0.1
480-89-1845,2024-02-14 05:28:00,O,Purcer,M,77,Two or More Races,No Referral,True,1.0,12,0,0.03999999999999998,0.1
615-95-1605,2023-12-29 23:57:00,A,Dulwich,M,48,Two or More Races,No Referral,True,3.0,37,0,0.54,0.30000000000000004
669-65-6281,2023-06-12 22:07:00,H,Phillip,M,9,Two or More Races,No Referral,True,3.0,13,0,0.06,0.30000000000000004
202-24-9835,2024-06-10 05:38:00,U,Delnevo,M,55,Two or More Races,No Referral,True,3.0,39,0,0.5800000000000001,0.30000000000000004
463-20-0140,2024-06-09 13:50:00,V,Devereux,M,28,Two or More Races,No Referral,True,3.0,44,0,0.6799999999999999,0.30000000000000004
482-71-0293,2023-06-28 23:10:00,M,Crudge,M,10,Two or More Races,No Referral,True,4.0,45,0,0.7,0.4
660-02-3659,2024-01-11 14:10:00,N,Danilchik,M,60,Two or More Races,No Referral,True,4.0,27,0,0.34,0.4
205-98-5561,2023-09-22 14:33:00,V,Mazzilli,M,26,Two or More Races,No Referral,True,4.0,56,0,0.9200000000000002,0.4
481-53-7133,2024-06-11 07:28:00,X,Willoughey,M,4,Two or More Races,No Referral,True,4.0,18,0,0.15999999999999998,0.4
854-98-6409,2024-04-27 14:38:00,C,Tidbold,M,56,Two or More Races,No Referral,True,5.0,30,0,0.39999999999999997,0.5
716-30-8175,2023-06-24 09:39:00,K,Marchello,M,49,Two or More Races,No Referral,True,5.0,51,0,0.8200000000000001,0.5
821-22-4619,2023-06-23 22:59:00,W,Lalor,M,58,Two or More Races,No Referral,True,5.0,11,0,0.01999999999999999,0.5
863-56-7331,2024-06-03 22:03:00,C,Sharper,M,79,Two or More Races,No Referral,True,6.0,58,0,0.96,0.6000000000000001
279-58-2148,2024-08-31 08:06:00,L,Beeble,M,36,Two or More Races,No Referral,True,6.0,22,0,0.24,0.6000000000000001
199-68-5630,2024-08-15 10:43:00,L,McIlharga,M,60,Two or More Races,No Referral,True,6.0,42,0,0.6399999999999999,0.6000000000000001
870-58-8114,2024-06-28 16:18:00,M,Works,M,49,Two or More Races,No Referral,True,6.0,13,0,0.06,0.6000000000000001
301-26-2921,2023-06-04 14:26:00,N,Orfeur,M,25,Two or More Races,No Referral,True,6.0,27,0,0.34,0.6000000000000001
589-78-2886,2023-12-15 02:53:00,R,Spafford,M,69,Two or More Races,No Referral,True,6.0,41,0,0.6200000000000001,0.6000000000000001
500-49-4724,2024-06-15 23:16:00,X,Lipprose,M,49,Two or More Races,No Referral,True,6.0,24,0,0.27999999999999997,0.6000000000000001
778-11-6117,2023-07-17 16:51:00,I,Bulward,M,70,Two or More Races,No Referral,True,7.0,55,0,0.9000000000000001,0.7000000000000001
661-57-2793,2023-07-08 00:24:00,W,Clinnick,M,35,Two or More Races,No Referral,True,7.0,27,0,0.34,0.7000000000000001
781-76-4333,2023-04-30 03:28:00,A,Frisdick,M,25,Two or More Races,No Referral,True,8.0,53,0,0.8600000000000001,0.8
668-63-4361,2023-07-21 06:54:00,E,Pearde,M,24,Two or More Races,No Referral,True,8.0,27,0,0.34,0.8
364-59-6845,2024-07-19 05:43:00,M,Stopps,M,60,Two or More Races,No Referral,True,8.0,15,0,0.09999999999999998,0.8
723-80-5184,2023-11-09 02:35:00,Q,Cranstone,M,60,Two or More Races,No Referral,True,8.0,20,0,0.2,0.8
676-37-4447,2024-04-04 20:09:00,R,Jiras,M,51,Two or More Races,No Referral,True,8.0,54,0,0.8800000000000001,0.8
155-97-7139,2024-04-24 16:30:00,V,Baseggio,M,33,Two or More Races,No Referral,True,8.0,47,0,0.74,0.8
236-16-8116,2023-09-30 15:16:00,X,Ert,M,41,Two or More Races,No Referral,True,8.0,20,0,0.2,0.8
501-36-6469,2024-04-24 11:15:00,Z,Gandar,M,22,Two or More Races,No Referral,True,8.0,19,0,0.18,0.8
852-57-5816,2024-03-28 23:43:00,D,Sphinxe,M,14,Two or More Races,No Referral,True,9.0,10,0,0.0,0.9
633-04-8648,2023-09-29 05:57:00,M,Paolino,M,74,Two or More Races,No Referral,True,9.0,59,0,0.98,0.9
156-85-7175,2024-05-16 17:24:00,S,Bumby,M,41,Two or More Races,No Referral,True,9.0,51,0,0.8200000000000001,0.9
638-94-7394,2023-11-30 15:49:00,D,MacTeague,M,37,Two or More Races,No Referral,True,10.0,45,0,0.7,1.0
840-81-0704,2024-09-30 05:08:00,Q,McGinlay,M,13,Two or More Races,No Referral,True,10.0,27,0,0.34,1.0
591-32-2487,2024-03-21 01:07:00,U,Kitchingman,M,65,Two or More Races,No Referral,True,10.0,48,0,0.76,1.0
894-14-7789,2024-03-06 17:06:00,X,Renzo,M,61,Two or More Races,No Referral,True,10.0,20,0,0.2,1.0
357-69-5446,2024-01-03 05:57:00,A,Huetson,M,41,Two or More Races,Orthopedics,True,5.0,57,0,0.9400000000000002,0.5
769-78-1792,2023-08-29 06:20:00,B,Mordie,M,33,Two or More Races,Orthopedics,True,5.0,24,0,0.27999999999999997,0.5
160-36-8458,2024-06-24 23:36:00,B,Fredi,M,49,Two or More Races,Orthopedics,True,5.0,60,0,1.0,0.5
615-29-6442,2024-06-17 22:49:00,E,Statersfield,M,8,Two or More Races,Orthopedics,True,5.0,25,0,0.3,0.5
822-88-4417,2024-02-05 01:40:00,E,Bertenshaw,M,33,Two or More Races,Orthopedics,True,5.0,35,0,0.5,0.5
182-69-5382,2024-09-04 02:17:00,F,Lott,M,21,Two or More Races,Orthopedics,True,5.0,12,0,0.03999999999999998,0.5
129-10-3775,2023-06-22 13:44:00,G,Blaydon,M,11,Two or More Races,Orthopedics,True,5.0,20,0,0.2,0.5
691-51-1570,2023-09-27 10:09:00,G,Yitzhak,M,44,Two or More Races,Orthopedics,True,5.0,35,0,0.5,0.5
270-64-7975,2024-07-07 18:36:00,G,Gunston,M,11,Two or More Races,Orthopedics,True,5.0,40,0,0.6000000000000001,0.5
818-07-9151,2024-08-20 17:49:00,G,Trengrouse,M,15,Two or More Races,Orthopedics,True,5.0,42,0,0.6399999999999999,0.5
118-25-0553,2023-11-29 05:42:00,I,Titta,M,3,Two or More Races,Orthopedics,True,5.0,50,0,0.8,0.5
555-22-1922,2023-05-31 07:33:00,J,Layne,M,4,Two or More Races,Orthopedics,True,5.0,19,1,0.18,0.5
534-62-6569,2023-09-15 05:04:00,K,Gaudon,M,13,Two or More Races,Orthopedics,True,5.0,24,0,0.27999999999999997,0.5
372-37-2243,2024-09-22 11:05:00,L,Berendsen,M,22,Two or More Races,Orthopedics,True,5.0,20,0,0.2,0.5
327-24-4976,2023-07-12 23:26:00,L,Kearns,M,39,Two or More Races,Orthopedics,True,5.0,24,0,0.27999999999999997,0.5
172-88-9711,2024-01-12 21:21:00,L,Fricke,M,61,Two or More Races,Orthopedics,True,5.0,37,0,0.54,0.5
854-70-8374,2023-08-17 20:50:00,M,Gumary,M,13,Two or More Races,Orthopedics,True,5.0,50,0,0.8,0.5
886-46-5748,2023-08-16 22:54:00,O,Conneely,M,19,Two or More Races,Orthopedics,True,5.0,45,0,0.7,0.5
402-85-5587,2024-01-13 04:08:00,P,Biggen,M,26,Two or More Races,Orthopedics,True,5.0,42,0,0.6399999999999999,0.5
140-92-4110,2023-07-09 02:15:00,R,Woolger,M,45,Two or More Races,Orthopedics,True,5.0,12,0,0.03999999999999998,0.5
690-03-4668,2024-08-03 01:27:00,T,Stonard,M,61,Two or More Races,Orthopedics,True,5.0,18,0,0.15999999999999998,0.5
793-25-4580,2024-01-21 15:36:00,T,Chellenham,M,78,Two or More Races,Orthopedics,True,5.0,23,0,0.26,0.5
679-23-8667,2024-03-27 06:32:00,T,Southernwood,M,67,Two or More Races,Orthopedics,True,5.0,58,0,0.96,0.5
458-91-1637,2024-01-27 00:58:00,V,Shrimpton,M,30,Two or More Races,Orthopedics,True,5.0,15,0,0.09999999999999998,0.5
293-25-8403,2023-10-05 17:47:00,W,Renn,M,25,Two or More Races,Orthopedics,True,5.0,49,0,0.78,0.5
651-85-9191,2023-05-22 20:44:00,W,Counihan,M,50,Two or More Races,Orthopedics,True,5.0,56,1,0.9200000000000002,0.5
866-83-2347,2023-11-01 10:53:00,X,Ruff,M,46,Two or More Races,Orthopedics,True,5.0,12,0,0.03999999999999998,0.5
394-04-2226,2024-07-30 22:16:00,X,Fargie,M,7,Two or More Races,Orthopedics,True,5.0,27,0,0.34,0.5
431-19-3103,2024-07-09 23:09:00,Z,Verrick,M,17,Two or More Races,Orthopedics,True,5.0,17,0,0.14,0.5
475-97-6923,2023-09-07 00:03:00,Z,Aliman,M,45,Two or More Races,Orthopedics,True,5.0,39,0,0.5800000000000001,0.5
713-89-1201,2023-12-18 16:00:00,P,Ringer,M,31,Two or More Races,Orthopedics,True,0.0,26,0,0.32,0.0
496-61-3003,2024-09-26 10:01:00,O,Hayter,M,39,Two or More Races,Orthopedics,True,2.0,21,0,0.21999999999999997,0.2
589-73-5235,2023-10-30 17:11:00,V,Evenden,M,23,Two or More Races,Orthopedics,True,2.0,16,0,0.12,0.2
660-54-4475,2023-05-02 06:00:00,U,Duffill,M,34,Two or More Races,Orthopedics,True,5.0,45,1,0.7,0.5
651-53-5303,2023-10-13 09:54:00,Y,Deary,M,65,Two or More Races,Orthopedics,True,5.0,25,0,0.3,0.5
839-14-7913,2023-08-05 18:58:00,K,Liddiard,M,53,Two or More Races,Orthopedics,True,7.0,35,0,0.5,0.7000000000000001
464-93-5592,2024-03-30 10:13:00,P,Caslane,M,33,Two or More Races,Orthopedics,True,7.0,19,0,0.18,0.7000000000000001
408-38-1483,2023-12-18 20:16:00,R,Canfer,M,66,Two or More Races,Orthopedics,True,7.0,39,0,0.5800000000000001,0.7000000000000001
752-04-6939,2023-12-16 20:06:00,P,Ballintyne,M,64,Two or More Races,Orthopedics,True,8.0,11,0,0.01999999999999999,0.8
776-20-3570,2023-07-27 02:13:00,H,Grigoliis,M,76,Two or More Races,Orthopedics,True,9.0,44,0,0.6799999999999999,0.9
785-59-9671,2024-02-08 18:52:00,U,Mapston,M,35,Two or More Races,Orthopedics,True,9.0,42,0,0.6399999999999999,0.9
494-29-1509,2024-08-30 02:12:00,V,Dawdary,M,36,Two or More Races,Orthopedics,True,9.0,23,0,0.26,0.9
344-30-6145,2024-01-08 18:39:00,Q,Hardaker,M,64,Two or More Races,Orthopedics,True,10.0,21,0,0.21999999999999997,1.0
514-50-5992,2023-09-16 13:45:00,Q,Toffler,M,9,Two or More Races,Orthopedics,True,10.0,41,0,0.6200000000000001,1.0
225-31-4539,2024-08-23 16:34:00,W,Wisby,M,56,Two or More Races,Orthopedics,True,10.0,60,0,1.0,1.0
878-88-0557,2023-06-29 16:39:00,L,Krzysztof,M,66,Two or More Races,Physiotherapy,True,5.0,22,0,0.24,0.5
675-28-6083,2024-01-04 05:36:00,P,Straine,M,33,Two or More Races,Physiotherapy,True,5.0,60,0,1.0,0.5
508-01-3723,2023-05-16 09:59:00,T,Baudasso,M,42,Two or More Races,Physiotherapy,True,5.0,35,1,0.5,0.5
406-91-4923,2023-04-19 15:29:00,W,Moules,M,63,Two or More Races,Physiotherapy,True,5.0,14,0,0.08000000000000002,0.5
115-79-7016,2024-03-12 11:53:00,W,Fraser,M,24,Two or More Races,Physiotherapy,True,5.0,57,0,0.9400000000000002,0.5
408-31-6363,2023-04-13 23:14:00,A,Stowe,M,42,Two or More Races,Physiotherapy,True,6.0,20,0,0.2,0.6000000000000001
227-48-3082,2023-10-23 17:44:00,G,Frantz,M,29,Two or More Races,Physiotherapy,True,8.0,15,0,0.09999999999999998,0.8
141-29-4628,2024-05-18 08:54:00,G,Nisius,M,10,Two or More Races,Renal,True,5.0,55,0,0.9000000000000001,0.5
526-88-1708,2024-05-13 02:37:00,V,Vakhlov,M,51,Two or More Races,Renal,True,5.0,33,0,0.46,0.5
501-27-9080,2023-04-24 04:56:00,A,Wyard,M,39,White,Cardiology,True,5.0,48,0,0.76,0.5
433-30-7441,2024-06-07 10:43:00,E,Binham,M,37,White,Cardiology,True,5.0,12,0,0.03999999999999998,0.5
526-81-5714,2023-04-15 23:11:00,F,Congrave,M,4,White,Cardiology,True,5.0,12,0,0.03999999999999998,0.5
887-82-9940,2024-08-10 20:56:00,J,Sealy,M,60,White,Cardiology,True,5.0,21,0,0.21999999999999997,0.5
783-67-0223,2023-11-18 01:43:00,L,Gullane,M,30,White,Cardiology,True,5.0,56,0,0.9200000000000002,0.5
705-01-0507,2023-07-13 02:59:00,L,Arthurs,M,5,White,Cardiology,True,5.0,58,0,0.96,0.5
115-32-2532,2024-02-16 21:45:00,P,Bowker,M,31,White,Cardiology,True,5.0,29,0,0.37999999999999995,0.5
205-08-4156,2024-01-14 08:29:00,Q,Tschirasche,M,20,White,Cardiology,True,5.0,30,0,0.39999999999999997,0.5
310-36-1997,2024-01-08 19:56:00,S,Rennicks,M,69,White,Cardiology,True,5.0,34,0,0.48000000000000004,0.5
432-48-3598,2023-10-18 22:45:00,V,Georgins,M,77,White,Cardiology,True,5.0,46,0,0.72,0.5
843-67-2984,2024-04-27 18:21:00,F,Maplestone,M,28,White,Cardiology,True,0.0,58,0,0.96,0.0
183-15-3162,2023-09-30 08:36:00,H,Finby,M,75,White,Cardiology,True,5.0,23,0,0.26,0.5
635-58-7242,2024-08-22 09:47:00,W,Lancley,M,23,White,Cardiology,True,6.0,45,0,0.7,0.6000000000000001
243-38-7373,2024-08-25 07:17:00,B,Pool,M,27,White,Cardiology,True,7.0,38,0,0.56,0.7000000000000001
304-65-0090,2024-01-05 23:08:00,M,Caddens,M,57,White,Cardiology,True,7.0,17,0,0.14,0.7000000000000001
281-92-5130,2023-09-13 09:10:00,I,Bendix,M,53,White,Gastroenterology,True,5.0,27,0,0.34,0.5
374-86-5785,2023-05-22 23:09:00,L,MacKim,M,42,White,Gastroenterology,True,5.0,51,1,0.8200000000000001,0.5
264-56-3045,2023-11-10 08:08:00,N,Sulley,M,45,White,Gastroenterology,True,5.0,58,0,0.96,0.5
270-42-2156,2024-09-13 04:19:00,Z,Chrippes,M,32,White,Gastroenterology,True,1.0,24,0,0.27999999999999997,0.1
326-79-7662,2023-07-02 03:30:00,T,Overal,M,48,White,Gastroenterology,True,4.0,14,0,0.08000000000000002,0.4
377-92-8039,2024-02-02 14:08:00,G,Vogelein,M,61,White,Gastroenterology,True,8.0,58,0,0.96,0.8
873-79-1304,2024-01-12 10:07:00,A,Eickhoff,M,38,White,General Practice,True,5.0,23,0,0.26,0.5
881-53-4471,2024-07-23 13:40:00,A,Jacks,M,50,White,General Practice,True,5.0,41,0,0.6200000000000001,0.5
417-59-9693,2023-10-16 01:38:00,A,Gillani,M,69,White,General Practice,True,5.0,42,0,0.6399999999999999,0.5
276-21-4303,2023-07-27 06:38:00,B,Penwell,M,9,White,General Practice,True,5.0,15,0,0.09999999999999998,0.5
897-70-0488,2023-10-09 19:52:00,B,Bowmer,M,1,White,General Practice,True,5.0,26,0,0.32,0.5
862-70-5127,2023-11-25 11:09:00,B,Prandini,M,52,White,General Practice,True,5.0,47,0,0.74,0.5
792-52-7007,2023-12-09 01:06:00,B,Creasey,M,19,White,General Practice,True,5.0,53,0,0.8600000000000001,0.5
808-32-5113,2024-10-06 18:20:00,C,Ginni,M,57,White,General Practice,True,5.0,27,0,0.34,0.5
331-62-8519,2024-08-23 09:12:00,C,Embra,M,61,White,General Practice,True,5.0,28,0,0.36000000000000004,0.5
133-11-6007,2024-02-08 10:40:00,C,Shervil,M,7,White,General Practice,True,5.0,29,0,0.37999999999999995,0.5
427-86-0695,2023-12-16 05:04:00,D,Littlewood,M,64,White,General Practice,True,5.0,17,0,0.14,0.5
454-13-3336,2023-12-12 23:17:00,D,Ubank,M,57,White,General Practice,True,5.0,31,0,0.42,0.5
641-36-6818,2023-05-04 12:43:00,D,Haszard,M,67,White,General Practice,True,5.0,38,1,0.56,0.5
665-83-3965,2023-09-02 04:14:00,D,Oloshin,M,36,White,General Practice,True,5.0,49,0,0.78,0.5
163-30-8422,2023-07-22 11:39:00,E,Birdwhistell,M,17,White,General Practice,True,5.0,31,0,0.42,0.5
456-69-5853,2023-06-06 06:00:00,E,Goodfellowe,M,72,White,General Practice,True,5.0,34,0,0.48000000000000004,0.5
467-75-7746,2024-10-24 00:15:00,E,Lowsely,M,33,White,General Practice,True,5.0,50,0,0.8,0.5
875-69-0558,2023-07-06 22:41:00,E,Terrington,M,52,White,General Practice,True,5.0,50,0,0.8,0.5
634-99-3068,2024-07-28 14:16:00,E,Colbridge,M,10,White,General Practice,True,5.0,57,0,0.9400000000000002,0.5
755-45-9567,2023-07-13 15:11:00,F,Chainey,M,48,White,General Practice,True,5.0,26,0,0.32,0.5
866-62-4550,2024-01-19 08:19:00,F,McBayne,M,7,White,General Practice,True,5.0,28,0,0.36000000000000004,0.5
769-21-9746,2023-12-24 08:02:00,G,Lightbourn,M,9,White,General Practice,True,5.0,43,0,0.6599999999999999,0.5
438-20-3934,2023-06-15 09:14:00,G,Hablet,M,47,White,General Practice,True,5.0,51,0,0.8200000000000001,0.5
177-67-6738,2024-03-10 04:36:00,H,Massy,M,69,White,General Practice,True,5.0,34,0,0.48000000000000004,0.5
689-18-3885,2023-12-15 05:28:00,H,Timperley,M,59,White,General Practice,True,5.0,57,0,0.9400000000000002,0.5
808-42-3073,2024-04-20 16:30:00,J,Todari,M,65,White,General Practice,True,5.0,12,0,0.03999999999999998,0.5
686-06-2832,2024-02-08 03:13:00,J,Ghilardi,M,57,White,General Practice,True,5.0,38,0,0.56,0.5
340-91-1652,2023-06-27 11:42:00,J,Vivien,M,66,White,General Practice,True,5.0,45,0,0.7,0.5
682-32-7258,2023-04-18 04:26:00,J,Knightsbridge,M,28,White,General Practice,True,5.0,46,0,0.72,0.5
669-39-9157,2024-08-06 22:13:00,J,Boustred,M,51,White,General Practice,True,5.0,58,0,0.96,0.5
721-80-1480,2023-12-16 13:41:00,K,Golsby,M,70,White,General Practice,True,5.0,27,0,0.34,0.5
845-51-5919,2024-08-15 18:19:00,L,Hercock,M,7,White,General Practice,True,5.0,35,0,0.5,0.5
280-40-2482,2024-10-01 18:58:00,M,Wolseley,M,50,White,General Practice,True,5.0,22,0,0.24,0.5
500-68-7748,2024-06-05 22:22:00,M,Elmhirst,M,5,White,General Practice,True,5.0,25,0,0.3,0.5
443-73-2447,2023-12-02 20:03:00,M,Bradock,M,21,White,General Practice,True,5.0,27,0,0.34,0.5
295-99-2730,2023-06-01 08:42:00,M,Ingolotti,M,66,White,General Practice,True,5.0,31,0,0.42,0.5
656-95-1748,2023-05-19 19:59:00,M,Surgison,M,43,White,General Practice,True,5.0,55,1,0.9000000000000001,0.5
208-78-8201,2024-05-31 01:55:00,M,Kitchiner,M,59,White,General Practice,True,5.0,60,0,1.0,0.5
582-07-3138,2023-09-20 16:48:00,N,Bowshire,M,38,White,General Practice,True,5.0,50,0,0.8,0.5
872-59-7286,2024-06-29 06:00:00,O,Fairlaw,M,23,White,General Practice,True,5.0,11,0,0.01999999999999999,0.5
195-15-7594,2023-07-30 20:16:00,P,Smallshaw,M,28,White,General Practice,True,5.0,44,0,0.6799999999999999,0.5
618-26-1175,2024-09-26 04:32:00,P,Leyman,M,26,White,General Practice,True,5.0,53,0,0.8600000000000001,0.5
137-63-6654,2024-04-13 09:23:00,Q,Logue,M,33,White,General Practice,True,5.0,12,0,0.03999999999999998,0.5
177-31-8738,2023-09-27 07:36:00,Q,Scogin,M,38,White,General Practice,True,5.0,36,0,0.52,0.5
318-75-8375,2024-06-12 09:52:00,Q,Mesnard,M,51,White,General Practice,True,5.0,37,0,0.54,0.5
724-81-2611,2024-09-14 09:23:00,R,Ollcott,M,66,White,General Practice,True,5.0,25,0,0.3,0.5
679-41-7943,2023-04-08 00:22:00,R,Richten,M,68,White,General Practice,True,5.0,33,0,0.46,0.5
738-01-2456,2024-10-08 01:08:00,R,Portam,M,1,White,General Practice,True,5.0,49,0,0.78,0.5
533-11-5273,2023-04-06 14:55:00,R,Giacopello,M,11,White,General Practice,True,5.0,51,0,0.8200000000000001,0.5
890-40-4074,2024-09-22 02:44:00,R,Akam,M,26,White,General Practice,True,5.0,57,0,0.9400000000000002,0.5
886-56-4454,2024-03-06 10:50:00,T,Gatteridge,M,34,White,General Practice,True,5.0,21,0,0.21999999999999997,0.5
559-96-7506,2024-09-25 23:37:00,T,Serle,M,17,White,General Practice,True,5.0,22,0,0.24,0.5
343-44-5828,2023-06-24 06:09:00,T,Sykora,M,39,White,General Practice,True,5.0,37,0,0.54,0.5
498-71-1583,2023-10-15 20:06:00,U,Haken,M,18,White,General Practice,True,5.0,13,0,0.06,0.5
273-38-6262,2024-04-04 13:03:00,U,Heyburn,M,11,White,General Practice,True,5.0,26,0,0.32,0.5
448-09-4952,2024-06-18 13:24:00,U,Tease,M,74,White,General Practice,True,5.0,46,0,0.72,0.5
426-75-5201,2023-10-08 07:07:00,V,Beckitt,M,1,White,General Practice,True,5.0,11,0,0.01999999999999999,0.5
232-09-9829,2024-09-13 13:37:00,V,Kinzel,M,12,White,General Practice,True,5.0,16,0,0.12,0.5
706-28-9466,2023-07-18 05:01:00,V,Pyke,M,60,White,General Practice,True,5.0,34,0,0.48000000000000004,0.5
654-95-0119,2024-08-06 09:57:00,W,Joselin,M,15,White,General Practice,True,5.0,19,0,0.18,0.5
265-67-6171,2024-08-10 18:37:00,W,Tompkinson,M,53,White,General Practice,True,5.0,19,0,0.18,0.5
708-38-2408,2024-06-13 20:24:00,W,Bust,M,75,White,General Practice,True,5.0,52,0,0.8400000000000001,0.5
452-23-4397,2023-09-08 07:23:00,X,Wallwood,M,43,White,General Practice,True,5.0,12,0,0.03999999999999998,0.5
264-87-9312,2023-07-10 14:43:00,Y,Goady,M,3,White,General Practice,True,5.0,17,0,0.14,0.5
241-31-1101,2024-08-14 07:40:00,Z,O'Hartnett,M,25,White,General Practice,True,5.0,12,0,0.03999999999999998,0.5
257-76-2460,2023-08-27 06:55:00,Z,Center,M,61,White,General Practice,True,5.0,21,0,0.21999999999999997,0.5
884-78-8447,2023-07-17 18:34:00,Z,Falck,M,21,White,General Practice,True,5.0,24,0,0.27999999999999997,0.5
482-49-4853,2023-06-08 08:18:00,Z,Reaman,M,16,White,General Practice,True,5.0,51,0,0.8200000000000001,0.5
242-09-7129,2023-08-19 23:15:00,Z,Mertsching,M,36,White,General Practice,True,5.0,55,0,0.9000000000000001,0.5
598-11-7544,2024-10-04 11:04:00,X,Kuhnel,M,29,White,General Practice,True,0.0,30,0,0.39999999999999997,0.0
197-06-5889,2024-04-16 17:58:00,O,Stillert,M,76,White,General Practice,True,2.0,10,0,0.0,0.2
858-63-0712,2024-10-21 17:30:00,P,Scawen,M,5,White,General Practice,True,2.0,43,0,0.6599999999999999,0.2
736-49-0121,2023-10-16 02:36:00,Q,Bedborough,M,19,White,General Practice,True,3.0,13,0,0.06,0.30000000000000004
728-02-9993,2023-04-27 21:27:00,U,Cappell,M,43,White,General Practice,True,3.0,23,0,0.26,0.30000000000000004
782-24-4159,2023-12-15 19:36:00,X,Jaffra,M,50,White,General Practice,True,3.0,11,0,0.01999999999999999,0.30000000000000004
518-17-5917,2024-03-15 14:48:00,Y,Leathes,M,75,White,General Practice,True,3.0,43,0,0.6599999999999999,0.30000000000000004
128-48-8963,2024-09-27 03:50:00,I,Varker,M,5,White,General Practice,True,4.0,12,0,0.03999999999999998,0.4
194-48-5045,2024-09-18 08:27:00,L,Dobrowski,M,6,White,General Practice,True,4.0,13,0,0.06,0.4
120-12-5049,2024-05-21 08:48:00,O,Myers,M,40,White,General Practice,True,4.0,40,0,0.6000000000000001,0.4
278-50-0744,2024-05-13 14:58:00,V,McNellis,M,48,White,General Practice,True,4.0,12,0,0.03999999999999998,0.4
829-82-4394,2024-05-08 13:26:00,C,MacGowing,M,46,White,General Practice,True,5.0,48,0,0.76,0.5
247-10-0203,2024-01-15 03:16:00,F,Elmhirst,M,7,White,General Practice,True,5.0,23,0,0.26,0.5
375-69-3471,2024-06-07 08:47:00,I,Verrico,M,21,White,General Practice,True,5.0,47,0,0.74,0.5
400-71-7034,2024-09-19 05:13:00,P,Carrick,M,46,White,General Practice,True,5.0,14,0,0.08000000000000002,0.5
349-17-8032,2024-02-12 03:55:00,J,Milton-White,M,70,White,General Practice,True,6.0,51,0,0.8200000000000001,0.6000000000000001
248-68-6775,2024-01-05 01:44:00,W,Matlock,M,37,White,General Practice,True,6.0,14,0,0.08000000000000002,0.6000000000000001
872-56-7401,2024-01-27 07:54:00,Y,Armfield,M,53,White,General Practice,True,6.0,57,0,0.9400000000000002,0.6000000000000001
877-12-7269,2023-12-13 07:45:00,G,Churchill,M,33,White,General Practice,True,7.0,17,0,0.14,0.7000000000000001
630-70-3180,2023-04-09 13:35:00,O,Hevey,M,39,White,General Practice,True,7.0,36,0,0.52,0.7000000000000001
191-38-8114,2024-07-12 13:31:00,O,Romaines,M,52,White,General Practice,True,7.0,50,0,0.8,0.7000000000000001
101-35-7039,2024-02-08 22:15:00,T,Ganter,M,26,White,General Practice,True,7.0,56,0,0.9200000000000002,0.7000000000000001
894-47-3029,2023-04-10 16:23:00,L,McNeachtain,M,29,White,General Practice,True,8.0,48,0,0.76,0.8
104-23-2977,2024-07-29 18:56:00,O,Eslie,M,11,White,General Practice,True,8.0,29,0,0.37999999999999995,0.8
282-30-8388,2024-10-15 23:18:00,E,Ulyat,M,56,White,General Practice,True,9.0,44,0,0.6799999999999999,0.9
326-64-7528,2023-04-16 13:38:00,Q,Maskall,M,40,White,General Practice,True,9.0,15,0,0.09999999999999998,0.9
864-15-2003,2024-10-14 00:57:00,X,Exley,M,53,White,General Practice,True,9.0,44,0,0.6799999999999999,0.9
181-73-8685,2024-05-12 18:07:00,C,Seeking,M,14,White,General Practice,True,10.0,53,0,0.8600000000000001,1.0
230-08-3256,2023-07-11 09:11:00,Q,Spaice,M,35,White,General Practice,True,10.0,35,0,0.5,1.0
158-66-6113,2024-09-17 11:08:00,S,Lemmanbie,M,9,White,General Practice,True,10.0,42,0,0.6399999999999999,1.0
722-82-4175,2024-08-13 06:59:00,H,Guess,M,49,White,Neurology,True,5.0,16,0,0.12,0.5
185-30-2557,2024-08-08 01:31:00,J,Riddel,M,59,White,Neurology,True,5.0,36,0,0.52,0.5
471-40-0310,2024-09-01 07:41:00,J,Fawckner,M,1,White,Neurology,True,5.0,46,0,0.72,0.5
479-72-7618,2023-07-22 23:20:00,P,Caswill,M,76,White,Neurology,True,5.0,60,0,1.0,0.5
400-76-7705,2024-01-29 07:14:00,Y,Battleson,M,18,White,Neurology,True,5.0,18,0,0.15999999999999998,0.5
899-18-1079,2024-01-08 05:08:00,Z,Skeemer,M,25,White,Neurology,True,5.0,48,0,0.76,0.5
218-34-9028,2024-08-31 19:03:00,W,Lujan,M,52,White,Neurology,True,1.0,33,0,0.46,0.1
754-36-2288,2023-05-13 04:43:00,T,Marchment,M,30,White,Neurology,True,4.0,60,1,1.0,0.4
380-81-4560,2023-09-06 05:38:00,E,Jorio,M,41,White,Neurology,True,9.0,27,0,0.34,0.9
373-52-0135,2024-09-24 05:18:00,F,Farman,M,10,White,Neurology,True,9.0,32,0,0.44,0.9
370-15-0510,2023-04-05 09:04:00,G,Orniz,M,23,White,No Referral,True,0.0,26,0,0.32,0.0
160-14-3746,2024-07-02 22:36:00,J,Heales,M,16,White,No Referral,True,0.0,24,0,0.27999999999999997,0.0
884-39-7616,2024-04-22 20:31:00,K,Keighley,M,72,White,No Referral,True,0.0,55,0,0.9000000000000001,0.0
222-82-2788,2024-02-19 13:37:00,L,Giannazzo,M,10,White,No Referral,True,0.0,24,0,0.27999999999999997,0.0
853-37-7420,2024-07-17 05:04:00,P,Bramelt,M,12,White,No Referral,True,0.0,41,0,0.6200000000000001,0.0
269-62-2200,2024-01-02 03:22:00,W,Barzen,M,17,White,No Referral,True,0.0,51,0,0.8200000000000001,0.0
372-46-2168,2023-05-21 15:58:00,B,Deane,M,51,White,No Referral,True,1.0,39,1,0.5800000000000001,0.1
287-50-0289,2023-08-25 07:33:00,E,Whitland,M,17,White,No Referral,True,1.0,55,0,0.9000000000000001,0.1
380-36-6893,2023-12-17 04:25:00,F,Yanson,M,22,White,No Referral,True,1.0,52,0,0.8400000000000001,0.1
422-11-6911,2024-05-06 00:23:00,G,Honeyghan,M,8,White,No Referral,True,1.0,47,0,0.74,0.1
410-34-9359,2024-06-21 10:26:00,G,Francescotti,M,28,White,No Referral,True,1.0,56,0,0.9200000000000002,0.1
368-86-2432,2023-08-21 04:52:00,L,Pearsall,M,25,White,No Referral,True,1.0,33,0,0.46,0.1
280-20-5879,2023-06-25 22:24:00,L,Diggle,M,30,White,No Referral,True,1.0,39,0,0.5800000000000001,0.1
731-05-5462,2023-10-19 01:00:00,L,Barwack,M,53,White,No Referral,True,1.0,40,0,0.6000000000000001,0.1
641-35-5949,2024-08-12 03:13:00,Q,Tuffey,M,53,White,No Referral,True,1.0,38,0,0.56,0.1
521-40-0167,2023-12-29 18:57:00,V,Pluvier,M,19,White,No Referral,True,1.0,58,0,0.96,0.1
755-90-4647,2023-04-25 23:01:00,B,Gwilliam,M,67,White,No Referral,True,2.0,29,0,0.37999999999999995,0.2
672-14-9431,2024-08-17 23:48:00,C,Kent,M,5,White,No Referral,True,2.0,33,0,0.46,0.2
575-80-4899,2024-02-10 00:52:00,C,Todaro,M,76,White,No Referral,True,2.0,45,0,0.7,0.2
755-44-0318,2024-06-02 06:55:00,F,Bracco,M,58,White,No Referral,True,2.0,18,0,0.15999999999999998,0.2
189-58-3826,2023-07-05 15:07:00,G,Alekseev,M,78,White,No Referral,True,2.0,10,0,0.0,0.2
177-86-0072,2023-09-28 16:05:00,I,Moen,M,63,White,No Referral,True,2.0,13,0,0.06,0.2
209-66-6033,2023-07-05 12:30:00,I,D'Alessandro,M,50,White,No Referral,True,2.0,15,0,0.09999999999999998,0.2
767-96-1062,2023-07-14 18:53:00,M,Navarijo,M,27,White,No Referral,True,2.0,55,0,0.9000000000000001,0.2
249-65-1599,2023-05-12 13:29:00,O,Laurenceau,M,49,White,No Referral,True,2.0,55,1,0.9000000000000001,0.2
120-37-2360,2023-07-03 16:08:00,Q,Carbett,M,65,White,No Referral,True,2.0,44,0,0.6799999999999999,0.2
414-99-7136,2023-04-11 16:15:00,R,Tirrey,M,51,White,No Referral,True,2.0,53,0,0.8600000000000001,0.2
283-49-7447,2024-08-05 06:00:00,V,Rudledge,M,31,White,No Referral,True,2.0,10,0,0.0,0.2
384-16-0821,2024-09-02 11:53:00,V,James,M,13,White,No Referral,True,2.0,45,0,0.7,0.2
346-75-9980,2024-10-08 07:08:00,W,Tussaine,M,26,White,No Referral,True,2.0,34,0,0.48000000000000004,0.2
731-53-2021,2023-05-05 19:19:00,B,Shah,M,13,White,No Referral,True,3.0,20,1,0.2,0.30000000000000004
609-38-6576,2023-06-09 08:06:00,B,Harnes,M,66,White,No Referral,True,3.0,23,0,0.26,0.30000000000000004
328-99-8282,2024-07-03 09:19:00,R,Hitscher,M,29,White,No Referral,True,3.0,49,0,0.78,0.30000000000000004
705-68-8729,2024-10-14 00:55:00,V,Isoldi,M,15,White,No Referral,True,3.0,28,0,0.36000000000000004,0.30000000000000004
687-64-4420,2023-09-28 06:47:00,W,Mundall,M,13,White,No Referral,True,3.0,54,0,0.8800000000000001,0.30000000000000004
739-65-5265,2023-08-10 11:21:00,Y,Blakeman,M,12,White,No Referral,True,3.0,26,0,0.32,0.30000000000000004
100-81-9769,2024-03-09 19:26:00,Y,Moncaster,M,28,White,No Referral,True,3.0,59,0,0.98,0.30000000000000004
234-47-1462,2024-01-30 16:53:00,C,Trainer,M,7,White,No Referral,True,4.0,46,0,0.72,0.4
875-15-3130,2023-10-20 09:11:00,H,Jebb,M,29,White,No Referral,True,4.0,23,0,0.26,0.4
182-46-5147,2023-07-26 06:38:00,I,Simson,M,7,White,No Referral,True,4.0,30,0,0.39999999999999997,0.4
414-05-5287,2023-12-25 10:50:00,I,Satterley,M,57,White,No Referral,True,4.0,31,0,0.42,0.4
167-90-9984,2024-09-14 20:33:00,J,Clohissy,M,41,White,No Referral,True,4.0,51,0,0.8200000000000001,0.4
795-55-7654,2024-01-28 19:52:00,O,Garlick,M,79,White,No Referral,True,4.0,10,0,0.0,0.4
206-75-4960,2023-06-12 22:57:00,P,Meadley,M,53,White,No Referral,True,4.0,14,0,0.08000000000000002,0.4
706-14-8158,2023-10-23 10:02:00,Q,Higford,M,18,White,No Referral,True,4.0,35,0,0.5,0.4
763-76-9073,2023-11-21 03:32:00,D,Ralph,M,63,White,No Referral,True,5.0,14,0,0.08000000000000002,0.5
250-43-2257,2023-10-13 12:53:00,H,McBlain,M,27,White,No Referral,True,5.0,12,0,0.03999999999999998,0.5
120-58-8955,2023-09-13 05:30:00,N,Grayling,M,69,White,No Referral,True,5.0,10,0,0.0,0.5
721-46-0379,2024-09-16 01:53:00,N,Roots,M,15,White,No Referral,True,5.0,43,0,0.6599999999999999,0.5
807-69-0903,2023-09-01 01:54:00,T,Cocker,M,68,White,No Referral,True,5.0,15,0,0.09999999999999998,0.5
566-74-1481,2023-04-26 12:11:00,V,Clare,M,6,White,No Referral,True,5.0,10,0,0.0,0.5
387-01-8943,2023-08-20 08:40:00,X,Gadson,M,24,White,No Referral,True,5.0,21,0,0.21999999999999997,0.5
107-66-6733,2023-04-19 07:51:00,Y,Padula,M,78,White,No Referral,True,5.0,35,0,0.5,0.5
443-64-7889,2024-02-07 16:57:00,C,Ashdown,M,40,White,No Referral,True,6.0,34,0,0.48000000000000004,0.6000000000000001
759-48-2045,2023-09-10 06:13:00,K,Kerbey,M,50,White,No Referral,True,6.0,22,0,0.24,0.6000000000000001
431-26-3182,2024-10-24 19:23:00,R,Baughan,M,6,White,No Referral,True,6.0,14,0,0.08000000000000002,0.6000000000000001
412-11-8092,2024-04-15 05:04:00,S,Reid,M,41,White,No Referral,True,6.0,51,0,0.8200000000000001,0.6000000000000001
501-47-2075,2023-08-01 09:42:00,W,Dutson,M,51,White,No Referral,True,6.0,20,0,0.2,0.6000000000000001
471-56-8796,2023-12-16 04:22:00,O,Giovannardi,M,46,White,No Referral,True,7.0,49,0,0.78,0.7000000000000001
484-79-5250,2024-09-16 11:57:00,S,Joslow,M,31,White,No Referral,True,7.0,35,0,0.5,0.7000000000000001
240-81-9498,2024-05-26 03:00:00,T,Dodell,M,76,White,No Referral,True,7.0,26,0,0.32,0.7000000000000001
162-27-6936,2024-08-10 02:24:00,Z,Strood,M,50,White,No Referral,True,7.0,12,0,0.03999999999999998,0.7000000000000001
442-41-7832,2023-04-07 06:09:00,A,Nesey,M,10,White,No Referral,True,8.0,17,0,0.14,0.8
516-49-3296,2023-09-23 13:00:00,I,Whitney,M,7,White,No Referral,True,8.0,19,0,0.18,0.8
175-48-0991,2024-07-19 16:43:00,I,Safell,M,11,White,No Referral,True,8.0,46,0,0.72,0.8
619-90-9286,2024-03-08 16:02:00,O,Mateiko,M,67,White,No Referral,True,8.0,15,0,0.09999999999999998,0.8
528-29-5097,2024-02-27 03:34:00,O,Bolmann,M,67,White,No Referral,True,8.0,47,0,0.74,0.8
726-38-4364,2024-01-28 08:54:00,Q,Pickthall,M,46,White,No Referral,True,8.0,26,0,0.32,0.8
145-19-0752,2024-08-28 20:37:00,U,Cunah,M,76,White,No Referral,True,8.0,14,0,0.08000000000000002,0.8
517-78-7068,2024-07-22 02:03:00,U,Larvin,M,7,White,No Referral,True,8.0,47,0,0.74,0.8
863-45-9504,2023-11-23 08:29:00,W,Hame,M,44,White,No Referral,True,8.0,51,0,0.8200000000000001,0.8
579-19-0372,2024-04-18 13:50:00,Y,Leibold,M,39,White,No Referral,True,8.0,35,0,0.5,0.8
126-50-2838,2023-11-10 13:34:00,C,Klulik,M,2,White,No Referral,True,9.0,14,0,0.08000000000000002,0.9
785-52-4020,2023-06-26 11:10:00,C,Heintsch,M,45,White,No Referral,True,9.0,57,0,0.9400000000000002,0.9
188-25-8373,2024-07-08 13:17:00,C,Hellicar,M,47,White,No Referral,True,9.0,59,0,0.98,0.9
394-03-8280,2023-10-27 04:16:00,F,Allport,M,63,White,No Referral,True,9.0,47,0,0.74,0.9
498-09-2825,2024-06-04 23:48:00,I,Watmore,M,43,White,No Referral,True,9.0,12,0,0.03999999999999998,0.9
296-68-1456,2024-02-12 19:08:00,K,Abbati,M,48,White,No Referral,True,9.0,26,0,0.32,0.9
667-43-0137,2024-04-19 20:21:00,L,Self,M,79,White,No Referral,True,9.0,42,0,0.6399999999999999,0.9
169-60-6555,2024-02-23 21:54:00,N,Giral,M,57,White,No Referral,True,9.0,59,0,0.98,0.9
417-69-4255,2023-07-19 01:25:00,S,Prene,M,64,White,No Referral,True,9.0,16,0,0.12,0.9
649-44-3448,2023-10-21 13:35:00,Z,Worsall,M,36,White,No Referral,True,9.0,25,0,0.3,0.9
307-89-1652,2024-06-11 01:55:00,D,Eglese,M,3,White,No Referral,True,10.0,54,0,0.8800000000000001,1.0
780-44-8461,2024-05-28 11:08:00,K,Caudelier,M,79,White,No Referral,True,10.0,11,0,0.01999999999999999,1.0
428-30-2009,2024-03-28 13:01:00,K,Spurriar,M,62,White,No Referral,True,10.0,19,0,0.18,1.0
818-18-4154,2024-06-24 16:04:00,K,Gosnold,M,75,White,No Referral,True,10.0,45,0,0.7,1.0
723-69-3853,2023-10-14 09:32:00,L,Dungate,M,28,White,No Referral,True,10.0,59,0,0.98,1.0
150-72-7421,2024-05-03 03:05:00,M,Lister,M,23,White,No Referral,True,10.0,53,0,0.8600000000000001,1.0
529-55-5610,2023-09-18 09:20:00,M,Taffs,M,67,White,No Referral,True,10.0,59,0,0.98,1.0
128-42-7299,2023-06-28 03:17:00,Q,Denidge,M,16,White,No Referral,True,10.0,58,0,0.96,1.0
779-25-0290,2024-02-25 10:22:00,V,Pratten,M,70,White,No Referral,True,10.0,29,0,0.37999999999999995,1.0
243-85-2527,2023-11-17 07:36:00,W,Grummitt,M,12,White,No Referral,True,10.0,41,0,0.6200000000000001,1.0
778-04-7220,2023-05-16 11:31:00,Y,Hutfield,M,56,White,No Referral,True,10.0,12,1,0.03999999999999998,1.0
648-86-9843,2024-04-12 11:14:00,Z,Boyington,M,50,White,No Referral,True,10.0,30,0,0.39999999999999997,1.0
116-94-4270,2023-12-20 05:42:00,Z,Twiddle,M,35,White,No Referral,True,10.0,44,0,0.6799999999999999,1.0
450-09-5808,2024-08-10 22:43:00,A,Saladine,M,3,White,Orthopedics,True,5.0,31,0,0.42,0.5
744-52-3785,2024-07-19 08:58:00,A,Josuweit,M,60,White,Orthopedics,True,5.0,47,0,0.74,0.5
744-01-1240,2023-04-22 18:46:00,C,Jindrich,M,68,White,Orthopedics,True,5.0,12,0,0.03999999999999998,0.5
570-14-8462,2024-02-25 05:46:00,C,Meeland,M,24,White,Orthopedics,True,5.0,20,0,0.2,0.5
325-51-1348,2023-11-11 00:10:00,C,Wiltsher,M,33,White,Orthopedics,True,5.0,37,0,0.54,0.5
401-65-8779,2024-10-20 12:24:00,D,Timms,M,58,White,Orthopedics,True,5.0,21,0,0.21999999999999997,0.5
271-80-8403,2024-05-31 03:11:00,D,Riddoch,M,27,White,Orthopedics,True,5.0,33,0,0.46,0.5
804-04-1122,2024-02-07 12:12:00,E,Humpatch,M,79,White,Orthopedics,True,5.0,12,0,0.03999999999999998,0.5
171-10-8865,2024-08-15 22:19:00,E,Dugue,M,73,White,Orthopedics,True,5.0,38,0,0.56,0.5
402-60-5865,2024-03-04 11:09:00,E,Lovart,M,57,White,Orthopedics,True,5.0,56,0,0.9200000000000002,0.5
631-01-2994,2024-10-11 18:53:00,H,Guinan,M,67,White,Orthopedics,True,5.0,20,0,0.2,0.5
155-92-4223,2023-05-30 20:05:00,I,Sheppey,M,1,White,Orthopedics,True,5.0,14,1,0.08000000000000002,0.5
803-55-5052,2023-11-19 11:32:00,I,Vinick,M,77,White,Orthopedics,True,5.0,45,0,0.7,0.5
260-70-4444,2024-01-10 13:57:00,I,Temprell,M,46,White,Orthopedics,True,5.0,47,0,0.74,0.5
741-91-5044,2023-09-19 03:40:00,I,Dallan,M,5,White,Orthopedics,True,5.0,57,0,0.9400000000000002,0.5
313-71-4006,2024-08-30 12:06:00,I,Lamputt,M,21,White,Orthopedics,True,5.0,58,0,0.96,0.5
865-28-1195,2024-05-09 01:41:00,I,Elcy,M,66,White,Orthopedics,True,5.0,59,0,0.98,0.5
670-47-0693,2023-09-24 03:29:00,I,Stockoe,M,60,White,Orthopedics,True,5.0,60,0,1.0,0.5
544-20-1544,2024-10-22 15:41:00,K,Leyrroyd,M,31,White,Orthopedics,True,5.0,17,0,0.14,0.5
767-80-3235,2024-03-31 15:56:00,K,Jenk,M,53,White,Orthopedics,True,5.0,56,0,0.9200000000000002,0.5
302-68-9742,2024-01-13 11:39:00,L,Penylton,M,33,White,Orthopedics,True,5.0,32,0,0.44,0.5
612-69-6427,2024-05-22 02:25:00,M,Stockings,M,38,White,Orthopedics,True,5.0,38,0,0.56,0.5
454-42-3319,2024-04-12 15:04:00,O,Kneaphsey,M,27,White,Orthopedics,True,5.0,21,0,0.21999999999999997,0.5
873-58-0383,2023-12-15 11:08:00,O,Hiley,M,57,White,Orthopedics,True,5.0,23,0,0.26,0.5
721-25-3053,2024-02-17 21:50:00,O,Saffill,M,31,White,Orthopedics,True,5.0,49,0,0.78,0.5
514-16-0437,2023-05-05 18:02:00,O,Wiggin,M,36,White,Orthopedics,True,5.0,59,1,0.98,0.5
236-11-6588,2023-12-20 18:44:00,P,Kibbye,M,9,White,Orthopedics,True,5.0,17,0,0.14,0.5
383-96-0966,2023-05-14 02:21:00,Q,Archbutt,M,19,White,Orthopedics,True,5.0,34,1,0.48000000000000004,0.5
554-45-2268,2024-02-05 16:46:00,Q,Manoelli,M,71,White,Orthopedics,True,5.0,47,0,0.74,0.5
113-25-9451,2023-10-09 06:06:00,R,Craigie,M,70,White,Orthopedics,True,5.0,12,0,0.03999999999999998,0.5
730-54-8361,2024-01-01 13:00:00,R,O'Lennachain,M,59,White,Orthopedics,True,5.0,45,0,0.7,0.5
374-46-8007,2024-01-10 17:18:00,R,McLugish,M,11,White,Orthopedics,True,5.0,60,0,1.0,0.5
529-58-1742,2023-04-12 01:56:00,S,Sellman,M,26,White,Orthopedics,True,5.0,16,0,0.12,0.5
195-71-9241,2023-08-16 07:41:00,S,Parke,M,67,White,Orthopedics,True,5.0,17,0,0.14,0.5
303-87-6258,2023-10-31 17:38:00,S,Sandom,M,31,White,Orthopedics,True,5.0,36,0,0.52,0.5
627-11-7847,2024-09-22 09:36:00,T,Smithies,M,59,White,Orthopedics,True,5.0,13,0,0.06,0.5
654-49-3579,2024-02-23 23:38:00,T,Alessandrucci,M,15,White,Orthopedics,True,5.0,38,0,0.56,0.5
337-01-5340,2023-12-30 06:20:00,T,Dicken,M,45,White,Orthopedics,True,5.0,49,0,0.78,0.5
128-67-3156,2023-10-09 14:34:00,V,Kellington,M,77,White,Orthopedics,True,5.0,19,0,0.18,0.5
128-72-0119,2024-07-21 06:09:00,V,Irce,M,51,White,Orthopedics,True,5.0,27,0,0.34,0.5
303-93-1485,2023-10-19 16:57:00,V,Erdes,M,13,White,Orthopedics,True,5.0,28,0,0.36000000000000004,0.5
888-26-4566,2023-11-17 00:23:00,X,Jerzyk,M,37,White,Orthopedics,True,5.0,16,0,0.12,0.5
689-34-0657,2024-04-10 18:43:00,X,Furmonger,M,61,White,Orthopedics,True,5.0,21,0,0.21999999999999997,0.5
831-25-4717,2024-07-12 09:35:00,X,McGriffin,M,31,White,Orthopedics,True,5.0,58,0,0.96,0.5
899-65-7826,2023-06-11 23:39:00,Y,Allan,M,26,White,Orthopedics,True,5.0,42,0,0.6399999999999999,0.5
853-93-6417,2023-11-08 06:32:00,Y,O'Feeney,M,76,White,Orthopedics,True,5.0,49,0,0.78,0.5
297-74-6777,2024-06-30 14:19:00,Z,Bartolomeu,M,33,White,Orthopedics,True,5.0,21,0,0.21999999999999997,0.5
341-43-1062,2024-03-27 12:39:00,Z,Fishlock,M,11,White,Orthopedics,True,5.0,35,0,0.5,0.5
537-28-9473,2023-05-18 23:05:00,Z,Losel,M,33,White,Orthopedics,True,5.0,48,1,0.76,0.5
503-18-9280,2023-09-01 15:53:00,X,Brightman,M,35,White,Orthopedics,True,0.0,28,0,0.36000000000000004,0.0
866-67-5375,2024-10-20 15:20:00,Q,Duffield,M,27,White,Orthopedics,True,1.0,58,0,0.96,0.1
670-84-1971,2024-09-07 18:11:00,U,Goodsell,M,67,White,Orthopedics,True,1.0,16,0,0.12,0.1
231-43-5762,2024-03-22 23:43:00,X,Northam,M,74,White,Orthopedics,True,1.0,45,0,0.7,0.1
289-70-6054,2024-09-28 16:44:00,R,Edworthie,M,32,White,Orthopedics,True,2.0,22,0,0.24,0.2
624-82-0024,2024-05-18 01:08:00,R,Gensavage,M,52,White,Orthopedics,True,2.0,27,0,0.34,0.2
317-19-5775,2024-09-20 06:12:00,C,Fossett,M,39,White,Orthopedics,True,3.0,32,0,0.44,0.30000000000000004
279-67-2224,2024-10-18 00:08:00,H,Gainsboro,M,30,White,Orthopedics,True,4.0,14,0,0.08000000000000002,0.4
409-26-1045,2023-06-18 02:17:00,C,Gannicott,M,58,White,Orthopedics,True,5.0,46,0,0.72,0.5
538-56-3650,2024-01-27 04:21:00,R,Dobell,M,26,White,Orthopedics,True,6.0,57,0,0.9400000000000002,0.6000000000000001
405-65-1693,2023-08-03 01:05:00,A,Kobke,M,24,White,Orthopedics,True,7.0,59,0,0.98,0.7000000000000001
683-71-6277,2024-10-28 08:29:00,I,Batistelli,M,67,White,Orthopedics,True,7.0,43,0,0.6599999999999999,0.7000000000000001
662-30-2417,2023-10-26 06:50:00,L,O' Ronan,M,10,White,Orthopedics,True,7.0,49,0,0.78,0.7000000000000001
229-27-7861,2024-10-21 19:51:00,Q,Attwater,M,41,White,Orthopedics,True,7.0,10,0,0.0,0.7000000000000001
754-19-7780,2023-11-18 04:14:00,Q,Gregorio,M,1,White,Orthopedics,True,7.0,51,0,0.8200000000000001,0.7000000000000001
513-78-9014,2023-04-05 16:47:00,Y,Clapshaw,M,5,White,Orthopedics,True,7.0,56,0,0.9200000000000002,0.7000000000000001
613-64-3858,2024-03-20 13:16:00,I,Well,M,54,White,Orthopedics,True,8.0,21,0,0.21999999999999997,0.8
279-74-0305,2024-10-02 08:22:00,L,Rotte,M,2,White,Orthopedics,True,8.0,16,0,0.12,0.8
439-32-1631,2023-04-12 15:25:00,L,Quinton,M,16,White,Orthopedics,True,8.0,42,0,0.6399999999999999,0.8
879-36-5037,2023-06-09 06:14:00,E,Venable,M,65,White,Orthopedics,True,10.0,33,0,0.46,1.0
100-67-1276,2023-11-03 08:26:00,S,Hallbird,M,55,White,Orthopedics,True,10.0,11,0,0.01999999999999999,1.0
464-34-7283,2023-10-08 07:14:00,C,Bullocke,M,34,White,Physiotherapy,True,5.0,58,0,0.96,0.5
639-25-3650,2023-06-03 09:01:00,J,Feavearyear,M,74,White,Physiotherapy,True,5.0,45,0,0.7,0.5
199-16-2312,2024-10-17 14:30:00,L,Dohmer,M,51,White,Physiotherapy,True,5.0,18,0,0.15999999999999998,0.5
389-78-9698,2023-06-24 13:44:00,L,Lambkin,M,11,White,Physiotherapy,True,5.0,42,0,0.6399999999999999,0.5
226-44-1067,2024-04-11 23:03:00,L,Antoniutti,M,15,White,Physiotherapy,True,5.0,49,0,0.78,0.5
208-73-8872,2024-02-26 04:42:00,L,Gerran,M,60,White,Physiotherapy,True,5.0,59,0,0.98,0.5
234-45-3966,2024-01-10 12:09:00,M,Treweek,M,14,White,Physiotherapy,True,5.0,16,0,0.12,0.5
418-18-9350,2024-05-22 21:20:00,R,Whitehorne,M,38,White,Physiotherapy,True,5.0,15,0,0.09999999999999998,0.5
385-87-1090,2024-01-03 23:33:00,R,Reuben,M,44,White,Physiotherapy,True,5.0,48,0,0.76,0.5
289-59-5485,2024-09-30 01:45:00,S,Dominelli,M,14,White,Physiotherapy,True,5.0,30,0,0.39999999999999997,0.5
244-01-5218,2024-05-10 06:13:00,T,Southwick,M,15,White,Physiotherapy,True,5.0,60,0,1.0,0.5
437-12-1504,2023-09-08 11:24:00,V,Ceillier,M,16,White,Physiotherapy,True,5.0,56,0,0.9200000000000002,0.5
281-80-0574,2024-09-02 00:01:00,Y,Pawelczyk,M,24,White,Physiotherapy,True,5.0,54,0,0.8800000000000001,0.5
167-31-9013,2023-09-18 10:51:00,R,Laxe,M,13,White,Physiotherapy,True,1.0,39,0,0.5800000000000001,0.1
259-09-5907,2023-05-02 21:01:00,U,Kimbrough,M,79,White,Physiotherapy,True,1.0,56,1,0.9200000000000002,0.1
404-07-5929,2023-11-30 17:06:00,J,Rawdall,M,37,White,Physiotherapy,True,2.0,49,0,0.78,0.2
365-99-9238,2024-02-14 23:02:00,N,Delbergue,M,42,White,Physiotherapy,True,4.0,39,0,0.5800000000000001,0.4
135-96-4722,2024-01-08 18:29:00,V,Ganderton,M,78,White,Physiotherapy,True,4.0,49,0,0.78,0.4
382-23-4466,2024-07-25 13:08:00,A,Longridge,M,21,White,Physiotherapy,True,5.0,22,0,0.24,0.5
815-34-1721,2024-01-28 11:40:00,B,Balwin,M,54,White,Physiotherapy,True,6.0,23,0,0.26,0.6000000000000001
496-40-2289,2024-07-28 18:05:00,Y,Peiser,M,8,White,Physiotherapy,True,6.0,27,0,0.34,0.6000000000000001
448-60-8500,2024-09-25 15:23:00,O,Josofovitz,M,52,White,Physiotherapy,True,7.0,35,0,0.5,0.7000000000000001
534-84-2695,2024-07-27 04:12:00,T,Edinborough,M,54,White,Physiotherapy,True,7.0,34,0,0.48000000000000004,0.7000000000000001
743-65-5099,2024-02-18 11:35:00,M,Peschmann,M,30,White,Physiotherapy,True,8.0,58,0,0.96,0.8
258-20-1592,2023-04-28 17:59:00,M,de Bullion,M,2,White,Physiotherapy,True,10.0,56,0,0.9200000000000002,1.0
636-68-1107,2024-03-27 01:01:00,I,Dannell,M,11,White,Renal,True,5.0,49,0,0.78,0.5
772-16-7370,2024-07-16 13:44:00,P,Minette,M,72,White,Renal,True,5.0,40,0,0.6000000000000001,0.5
406-35-8082,2023-08-22 14:53:00,U,Caze,M,4,White,Renal,True,4.0,44,0,0.6799999999999999,0.4
313-21-4953,2024-08-28 17:38:00,J,Spradbrow,NC,42,Asian,General Practice,True,5.0,43,0,0.6599999999999999,0.5
708-91-2439,2024-05-14 23:43:00,S,Renals,NC,73,Declined to Identify,General Practice,True,1.0,38,0,0.56,0.1
249-47-9666,2024-03-01 08:50:00,Y,Greep,NC,35,White,General Practice,True,5.0,39,0,0.5800000000000001,0.5
